alternative_id,dataset_id,g1,g2,g3,g4,class_label,class_index
a1,mcs_era,0.5,0.071429,0.0,0.285714,Cl1,1
a2,mcs_era,0.357143,0.214286,0.923077,0.642857,Cl1,1
a3,mcs_era,0.928571,0.714286,0.076923,0.785714,Cl3,3
a4,mcs_era,0.714286,1.0,0.769231,0.071429,Cl3,3
a5,mcs_era,1.0,0.214286,0.769231,0.714286,Cl2,2
a6,mcs_era,0.714286,0.928571,0.461538,0.714286,Cl3,3
a7,mcs_era,0.785714,0.214286,0.230769,0.5,Cl1,1
a8,mcs_era,0.785714,0.857143,0.153846,1.0,Cl3,3
a9,mcs_era,0.071429,0.785714,0.384615,1.0,Cl2,2
a10,mcs_era,1.0,0.142857,0.692308,0.5,Cl2,2
a11,mcs_era,0.571429,0.714286,0.307692,0.071429,Cl2,2
a12,mcs_era,0.785714,0.214286,0.384615,0.928571,Cl2,2
a13,mcs_era,0.928571,0.571429,1.0,0.428571,Cl3,3
a14,mcs_era,0.0,0.642857,0.769231,0.928571,Cl2,2
a15,mcs_era,0.714286,0.642857,0.538462,0.785714,Cl3,3
a16,mcs_era,0.5,0.285714,0.615385,0.5,Cl1,1
a17,mcs_era,0.642857,0.142857,0.384615,0.785714,Cl1,1
a18,mcs_era,0.142857,0.214286,0.692308,0.142857,Cl1,1
a19,mcs_era,0.0,0.142857,0.692308,0.642857,Cl1,1
a20,mcs_era,0.928571,0.571429,0.769231,0.0,Cl3,3
a21,mcs_era,0.071429,1.0,0.153846,0.142857,Cl2,2
a22,mcs_era,0.714286,0.5,0.076923,0.642857,Cl2,2
a23,mcs_era,0.071429,0.714286,0.230769,0.428571,Cl1,1
a24,mcs_era,0.785714,0.571429,0.538462,0.642857,Cl3,3
a25,mcs_era,0.071429,0.857143,0.307692,0.142857,Cl2,2
a26,mcs_era,0.357143,0.285714,0.076923,0.0,Cl1,1
a27,mcs_era,0.0,0.857143,0.615385,0.428571,Cl2,2
a28,mcs_era,0.785714,0.714286,0.384615,0.571429,Cl3,3
a29,mcs_era,1.0,0.785714,0.307692,0.142857,Cl3,3
a30,mcs_era,0.571429,0.857143,0.384615,0.357143,Cl3,3
a31,mcs_era,0.857143,1.0,0.384615,0.357143,Cl3,3
a32,mcs_era,0.642857,0.642857,0.692308,0.5,Cl3,3
a33,mcs_era,0.571429,0.428571,0.615385,0.142857,Cl2,2
a34,mcs_era,0.857143,0.142857,0.384615,0.928571,Cl2,2
a35,mcs_era,0.928571,0.285714,0.461538,0.142857,Cl2,2
a36,mcs_era,0.642857,0.857143,0.461538,0.428571,Cl3,3
a37,mcs_era,0.071429,0.071429,0.384615,0.071429,Cl1,1
a38,mcs_era,0.357143,0.214286,0.230769,0.142857,Cl1,1
a39,mcs_era,0.214286,0.928571,0.153846,0.928571,Cl2,2
a40,mcs_era,0.5,0.357143,0.461538,0.285714,Cl1,1
a41,mcs_era,0.0,0.857143,0.923077,0.785714,Cl2,2
a42,mcs_era,0.642857,0.285714,1.0,0.428571,Cl2,2
a43,mcs_era,1.0,0.5,0.538462,0.642857,Cl3,3
a44,mcs_era,0.785714,0.571429,0.538462,0.714286,Cl3,3
a45,mcs_era,0.357143,0.928571,1.0,0.357143,Cl3,3
a46,mcs_era,0.357143,0.357143,0.153846,0.0,Cl1,1
a47,mcs_era,0.0,0.642857,0.153846,0.071429,Cl1,1
a48,mcs_era,0.357143,0.0,0.461538,0.5,Cl1,1
a49,mcs_era,0.071429,0.5,0.615385,0.142857,Cl1,1
a50,mcs_era,0.571429,0.928571,0.769231,0.285714,Cl3,3
a51,mcs_era,0.214286,0.785714,0.615385,0.071429,Cl2,2
a52,mcs_era,0.357143,0.0,0.923077,0.571429,Cl1,1
a53,mcs_era,0.642857,0.357143,0.307692,1.0,Cl2,2
a54,mcs_era,0.571429,0.214286,0.384615,0.785714,Cl1,1
a55,mcs_era,0.928571,0.357143,0.692308,0.428571,Cl2,2
a56,mcs_era,0.785714,0.928571,0.769231,1.0,Cl3,3
a57,mcs_era,0.785714,0.214286,0.923077,0.285714,Cl2,2
a58,mcs_era,0.714286,0.357143,0.769231,0.285714,Cl2,2
a59,mcs_era,0.714286,0.714286,0.615385,0.5,Cl3,3
a60,mcs_era,0.0,0.214286,0.538462,0.642857,Cl1,1
a61,mcs_era,0.071429,0.857143,0.0,0.785714,Cl2,2
a62,mcs_era,0.071429,0.642857,0.769231,0.714286,Cl2,2
a63,mcs_era,0.714286,0.0,0.153846,0.642857,Cl1,1
a64,mcs_era,0.0,0.5,1.0,0.928571,Cl2,2
a65,mcs_era,0.857143,0.785714,0.384615,0.428571,Cl3,3
a66,mcs_era,0.071429,0.071429,0.461538,0.285714,Cl1,1
a67,mcs_era,0.928571,0.0,1.0,0.0,Cl1,1
a68,mcs_era,0.857143,0.142857,0.769231,0.285714,Cl2,2
a69,mcs_era,0.928571,1.0,0.692308,0.285714,Cl3,3
a70,mcs_era,0.0,0.857143,0.538462,0.714286,Cl2,2
a71,mcs_era,0.785714,0.857143,0.615385,0.428571,Cl3,3
a72,mcs_era,0.5,0.142857,0.461538,0.857143,Cl1,1
a73,mcs_era,0.214286,0.5,0.153846,0.357143,Cl1,1
a74,mcs_era,0.5,0.5,0.769231,0.357143,Cl2,2
a75,mcs_era,0.214286,0.0,0.384615,0.785714,Cl1,1
a76,mcs_era,0.071429,0.071429,0.307692,0.0,Cl1,1
a77,mcs_era,0.857143,0.928571,0.692308,0.142857,Cl3,3
a78,mcs_era,0.071429,0.214286,0.615385,0.142857,Cl1,1
a79,mcs_era,0.357143,0.071429,0.538462,0.0,Cl1,1
a80,mcs_era,0.928571,0.214286,0.461538,0.928571,Cl2,2
a81,mcs_era,0.071429,0.857143,0.615385,0.857143,Cl2,2
a82,mcs_era,0.142857,0.5,0.153846,0.0,Cl1,1
a83,mcs_era,0.0,0.642857,0.461538,1.0,Cl1,1
a84,mcs_era,0.5,0.571429,0.076923,0.142857,Cl1,1
a85,mcs_era,0.071429,0.571429,1.0,0.428571,Cl2,2
a86,mcs_era,0.214286,0.5,0.769231,0.928571,Cl2,2
a87,mcs_era,0.785714,0.714286,0.0,0.428571,Cl2,2
a88,mcs_era,0.714286,0.928571,1.0,0.857143,Cl3,3
a89,mcs_era,0.357143,0.642857,0.076923,0.785714,Cl2,2
a90,mcs_era,0.214286,0.0,0.923077,0.428571,Cl1,1
a91,mcs_era,1.0,0.357143,0.384615,0.5,Cl2,2
a92,mcs_era,0.5,0.5,0.692308,0.785714,Cl2,2
a93,mcs_era,0.928571,0.5,0.384615,0.857143,Cl3,3
a94,mcs_era,1.0,0.714286,0.384615,0.714286,Cl3,3
a95,mcs_era,0.857143,0.857143,0.538462,0.785714,Cl3,3
a96,mcs_era,0.928571,0.0,0.0,0.357143,Cl1,1
a97,mcs_era,0.357143,0.214286,0.923077,0.928571,Cl1,1
a98,mcs_era,0.071429,0.214286,0.461538,0.785714,Cl1,1
a99,mcs_era,0.142857,0.857143,0.923077,0.714286,Cl2,2
a100,mcs_era,0.5,0.5,0.461538,0.5,Cl2,2
a101,mcs_era,0.714286,1.0,0.692308,0.928571,Cl3,3
a102,mcs_era,1.0,0.142857,0.384615,0.285714,Cl1,1
a103,mcs_era,0.571429,0.428571,0.076923,0.142857,Cl1,1
a104,mcs_era,0.0,0.214286,0.0,0.785714,Cl1,1
a105,mcs_era,0.642857,0.785714,0.461538,1.0,Cl3,3
a106,mcs_era,0.571429,0.071429,0.615385,0.285714,Cl1,1
a107,mcs_era,0.714286,0.214286,0.692308,0.285714,Cl1,1
a108,mcs_era,0.642857,0.928571,0.461538,0.642857,Cl3,3
a109,mcs_era,0.357143,0.428571,0.0,0.857143,Cl1,1
a110,mcs_era,0.357143,0.642857,0.538462,0.714286,Cl2,2
a111,mcs_era,0.642857,0.571429,0.538462,0.357143,Cl2,2
a112,mcs_era,0.928571,0.071429,0.615385,0.5,Cl1,1
a113,mcs_era,0.142857,0.142857,0.923077,0.285714,Cl1,1
a114,mcs_era,0.642857,0.285714,0.923077,0.785714,Cl2,2
a115,mcs_era,0.5,0.714286,0.307692,0.5,Cl2,2
a116,mcs_era,1.0,1.0,0.307692,1.0,Cl3,3
a117,mcs_era,0.357143,0.714286,0.153846,0.285714,Cl2,2
a118,mcs_era,0.214286,0.571429,0.153846,0.357143,Cl1,1
a119,mcs_era,0.785714,0.214286,0.384615,0.0,Cl1,1
a120,mcs_era,0.857143,0.428571,0.538462,0.285714,Cl2,2
a121,mcs_era,0.0,0.857143,0.692308,0.714286,Cl2,2
a122,mcs_era,0.714286,0.642857,0.923077,0.714286,Cl3,3
a123,mcs_era,0.857143,0.642857,0.307692,0.714286,Cl3,3
a124,mcs_era,0.571429,0.214286,0.923077,0.5,Cl1,1
a125,mcs_era,0.214286,0.428571,0.615385,0.857143,Cl1,1
a126,mcs_era,0.785714,0.285714,0.923077,0.571429,Cl2,2
a127,mcs_era,0.785714,0.428571,0.769231,0.571429,Cl2,2
a128,mcs_era,1.0,0.5,0.076923,0.714286,Cl2,2
a129,mcs_era,1.0,0.285714,0.076923,0.285714,Cl2,2
a130,mcs_era,0.928571,0.142857,0.923077,0.785714,Cl2,2
a131,mcs_era,0.571429,0.428571,0.769231,0.071429,Cl2,2
a132,mcs_era,0.5,0.642857,0.0,0.857143,Cl2,2
a133,mcs_era,0.928571,0.928571,0.384615,0.928571,Cl3,3
a134,mcs_era,0.928571,0.642857,0.923077,0.714286,Cl3,3
a135,mcs_era,0.214286,0.214286,0.076923,0.857143,Cl1,1
a136,mcs_era,0.642857,0.428571,0.153846,0.5,Cl2,2
a137,mcs_era,0.571429,0.357143,0.615385,1.0,Cl2,2
a138,mcs_era,0.214286,0.071429,0.307692,0.071429,Cl1,1
a139,mcs_era,0.142857,0.785714,0.769231,1.0,Cl2,2
a140,mcs_era,0.142857,0.785714,0.076923,0.357143,Cl1,1
a141,mcs_era,0.142857,0.428571,0.615385,0.928571,Cl1,1
a142,mcs_era,0.642857,0.428571,0.923077,0.285714,Cl2,2
a143,mcs_era,0.571429,0.857143,0.0,0.642857,Cl2,2
a144,mcs_era,0.0,0.0,0.769231,0.142857,Cl1,1
a145,mcs_era,0.714286,0.142857,0.538462,0.714286,Cl1,1
a146,mcs_era,0.357143,0.857143,0.692308,0.285714,Cl2,2
a147,mcs_era,0.071429,0.785714,0.384615,0.142857,Cl1,1
a148,mcs_era,0.071429,0.142857,0.692308,1.0,Cl1,1
a149,mcs_era,0.714286,0.785714,0.230769,0.714286,Cl3,3
a150,mcs_era,0.642857,0.0,0.076923,0.714286,Cl1,1
a151,mcs_era,1.0,0.928571,0.307692,0.928571,Cl3,3
a152,mcs_era,0.214286,0.785714,0.153846,0.857143,Cl2,2
a153,mcs_era,0.214286,0.142857,0.461538,0.0,Cl1,1
a154,mcs_era,0.857143,0.214286,0.307692,0.5,Cl1,1
a155,mcs_era,0.5,0.857143,0.230769,0.0,Cl2,2
a156,mcs_era,0.071429,0.142857,1.0,1.0,Cl1,1
a157,mcs_era,0.142857,0.214286,0.538462,0.642857,Cl1,1
a158,mcs_era,1.0,0.928571,0.230769,0.285714,Cl3,3
a159,mcs_era,0.928571,0.142857,0.692308,0.428571,Cl2,2
a160,mcs_era,0.785714,0.571429,0.0,0.642857,Cl2,2
a161,mcs_era,1.0,0.071429,0.384615,0.5,Cl1,1
a162,mcs_era,0.357143,0.571429,0.230769,0.642857,Cl2,2
a163,mcs_era,0.857143,0.0,0.153846,0.928571,Cl1,1
a164,mcs_era,0.714286,0.857143,0.076923,0.642857,Cl3,3
a165,mcs_era,0.785714,0.428571,0.384615,0.642857,Cl2,2
a166,mcs_era,1.0,0.642857,0.0,0.357143,Cl2,2
a167,mcs_era,0.857143,0.571429,0.230769,0.714286,Cl2,2
a168,mcs_era,0.0,0.214286,0.384615,0.0,Cl1,1
a169,mcs_era,0.357143,0.0,0.153846,0.928571,Cl1,1
a170,mcs_era,1.0,0.928571,0.769231,1.0,Cl3,3
a171,mcs_era,0.357143,0.928571,0.538462,0.0,Cl2,2
a172,mcs_era,0.5,0.071429,0.076923,0.142857,Cl1,1
a173,mcs_era,0.714286,0.071429,0.384615,0.285714,Cl1,1
a174,mcs_era,0.714286,0.928571,0.076923,0.571429,Cl3,3
a175,mcs_era,0.214286,0.571429,0.769231,0.357143,Cl2,2
a176,mcs_era,0.571429,0.714286,0.307692,0.857143,Cl2,2
a177,mcs_era,0.214286,0.0,0.615385,1.0,Cl1,1
a178,mcs_era,0.071429,0.785714,0.538462,0.714286,Cl2,2
a179,mcs_era,0.714286,0.285714,0.230769,0.928571,Cl2,2
a180,mcs_era,0.071429,0.357143,0.153846,0.0,Cl1,1
a181,mcs_era,0.857143,0.357143,1.0,0.0,Cl2,2
a182,mcs_era,0.928571,0.571429,0.692308,0.642857,Cl3,3
a183,mcs_era,0.214286,0.214286,0.615385,0.071429,Cl1,1
a184,mcs_era,0.357143,0.142857,0.538462,0.285714,Cl1,1
a185,mcs_era,0.642857,0.214286,0.153846,1.0,Cl1,1
a186,mcs_era,0.714286,0.285714,0.230769,0.5,Cl1,1
a187,mcs_era,0.857143,0.357143,0.230769,0.428571,Cl2,2
a188,mcs_era,0.5,0.285714,1.0,0.142857,Cl1,1
a189,mcs_era,0.214286,0.214286,0.153846,0.857143,Cl1,1
a190,mcs_era,0.5,0.071429,0.384615,0.857143,Cl1,1
a191,mcs_era,0.357143,0.928571,0.923077,0.571429,Cl3,3
a192,mcs_era,0.571429,0.214286,0.615385,0.428571,Cl1,1
a193,mcs_era,0.357143,0.5,0.538462,0.142857,Cl1,1
a194,mcs_era,0.714286,0.214286,0.692308,0.071429,Cl1,1
a195,mcs_era,0.357143,0.571429,0.692308,0.142857,Cl2,2
a196,mcs_era,0.785714,0.571429,0.923077,1.0,Cl3,3
a197,mcs_era,1.0,0.642857,0.307692,0.928571,Cl3,3
a198,mcs_era,0.785714,0.071429,0.307692,0.071429,Cl1,1
a199,mcs_era,0.357143,0.142857,0.076923,0.357143,Cl1,1
a200,mcs_era,0.714286,1.0,0.076923,0.0,Cl3,3
a201,mcs_era,0.0,0.785714,0.538462,0.5,Cl2,2
a202,mcs_era,0.357143,0.214286,0.461538,0.571429,Cl1,1
a203,mcs_era,0.357143,0.642857,0.923077,0.714286,Cl2,2
a204,mcs_era,0.785714,0.071429,0.615385,0.0,Cl1,1
a205,mcs_era,0.714286,0.142857,0.461538,0.5,Cl1,1
a206,mcs_era,1.0,0.571429,0.923077,0.285714,Cl3,3
a207,mcs_era,0.928571,0.357143,0.153846,0.428571,Cl2,2
a208,mcs_era,0.642857,0.857143,0.769231,0.357143,Cl3,3
a209,mcs_era,0.142857,0.857143,1.0,0.571429,Cl2,2
a210,mcs_era,0.571429,1.0,1.0,0.571429,Cl3,3
a211,mcs_era,1.0,0.214286,0.461538,0.714286,Cl2,2
a212,mcs_era,0.142857,0.428571,0.384615,0.071429,Cl1,1
a213,mcs_era,0.214286,1.0,1.0,0.142857,Cl3,3
a214,mcs_era,0.142857,0.357143,0.076923,0.714286,Cl1,1
a215,mcs_era,0.214286,0.5,0.615385,0.857143,Cl2,2
a216,mcs_era,0.642857,1.0,0.461538,1.0,Cl3,3
a217,mcs_era,0.214286,0.428571,0.538462,0.5,Cl1,1
a218,mcs_era,0.928571,0.214286,0.153846,0.357143,Cl1,1
a219,mcs_era,0.714286,0.071429,0.0,0.928571,Cl1,1
a220,mcs_era,0.071429,0.357143,0.923077,0.285714,Cl1,1
a221,mcs_era,0.357143,0.928571,0.230769,0.428571,Cl2,2
a222,mcs_era,0.071429,0.0,0.307692,0.428571,Cl1,1
a223,mcs_era,0.071429,0.214286,0.230769,0.428571,Cl1,1
a224,mcs_era,0.357143,0.142857,0.923077,0.0,Cl1,1
a225,mcs_era,0.571429,0.0,0.923077,0.071429,Cl1,1
a226,mcs_era,0.571429,0.214286,0.076923,0.857143,Cl1,1
a227,mcs_era,0.642857,0.857143,0.153846,0.571429,Cl3,3
a228,mcs_era,0.214286,0.571429,0.230769,0.0,Cl1,1
a229,mcs_era,0.928571,0.857143,0.538462,0.571429,Cl3,3
a230,mcs_era,0.642857,0.285714,0.769231,0.571429,Cl2,2
a231,mcs_era,0.642857,0.928571,0.923077,0.642857,Cl3,3
a232,mcs_era,0.571429,0.642857,0.615385,0.428571,Cl2,2
a233,mcs_era,1.0,0.357143,0.923077,0.857143,Cl3,3
a234,mcs_era,0.928571,0.571429,0.230769,0.285714,Cl2,2
a235,mcs_era,0.714286,0.5,0.384615,0.142857,Cl2,2
a236,mcs_era,0.571429,0.285714,0.692308,0.285714,Cl1,1
a237,mcs_era,0.571429,0.142857,0.538462,0.928571,Cl1,1
a238,mcs_era,0.571429,0.928571,0.307692,0.785714,Cl3,3
a239,mcs_era,0.0,0.071429,0.615385,0.571429,Cl1,1
a240,mcs_era,0.071429,0.857143,0.307692,0.928571,Cl2,2
a241,mcs_era,0.071429,1.0,0.769231,0.5,Cl2,2
a242,mcs_era,0.142857,0.071429,0.461538,0.428571,Cl1,1
a243,mcs_era,0.071429,0.785714,0.615385,0.142857,Cl2,2
a244,mcs_era,0.214286,0.214286,0.538462,0.142857,Cl1,1
a245,mcs_era,0.642857,0.928571,0.615385,0.285714,Cl3,3
a246,mcs_era,0.785714,0.285714,0.615385,0.642857,Cl2,2
a247,mcs_era,0.928571,1.0,0.538462,0.071429,Cl3,3
a248,mcs_era,0.214286,0.571429,0.307692,0.285714,Cl1,1
a249,mcs_era,0.142857,0.0,0.307692,1.0,Cl1,1
a250,mcs_era,0.357143,0.071429,0.153846,0.0,Cl1,1
a251,mcs_era,0.357143,0.142857,0.692308,0.5,Cl1,1
a252,mcs_era,1.0,0.285714,0.769231,0.857143,Cl2,2
a253,mcs_era,0.214286,0.357143,0.307692,0.785714,Cl1,1
a254,mcs_era,0.071429,0.785714,0.153846,0.928571,Cl2,2
a255,mcs_era,0.142857,0.142857,0.461538,0.714286,Cl1,1
a256,mcs_era,0.642857,0.857143,0.153846,0.642857,Cl3,3
a257,mcs_era,0.5,0.714286,0.461538,0.642857,Cl2,2
a258,mcs_era,1.0,0.571429,0.230769,0.857143,Cl3,3
a259,mcs_era,0.214286,0.714286,0.461538,0.928571,Cl2,2
a260,mcs_era,0.5,0.428571,0.769231,0.285714,Cl2,2
a261,mcs_era,0.785714,0.357143,0.615385,0.571429,Cl2,2
a262,mcs_era,1.0,0.785714,0.076923,0.0,Cl3,3
a263,mcs_era,0.357143,0.785714,0.307692,0.5,Cl2,2
a264,mcs_era,0.642857,0.714286,0.769231,0.5,Cl3,3
a265,mcs_era,0.928571,0.214286,1.0,0.928571,Cl2,2
a266,mcs_era,0.928571,0.785714,0.307692,0.857143,Cl3,3
a267,mcs_era,0.571429,0.428571,0.692308,0.642857,Cl2,2
a268,mcs_era,0.071429,0.071429,0.384615,0.642857,Cl1,1
a269,mcs_era,0.5,0.785714,0.538462,0.142857,Cl2,2
a270,mcs_era,0.642857,1.0,0.923077,0.071429,Cl3,3
a271,mcs_era,0.928571,0.5,0.307692,0.928571,Cl3,3
a272,mcs_era,0.0,0.142857,0.153846,0.357143,Cl1,1
a273,mcs_era,0.928571,0.357143,0.923077,0.071429,Cl2,2
a274,mcs_era,1.0,0.857143,0.461538,0.642857,Cl3,3
a275,mcs_era,0.357143,0.428571,0.615385,0.071429,Cl1,1
a276,mcs_era,0.071429,0.642857,1.0,0.785714,Cl2,2
a277,mcs_era,0.5,0.071429,1.0,0.071429,Cl1,1
a278,mcs_era,0.071429,0.714286,0.384615,0.928571,Cl2,2
a279,mcs_era,0.642857,0.857143,0.461538,0.571429,Cl3,3
a280,mcs_era,0.857143,0.928571,1.0,0.142857,Cl3,3
a281,mcs_era,0.071429,0.142857,0.615385,0.357143,Cl1,1
a282,mcs_era,1.0,0.214286,0.230769,0.142857,Cl1,1
a283,mcs_era,0.642857,0.571429,0.230769,0.571429,Cl2,2
a284,mcs_era,0.214286,0.571429,0.307692,0.428571,Cl1,1
a285,mcs_era,0.357143,0.142857,0.769231,1.0,Cl1,1
a286,mcs_era,0.5,0.285714,0.307692,0.0,Cl1,1
a287,mcs_era,0.0,0.071429,0.153846,0.142857,Cl1,1
a288,mcs_era,0.357143,0.428571,0.615385,0.071429,Cl1,1
a289,mcs_era,0.714286,0.642857,0.461538,0.071429,Cl2,2
a290,mcs_era,0.071429,1.0,0.538462,0.714286,Cl2,2
a291,mcs_era,0.0,0.785714,0.538462,0.0,Cl1,1
a292,mcs_era,0.071429,0.642857,0.615385,0.0,Cl1,1
a293,mcs_era,0.142857,0.5,0.076923,0.714286,Cl1,1
a294,mcs_era,0.0,0.714286,0.0,0.428571,Cl1,1
a295,mcs_era,0.785714,0.214286,0.615385,0.428571,Cl2,2
a296,mcs_era,0.857143,0.142857,0.384615,0.714286,Cl1,1
a297,mcs_era,0.571429,0.785714,0.615385,1.0,Cl3,3
a298,mcs_era,1.0,0.357143,0.461538,0.428571,Cl2,2
a299,mcs_era,0.714286,1.0,0.230769,0.714286,Cl3,3
a300,mcs_era,0.071429,0.285714,0.230769,0.0,Cl1,1
a301,mcs_era,0.214286,0.5,0.307692,0.928571,Cl1,1
a302,mcs_era,0.714286,0.357143,0.923077,0.857143,Cl2,2
a303,mcs_era,0.714286,0.714286,0.153846,0.857143,Cl3,3
a304,mcs_era,0.214286,0.0,0.615385,0.785714,Cl1,1
a305,mcs_era,0.071429,0.142857,0.461538,0.642857,Cl1,1
a306,mcs_era,0.071429,0.571429,0.461538,0.071429,Cl1,1
a307,mcs_era,0.071429,0.142857,0.769231,0.714286,Cl1,1
a308,mcs_era,0.214286,0.071429,0.384615,0.428571,Cl1,1
a309,mcs_era,0.5,0.285714,0.230769,1.0,Cl1,1
a310,mcs_era,0.785714,0.0,0.307692,0.285714,Cl1,1
a311,mcs_era,0.571429,0.928571,0.0,0.642857,Cl3,3
a312,mcs_era,0.071429,0.428571,0.923077,0.142857,Cl1,1
a313,mcs_era,0.642857,0.428571,0.153846,0.642857,Cl2,2
a314,mcs_era,0.928571,0.0,0.0,0.785714,Cl1,1
a315,mcs_era,0.142857,0.285714,0.769231,0.0,Cl1,1
a316,mcs_era,0.214286,0.357143,0.384615,1.0,Cl1,1
a317,mcs_era,1.0,0.428571,0.923077,0.0,Cl3,3
a318,mcs_era,0.785714,0.0,0.307692,0.5,Cl1,1
a319,mcs_era,1.0,1.0,0.538462,0.0,Cl3,3
a320,mcs_era,0.357143,0.0,0.076923,0.071429,Cl1,1
a321,mcs_era,0.0,0.214286,0.307692,0.285714,Cl1,1
a322,mcs_era,0.571429,1.0,0.769231,0.5,Cl3,3
a323,mcs_era,0.928571,0.142857,0.769231,0.642857,Cl2,2
a324,mcs_era,1.0,0.0,0.923077,0.571429,Cl2,2
a325,mcs_era,0.857143,0.642857,0.615385,0.857143,Cl3,3
a326,mcs_era,0.5,0.857143,0.615385,0.5,Cl3,3
a327,mcs_era,0.214286,0.642857,0.461538,1.0,Cl2,2
a328,mcs_era,0.928571,0.142857,0.692308,0.928571,Cl2,2
a329,mcs_era,0.071429,0.642857,0.769231,0.285714,Cl1,1
a330,mcs_era,0.0,1.0,0.692308,1.0,Cl3,3
a331,mcs_era,0.785714,0.5,0.615385,0.0,Cl2,2
a332,mcs_era,0.571429,0.428571,0.461538,0.5,Cl2,2
a333,mcs_era,1.0,0.285714,0.230769,0.571429,Cl2,2
a334,mcs_era,0.928571,0.928571,0.538462,0.357143,Cl3,3
a335,mcs_era,0.928571,0.5,0.461538,0.142857,Cl2,2
a336,mcs_era,0.142857,0.0,0.076923,0.071429,Cl1,1
a337,mcs_era,0.357143,0.571429,0.076923,0.142857,Cl1,1
a338,mcs_era,0.071429,0.142857,0.384615,0.714286,Cl1,1
a339,mcs_era,0.214286,0.357143,0.923077,0.357143,Cl1,1
a340,mcs_era,0.857143,0.428571,0.230769,0.928571,Cl2,2
a341,mcs_era,0.785714,0.5,0.923077,0.285714,Cl2,2
a342,mcs_era,0.928571,0.214286,0.307692,0.428571,Cl2,2
a343,mcs_era,0.571429,0.357143,0.923077,1.0,Cl2,2
a344,mcs_era,0.571429,0.928571,0.769231,0.0,Cl3,3
a345,mcs_era,0.857143,0.214286,0.0,0.285714,Cl1,1
a346,mcs_era,0.928571,0.571429,0.307692,0.285714,Cl2,2
a347,mcs_era,1.0,0.785714,0.461538,0.857143,Cl3,3
a348,mcs_era,0.357143,0.285714,0.923077,0.928571,Cl2,2
a349,mcs_era,0.785714,0.857143,0.307692,0.071429,Cl3,3
a350,mcs_era,0.571429,0.785714,0.307692,0.285714,Cl2,2
a351,mcs_era,0.0,0.642857,0.153846,0.857143,Cl1,1
a352,mcs_era,0.785714,0.857143,0.307692,0.857143,Cl3,3
a353,mcs_era,0.642857,0.928571,0.0,0.0,Cl2,2
a354,mcs_era,0.571429,0.357143,0.076923,0.857143,Cl1,1
a355,mcs_era,0.571429,0.642857,0.769231,0.928571,Cl3,3
a356,mcs_era,0.142857,0.285714,0.923077,0.428571,Cl1,1
a357,mcs_era,0.571429,0.142857,0.076923,0.928571,Cl1,1
a358,mcs_era,0.071429,0.642857,0.076923,1.0,Cl1,1
a359,mcs_era,0.857143,0.357143,0.615385,0.714286,Cl2,2
a360,mcs_era,1.0,0.785714,0.076923,0.285714,Cl3,3
a361,mcs_era,0.785714,0.857143,1.0,0.357143,Cl3,3
a362,mcs_era,0.5,0.714286,0.384615,0.0,Cl2,2
a363,mcs_era,0.642857,0.714286,0.0,0.285714,Cl2,2
a364,mcs_era,0.642857,0.928571,0.0,0.642857,Cl3,3
a365,mcs_era,0.571429,0.785714,0.615385,0.142857,Cl2,2
a366,mcs_era,0.857143,0.214286,0.461538,0.428571,Cl2,2
a367,mcs_era,0.142857,0.785714,0.153846,1.0,Cl2,2
a368,mcs_era,0.142857,0.642857,1.0,0.5,Cl2,2
a369,mcs_era,0.142857,0.214286,0.384615,0.357143,Cl1,1
a370,mcs_era,0.142857,0.214286,0.076923,0.642857,Cl1,1
a371,mcs_era,0.357143,0.285714,0.461538,0.928571,Cl1,1
a372,mcs_era,1.0,0.142857,0.076923,0.357143,Cl1,1
a373,mcs_era,0.571429,0.285714,0.538462,0.857143,Cl2,2
a374,mcs_era,0.5,0.928571,0.692308,0.642857,Cl3,3
a375,mcs_era,0.928571,0.642857,0.692308,0.5,Cl3,3
a376,mcs_era,0.785714,0.285714,0.307692,0.5,Cl2,2
a377,mcs_era,0.0,0.5,0.076923,1.0,Cl1,1
a378,mcs_era,0.642857,0.5,0.230769,0.928571,Cl2,2
a379,mcs_era,0.214286,0.071429,0.615385,0.071429,Cl1,1
a380,mcs_era,0.642857,0.071429,0.538462,0.571429,Cl1,1
a381,mcs_era,0.071429,0.571429,0.230769,0.857143,Cl1,1
a382,mcs_era,0.0,0.571429,0.0,0.428571,Cl1,1
a383,mcs_era,0.214286,0.357143,0.153846,0.928571,Cl1,1
a384,mcs_era,0.214286,0.071429,0.230769,0.357143,Cl1,1
a385,mcs_era,0.785714,0.714286,0.538462,0.142857,Cl3,3
a386,mcs_era,0.571429,0.214286,0.615385,0.714286,Cl1,1
a387,mcs_era,0.857143,0.214286,1.0,0.714286,Cl2,2
a388,mcs_era,0.571429,0.285714,0.538462,0.0,Cl1,1
a389,mcs_era,0.142857,0.785714,0.538462,0.0,Cl2,2
a390,mcs_era,0.928571,0.571429,0.769231,0.714286,Cl3,3
a391,mcs_era,1.0,0.857143,1.0,0.285714,Cl3,3
a392,mcs_era,0.214286,0.0,0.461538,0.785714,Cl1,1
a393,mcs_era,0.785714,0.642857,0.153846,0.0,Cl2,2
a394,mcs_era,0.928571,0.5,0.615385,0.928571,Cl3,3
a395,mcs_era,1.0,0.214286,1.0,0.071429,Cl2,2
a396,mcs_era,1.0,0.571429,0.230769,0.357143,Cl2,2
a397,mcs_era,0.857143,0.5,0.307692,0.785714,Cl2,2
a398,mcs_era,0.142857,0.571429,0.076923,0.642857,Cl1,1
a399,mcs_era,1.0,0.571429,0.153846,0.857143,Cl3,3
a400,mcs_era,0.357143,1.0,0.0,0.642857,Cl2,2
a401,mcs_era,0.785714,0.142857,0.461538,0.0,Cl1,1
a402,mcs_era,0.071429,0.5,0.923077,0.428571,Cl1,1
a403,mcs_era,0.714286,0.071429,0.230769,0.071429,Cl1,1
a404,mcs_era,0.071429,0.928571,1.0,0.428571,Cl2,2
a405,mcs_era,0.714286,0.5,0.307692,0.5,Cl2,2
a406,mcs_era,1.0,0.428571,0.461538,0.5,Cl2,2
a407,mcs_era,0.714286,1.0,0.384615,0.928571,Cl3,3
a408,mcs_era,0.928571,0.5,0.153846,0.142857,Cl2,2
a409,mcs_era,0.0,0.357143,0.538462,1.0,Cl1,1
a410,mcs_era,0.5,0.0,0.230769,0.0,Cl1,1
a411,mcs_era,0.642857,0.071429,0.692308,1.0,Cl1,1
a412,mcs_era,0.714286,0.642857,0.230769,0.571429,Cl2,2
a413,mcs_era,0.928571,0.857143,0.923077,0.785714,Cl3,3
a414,mcs_era,0.928571,0.0,0.923077,0.428571,Cl2,2
a415,mcs_era,1.0,0.928571,0.769231,0.285714,Cl3,3
a416,mcs_era,0.857143,0.5,0.615385,0.428571,Cl2,2
a417,mcs_era,0.357143,1.0,0.615385,0.714286,Cl3,3
a418,mcs_era,0.714286,0.428571,0.0,0.928571,Cl2,2
a419,mcs_era,0.857143,0.357143,0.538462,0.857143,Cl2,2
a420,mcs_era,0.857143,0.785714,0.307692,0.357143,Cl3,3
a421,mcs_era,0.0,0.928571,0.615385,0.5,Cl2,2
a422,mcs_era,0.857143,1.0,0.076923,0.285714,Cl3,3
a423,mcs_era,0.142857,0.714286,0.923077,0.928571,Cl2,2
a424,mcs_era,0.0,0.5,0.230769,0.357143,Cl1,1
a425,mcs_era,1.0,0.642857,0.076923,0.571429,Cl3,3
a426,mcs_era,0.0,0.857143,0.153846,0.0,Cl1,1
a427,mcs_era,0.0,0.642857,0.307692,0.785714,Cl1,1
a428,mcs_era,0.357143,0.142857,0.384615,0.571429,Cl1,1
a429,mcs_era,0.0,0.071429,0.230769,0.785714,Cl1,1
a430,mcs_era,0.714286,0.642857,0.538462,0.928571,Cl3,3
a431,mcs_era,0.5,0.857143,0.153846,1.0,Cl3,3
a432,mcs_era,0.5,0.428571,0.692308,1.0,Cl2,2
a433,mcs_era,0.0,0.142857,0.461538,0.0,Cl1,1
a434,mcs_era,1.0,1.0,0.230769,0.357143,Cl3,3
a435,mcs_era,0.214286,0.714286,0.076923,0.428571,Cl1,1
a436,mcs_era,0.857143,0.714286,0.923077,1.0,Cl3,3
a437,mcs_era,0.357143,0.428571,0.538462,0.928571,Cl2,2
a438,mcs_era,0.857143,0.0,0.692308,0.571429,Cl1,1
a439,mcs_era,0.928571,0.214286,0.615385,0.357143,Cl2,2
a440,mcs_era,0.357143,0.285714,0.538462,0.071429,Cl1,1
a441,mcs_era,0.5,0.214286,0.076923,0.0,Cl1,1
a442,mcs_era,0.857143,0.928571,0.538462,0.428571,Cl3,3
a443,mcs_era,0.642857,0.785714,0.923077,0.5,Cl3,3
a444,mcs_era,0.357143,0.357143,1.0,0.785714,Cl2,2
a445,mcs_era,0.785714,0.785714,0.461538,0.5,Cl3,3
a446,mcs_era,0.357143,0.214286,0.230769,0.5,Cl1,1
a447,mcs_era,0.357143,0.428571,0.461538,0.714286,Cl1,1
a448,mcs_era,0.571429,0.428571,1.0,0.857143,Cl2,2
a449,mcs_era,0.714286,0.285714,0.538462,0.5,Cl2,2
a450,mcs_era,0.571429,0.071429,0.615385,0.785714,Cl1,1
a451,mcs_era,0.357143,0.0,0.230769,0.714286,Cl1,1
a452,mcs_era,0.357143,0.214286,0.307692,0.642857,Cl1,1
a453,mcs_era,0.142857,0.0,0.076923,0.285714,Cl1,1
a454,mcs_era,1.0,0.428571,0.769231,0.428571,Cl3,3
a455,mcs_era,0.0,0.714286,0.538462,0.857143,Cl2,2
a456,mcs_era,0.071429,0.928571,1.0,0.642857,Cl3,3
a457,mcs_era,0.928571,0.142857,0.923077,0.571429,Cl2,2
a458,mcs_era,0.928571,0.857143,0.307692,0.142857,Cl3,3
a459,mcs_era,0.571429,0.428571,0.384615,0.571429,Cl2,2
a460,mcs_era,0.928571,0.857143,0.692308,0.071429,Cl3,3
a461,mcs_era,0.071429,0.928571,0.615385,0.928571,Cl2,2
a462,mcs_era,0.857143,0.571429,0.307692,0.857143,Cl3,3
a463,mcs_era,0.857143,0.285714,0.153846,0.142857,Cl1,1
a464,mcs_era,0.0,0.0,0.538462,0.857143,Cl1,1
a465,mcs_era,0.571429,0.857143,0.615385,0.785714,Cl3,3
a466,mcs_era,0.928571,0.071429,0.230769,1.0,Cl1,1
a467,mcs_era,1.0,0.571429,0.0,0.5,Cl2,2
a468,mcs_era,0.642857,1.0,0.615385,1.0,Cl3,3
a469,mcs_era,0.357143,0.428571,0.615385,0.285714,Cl1,1
a470,mcs_era,0.357143,0.285714,0.769231,0.428571,Cl1,1
a471,mcs_era,0.642857,0.642857,0.461538,0.571429,Cl2,2
a472,mcs_era,0.785714,0.571429,0.384615,0.857143,Cl3,3
a473,mcs_era,0.214286,0.214286,0.384615,0.142857,Cl1,1
a474,mcs_era,0.785714,0.857143,1.0,0.357143,Cl3,3
a475,mcs_era,0.357143,0.642857,0.538462,0.642857,Cl2,2
a476,mcs_era,0.142857,0.428571,0.538462,0.785714,Cl1,1
a477,mcs_era,0.714286,0.785714,0.230769,0.714286,Cl3,3
a478,mcs_era,1.0,1.0,0.538462,0.357143,Cl3,3
a479,mcs_era,0.357143,0.785714,0.076923,0.142857,Cl2,2
a480,mcs_era,0.642857,0.428571,0.076923,0.285714,Cl1,1
a481,mcs_era,0.714286,0.285714,0.230769,0.571429,Cl1,1
a482,mcs_era,0.142857,0.071429,0.461538,0.642857,Cl1,1
a483,mcs_era,0.857143,0.214286,0.153846,0.571429,Cl1,1
a484,mcs_era,0.071429,0.714286,0.076923,0.714286,Cl1,1
a485,mcs_era,0.142857,0.571429,0.076923,0.428571,Cl1,1
a486,mcs_era,0.571429,0.785714,0.0,0.928571,Cl2,2
a487,mcs_era,0.857143,0.142857,0.230769,0.0,Cl1,1
a488,mcs_era,0.0,0.214286,0.0,0.714286,Cl1,1
a489,mcs_era,0.071429,0.285714,0.461538,0.857143,Cl1,1
a490,mcs_era,0.071429,0.0,0.076923,0.071429,Cl1,1
a491,mcs_era,0.928571,0.928571,0.615385,1.0,Cl3,3
a492,mcs_era,0.5,0.428571,0.923077,0.428571,Cl2,2
a493,mcs_era,0.0,0.642857,0.153846,0.0,Cl1,1
a494,mcs_era,0.785714,0.785714,0.692308,0.785714,Cl3,3
a495,mcs_era,0.928571,0.071429,0.153846,0.357143,Cl1,1
a496,mcs_era,0.714286,0.142857,0.615385,0.071429,Cl1,1
a497,mcs_era,0.642857,0.714286,0.923077,0.5,Cl3,3
a498,mcs_era,0.785714,0.5,0.538462,0.785714,Cl2,2
a499,mcs_era,0.571429,0.714286,0.461538,0.5,Cl2,2
a500,mcs_era,0.642857,0.571429,0.615385,0.357143,Cl2,2
a501,mcs_era,0.857143,0.642857,0.923077,0.571429,Cl3,3
a502,mcs_era,0.857143,0.428571,0.384615,0.428571,Cl2,2
a503,mcs_era,0.142857,0.571429,0.384615,0.142857,Cl1,1
a504,mcs_era,0.642857,0.214286,0.615385,0.071429,Cl1,1
a505,mcs_era,0.642857,0.285714,0.0,0.142857,Cl1,1
a506,mcs_era,0.214286,0.214286,0.307692,0.071429,Cl1,1
a507,mcs_era,0.071429,0.0,0.461538,0.642857,Cl1,1
a508,mcs_era,0.071429,0.071429,0.076923,0.928571,Cl1,1
a509,mcs_era,0.785714,0.428571,0.307692,0.571429,Cl2,2
a510,mcs_era,0.785714,0.0,0.076923,0.071429,Cl1,1
a511,mcs_era,0.714286,1.0,0.0,0.357143,Cl3,3
a512,mcs_era,0.928571,0.5,0.307692,0.142857,Cl2,2
a513,mcs_era,0.571429,0.285714,0.076923,0.357143,Cl1,1
a514,mcs_era,0.857143,0.857143,0.923077,0.428571,Cl3,3
a515,mcs_era,0.357143,0.928571,0.538462,0.0,Cl2,2
a516,mcs_era,0.857143,0.428571,0.384615,0.642857,Cl2,2
a517,mcs_era,1.0,0.357143,0.692308,0.642857,Cl2,2
a518,mcs_era,0.5,0.928571,0.461538,0.785714,Cl3,3
a519,mcs_era,0.071429,0.0,0.076923,1.0,Cl1,1
a520,mcs_era,0.142857,0.214286,1.0,0.285714,Cl1,1
a521,mcs_era,1.0,0.571429,0.307692,0.0,Cl2,2
a522,mcs_era,0.857143,0.785714,0.769231,0.357143,Cl3,3
a523,mcs_era,0.857143,0.285714,0.307692,0.5,Cl2,2
a524,mcs_era,0.785714,0.785714,0.0,0.642857,Cl3,3
a525,mcs_era,0.214286,0.0,1.0,0.714286,Cl1,1
a526,mcs_era,0.785714,0.642857,0.384615,0.928571,Cl3,3
a527,mcs_era,0.642857,0.357143,0.692308,0.642857,Cl2,2
a528,mcs_era,0.571429,0.357143,0.076923,0.714286,Cl1,1
a529,mcs_era,0.857143,0.071429,0.153846,1.0,Cl1,1
a530,mcs_era,0.571429,0.357143,0.769231,0.5,Cl2,2
a531,mcs_era,0.714286,0.214286,0.0,0.785714,Cl1,1
a532,mcs_era,0.357143,0.071429,1.0,0.857143,Cl1,1
a533,mcs_era,0.642857,1.0,0.307692,0.5,Cl3,3
a534,mcs_era,0.0,0.714286,0.230769,0.928571,Cl1,1
a535,mcs_era,0.5,0.142857,0.538462,0.928571,Cl1,1
a536,mcs_era,0.0,0.0,0.615385,0.571429,Cl1,1
a537,mcs_era,0.142857,0.642857,0.384615,0.928571,Cl2,2
a538,mcs_era,1.0,1.0,0.0,0.0,Cl3,3
a539,mcs_era,0.857143,0.142857,0.307692,0.428571,Cl1,1
a540,mcs_era,1.0,0.5,0.384615,0.5,Cl3,3
a541,mcs_era,0.142857,0.857143,0.923077,0.071429,Cl2,2
a542,mcs_era,0.357143,0.428571,0.769231,0.857143,Cl2,2
a543,mcs_era,0.785714,0.642857,0.692308,0.142857,Cl3,3
a544,mcs_era,0.857143,0.571429,0.076923,0.428571,Cl2,2
a545,mcs_era,0.142857,0.5,0.461538,0.285714,Cl1,1
a546,mcs_era,0.142857,0.571429,0.0,0.428571,Cl1,1
a547,mcs_era,0.5,0.571429,1.0,0.428571,Cl2,2
a548,mcs_era,0.214286,0.214286,0.307692,0.785714,Cl1,1
a549,mcs_era,0.571429,0.285714,0.692308,0.5,Cl1,1
a550,mcs_era,0.071429,0.571429,0.153846,1.0,Cl1,1
a551,mcs_era,0.785714,0.357143,0.384615,0.785714,Cl2,2
a552,mcs_era,0.714286,0.357143,0.615385,0.285714,Cl2,2
a553,mcs_era,0.071429,0.214286,0.461538,0.428571,Cl1,1
a554,mcs_era,0.642857,0.785714,1.0,0.928571,Cl3,3
a555,mcs_era,0.571429,0.0,0.461538,0.928571,Cl1,1
a556,mcs_era,0.642857,0.714286,0.307692,0.857143,Cl3,3
a557,mcs_era,0.857143,0.857143,0.615385,0.357143,Cl3,3
a558,mcs_era,0.357143,1.0,0.461538,0.571429,Cl3,3
a559,mcs_era,0.071429,0.357143,0.461538,0.428571,Cl1,1
a560,mcs_era,0.357143,0.142857,0.538462,0.642857,Cl1,1
a561,mcs_era,0.928571,0.857143,0.615385,0.714286,Cl3,3
a562,mcs_era,0.571429,0.928571,0.0,0.142857,Cl2,2
a563,mcs_era,0.071429,0.357143,0.923077,0.928571,Cl1,1
a564,mcs_era,0.714286,0.214286,0.538462,0.642857,Cl2,2
a565,mcs_era,0.928571,0.428571,0.923077,0.857143,Cl3,3
a566,mcs_era,0.357143,0.714286,1.0,0.928571,Cl3,3
a567,mcs_era,0.785714,0.714286,0.615385,0.642857,Cl3,3
a568,mcs_era,0.5,0.857143,0.538462,0.857143,Cl3,3
a569,mcs_era,0.857143,0.071429,0.923077,0.0,Cl1,1
a570,mcs_era,0.928571,1.0,0.153846,0.571429,Cl3,3
a571,mcs_era,0.642857,0.642857,0.615385,0.571429,Cl2,2
a572,mcs_era,0.571429,0.285714,0.461538,0.0,Cl1,1
a573,mcs_era,0.5,0.071429,0.692308,0.928571,Cl1,1
a574,mcs_era,0.142857,0.285714,0.230769,0.0,Cl1,1
a575,mcs_era,0.714286,0.642857,0.076923,0.285714,Cl2,2
a576,mcs_era,0.357143,0.357143,0.923077,0.285714,Cl1,1
a577,mcs_era,0.0,0.642857,0.538462,0.142857,Cl1,1
a578,mcs_era,0.142857,0.928571,0.307692,0.928571,Cl2,2
a579,mcs_era,0.5,0.785714,0.461538,0.428571,Cl2,2
a580,mcs_era,0.928571,0.714286,0.153846,0.928571,Cl3,3
a581,mcs_era,0.5,0.785714,0.615385,0.714286,Cl3,3
a582,mcs_era,0.142857,0.0,0.307692,0.642857,Cl1,1
a583,mcs_era,0.714286,0.857143,0.153846,0.428571,Cl3,3
a584,mcs_era,0.071429,0.785714,0.230769,0.357143,Cl1,1
a585,mcs_era,0.0,1.0,0.307692,0.142857,Cl2,2
a586,mcs_era,1.0,0.214286,0.692308,0.857143,Cl2,2
a587,mcs_era,0.142857,0.0,0.307692,0.928571,Cl1,1
a588,mcs_era,0.071429,0.285714,0.615385,0.571429,Cl1,1
a589,mcs_era,0.357143,0.428571,1.0,0.142857,Cl2,2
a590,mcs_era,0.642857,0.714286,0.0,0.142857,Cl2,2
a591,mcs_era,0.071429,0.214286,0.076923,0.714286,Cl1,1
a592,mcs_era,0.642857,0.357143,0.153846,0.5,Cl1,1
a593,mcs_era,0.5,0.357143,0.384615,0.285714,Cl1,1
a594,mcs_era,0.142857,0.214286,0.769231,0.571429,Cl1,1
a595,mcs_era,0.071429,0.0,0.538462,0.5,Cl1,1
a596,mcs_era,0.785714,0.857143,0.230769,0.5,Cl3,3
a597,mcs_era,0.642857,1.0,0.538462,0.714286,Cl3,3
a598,mcs_era,0.928571,0.142857,0.615385,0.0,Cl1,1
a599,mcs_era,0.714286,0.928571,1.0,0.428571,Cl3,3
a600,mcs_era,0.0,0.285714,0.692308,0.714286,Cl1,1
a601,mcs_era,0.5,0.0,0.461538,0.785714,Cl1,1
a602,mcs_era,0.642857,0.928571,0.230769,1.0,Cl3,3
a603,mcs_era,0.5,1.0,0.153846,0.428571,Cl3,3
a604,mcs_era,0.714286,0.142857,0.692308,0.642857,Cl1,1
a605,mcs_era,0.142857,0.071429,0.230769,0.785714,Cl1,1
a606,mcs_era,0.357143,0.0,1.0,0.714286,Cl1,1
a607,mcs_era,0.0,0.714286,0.923077,0.857143,Cl2,2
a608,mcs_era,0.357143,0.285714,0.230769,0.857143,Cl1,1
a609,mcs_era,0.071429,0.785714,0.076923,0.714286,Cl1,1
a610,mcs_era,0.785714,0.071429,0.538462,0.642857,Cl1,1
a611,mcs_era,0.785714,0.357143,0.615385,1.0,Cl2,2
a612,mcs_era,1.0,0.571429,0.769231,0.571429,Cl3,3
a613,mcs_era,0.142857,0.428571,0.307692,0.071429,Cl1,1
a614,mcs_era,0.571429,0.428571,0.923077,0.928571,Cl2,2
a615,mcs_era,0.5,0.142857,0.461538,0.642857,Cl1,1
a616,mcs_era,0.571429,0.571429,0.230769,0.285714,Cl2,2
a617,mcs_era,0.071429,0.5,0.692308,0.0,Cl1,1
a618,mcs_era,0.357143,0.0,0.307692,0.142857,Cl1,1
a619,mcs_era,0.714286,0.571429,0.769231,0.357143,Cl2,2
a620,mcs_era,0.714286,0.142857,0.461538,0.571429,Cl1,1
a621,mcs_era,0.785714,0.714286,0.230769,0.357143,Cl2,2
a622,mcs_era,0.5,0.785714,0.384615,0.071429,Cl2,2
a623,mcs_era,0.357143,0.142857,0.692308,0.428571,Cl1,1
a624,mcs_era,0.571429,0.785714,0.769231,0.857143,Cl3,3
a625,mcs_era,1.0,0.571429,1.0,0.428571,Cl3,3
a626,mcs_era,0.714286,0.785714,0.076923,0.785714,Cl3,3
a627,mcs_era,1.0,0.0,0.0,0.142857,Cl1,1
a628,mcs_era,0.785714,0.571429,0.923077,0.142857,Cl3,3
a629,mcs_era,0.857143,0.214286,0.615385,0.857143,Cl2,2
a630,mcs_era,0.214286,0.071429,0.538462,0.428571,Cl1,1
a631,mcs_era,0.0,0.428571,0.153846,0.5,Cl1,1
a632,mcs_era,1.0,0.0,0.384615,0.928571,Cl1,1
a633,mcs_era,0.785714,0.0,0.923077,0.857143,Cl2,2
a634,mcs_era,0.714286,0.071429,0.076923,0.714286,Cl1,1
a635,mcs_era,1.0,0.285714,1.0,0.142857,Cl2,2
a636,mcs_era,0.142857,0.571429,0.769231,0.714286,Cl2,2
a637,mcs_era,0.071429,0.785714,0.692308,0.571429,Cl2,2
a638,mcs_era,0.0,0.0,0.538462,0.785714,Cl1,1
a639,mcs_era,0.0,0.285714,0.538462,0.571429,Cl1,1
a640,mcs_era,0.214286,0.214286,0.769231,0.357143,Cl1,1
a641,mcs_era,0.571429,0.0,0.230769,0.0,Cl1,1
a642,mcs_era,0.071429,0.071429,0.615385,0.714286,Cl1,1
a643,mcs_era,0.0,0.071429,0.769231,0.785714,Cl1,1
a644,mcs_era,0.642857,0.714286,0.692308,0.142857,Cl2,2
a645,mcs_era,0.642857,0.0,0.923077,0.0,Cl1,1
a646,mcs_era,0.714286,0.071429,0.153846,0.142857,Cl1,1
a647,mcs_era,0.571429,0.5,0.076923,1.0,Cl2,2
a648,mcs_era,0.928571,0.285714,0.153846,0.785714,Cl2,2
a649,mcs_era,0.357143,0.214286,0.384615,0.285714,Cl1,1
a650,mcs_era,0.071429,0.642857,0.692308,0.428571,Cl1,1
a651,mcs_era,0.142857,0.428571,0.384615,1.0,Cl1,1
a652,mcs_era,0.714286,0.142857,0.307692,0.0,Cl1,1
a653,mcs_era,1.0,0.785714,0.461538,0.785714,Cl3,3
a654,mcs_era,0.857143,0.0,0.076923,0.714286,Cl1,1
a655,mcs_era,0.357143,1.0,0.769231,0.285714,Cl3,3
a656,mcs_era,0.642857,0.571429,0.538462,0.357143,Cl2,2
a657,mcs_era,1.0,0.714286,0.769231,0.285714,Cl3,3
a658,mcs_era,0.5,0.357143,0.153846,0.5,Cl1,1
a659,mcs_era,0.357143,0.714286,0.615385,1.0,Cl2,2
a660,mcs_era,0.571429,0.642857,0.0,0.571429,Cl2,2
a661,mcs_era,0.0,0.285714,0.0,0.357143,Cl1,1
a662,mcs_era,0.785714,0.785714,0.692308,0.071429,Cl3,3
a663,mcs_era,0.071429,0.928571,1.0,0.571429,Cl3,3
a664,mcs_era,0.071429,0.071429,0.076923,0.0,Cl1,1
a665,mcs_era,0.0,0.928571,0.0,0.928571,Cl2,2
a666,mcs_era,0.642857,0.642857,0.769231,0.428571,Cl3,3
a667,mcs_era,0.214286,0.571429,0.923077,0.857143,Cl2,2
a668,mcs_era,0.5,0.857143,0.076923,0.285714,Cl2,2
a669,mcs_era,1.0,0.5,0.0,0.428571,Cl2,2
a670,mcs_era,0.142857,0.642857,0.384615,0.071429,Cl1,1
a671,mcs_era,0.928571,0.571429,0.0,0.142857,Cl2,2
a672,mcs_era,1.0,0.642857,0.153846,0.142857,Cl3,3
a673,mcs_era,0.928571,0.785714,0.615385,0.5,Cl3,3
a674,mcs_era,0.5,0.142857,0.692308,0.785714,Cl1,1
a675,mcs_era,0.714286,1.0,1.0,0.285714,Cl3,3
a676,mcs_era,1.0,0.928571,1.0,0.357143,Cl3,3
a677,mcs_era,0.785714,0.285714,0.076923,0.714286,Cl1,1
a678,mcs_era,0.928571,0.214286,0.461538,0.714286,Cl2,2
a679,mcs_era,1.0,0.928571,0.153846,0.571429,Cl3,3
a680,mcs_era,0.0,0.0,0.692308,0.142857,Cl1,1
a681,mcs_era,1.0,0.0,0.692308,0.285714,Cl1,1
a682,mcs_era,0.785714,0.714286,0.461538,0.785714,Cl3,3
a683,mcs_era,0.214286,0.214286,0.461538,1.0,Cl1,1
a684,mcs_era,0.571429,0.285714,0.538462,1.0,Cl2,2
a685,mcs_era,0.714286,0.571429,0.769231,1.0,Cl3,3
a686,mcs_era,0.0,0.071429,0.076923,0.0,Cl1,1
a687,mcs_era,1.0,0.0,0.769231,0.642857,Cl2,2
a688,mcs_era,0.714286,0.5,0.538462,1.0,Cl2,2
a689,mcs_era,0.785714,0.642857,0.769231,0.714286,Cl3,3
a690,mcs_era,0.214286,0.285714,0.615385,0.428571,Cl1,1
a691,mcs_era,0.571429,1.0,0.615385,0.071429,Cl3,3
a692,mcs_era,0.0,0.928571,0.769231,0.571429,Cl2,2
a693,mcs_era,0.928571,0.285714,0.538462,0.285714,Cl2,2
a694,mcs_era,0.0,0.928571,0.538462,0.428571,Cl2,2
a695,mcs_era,0.857143,0.571429,0.538462,0.428571,Cl3,3
a696,mcs_era,0.214286,0.071429,0.769231,0.428571,Cl1,1
a697,mcs_era,0.928571,0.714286,0.230769,0.5,Cl3,3
a698,mcs_era,0.142857,0.285714,0.384615,0.857143,Cl1,1
a699,mcs_era,0.928571,0.714286,0.769231,0.0,Cl3,3
a700,mcs_era,0.071429,0.928571,0.615385,0.928571,Cl2,2
a701,mcs_era,0.5,0.928571,0.615385,0.642857,Cl3,3
a702,mcs_era,0.857143,0.714286,0.230769,0.285714,Cl3,3
a703,mcs_era,0.642857,0.142857,0.076923,0.357143,Cl1,1
a704,mcs_era,0.571429,0.5,0.615385,0.714286,Cl2,2
a705,mcs_era,0.571429,0.642857,0.230769,0.142857,Cl2,2
a706,mcs_era,0.5,0.857143,1.0,0.357143,Cl3,3
a707,mcs_era,0.214286,0.357143,1.0,0.571429,Cl1,1
a708,mcs_era,0.357143,0.5,0.153846,0.142857,Cl1,1
a709,mcs_era,1.0,0.642857,0.153846,0.857143,Cl3,3
a710,mcs_era,0.785714,1.0,0.769231,0.785714,Cl3,3
a711,mcs_era,0.785714,0.071429,0.153846,0.428571,Cl1,1
a712,mcs_era,0.214286,0.142857,1.0,0.714286,Cl1,1
a713,mcs_era,0.714286,0.357143,1.0,0.928571,Cl2,2
a714,mcs_era,0.714286,0.642857,0.0,0.571429,Cl2,2
a715,mcs_era,0.0,0.928571,0.230769,0.857143,Cl2,2
a716,mcs_era,0.785714,1.0,0.076923,0.357143,Cl3,3
a717,mcs_era,0.928571,0.214286,0.0,0.142857,Cl1,1
a718,mcs_era,1.0,0.071429,0.153846,0.142857,Cl1,1
a719,mcs_era,0.857143,0.142857,0.0,0.642857,Cl1,1
a720,mcs_era,0.0,0.214286,0.923077,0.0,Cl1,1
a721,mcs_era,0.214286,0.857143,0.692308,0.571429,Cl2,2
a722,mcs_era,0.571429,0.571429,0.384615,0.857143,Cl2,2
a723,mcs_era,0.142857,0.214286,0.461538,0.285714,Cl1,1
a724,mcs_era,0.714286,0.428571,0.0,0.928571,Cl2,2
a725,mcs_era,0.642857,0.428571,0.076923,0.357143,Cl1,1
a726,mcs_era,0.357143,0.928571,1.0,0.5,Cl3,3
a727,mcs_era,0.571429,0.357143,0.615385,0.785714,Cl2,2
a728,mcs_era,0.071429,0.142857,0.153846,0.642857,Cl1,1
a729,mcs_era,0.214286,0.857143,0.307692,1.0,Cl2,2
a730,mcs_era,0.785714,0.785714,0.769231,0.357143,Cl3,3
a731,mcs_era,0.214286,0.214286,0.0,0.785714,Cl1,1
a732,mcs_era,0.5,0.142857,0.692308,0.5,Cl1,1
a733,mcs_era,0.5,1.0,0.923077,0.357143,Cl3,3
a734,mcs_era,1.0,0.642857,0.461538,1.0,Cl3,3
a735,mcs_era,0.785714,0.642857,0.615385,0.785714,Cl3,3
a736,mcs_era,0.071429,0.928571,1.0,0.428571,Cl2,2
a737,mcs_era,0.928571,0.571429,0.076923,0.285714,Cl2,2
a738,mcs_era,0.928571,0.357143,0.230769,0.142857,Cl2,2
a739,mcs_era,0.714286,0.571429,0.461538,0.571429,Cl2,2
a740,mcs_era,0.071429,0.357143,0.0,0.5,Cl1,1
a741,mcs_era,0.785714,0.785714,0.076923,0.928571,Cl3,3
a742,mcs_era,0.928571,0.142857,0.538462,0.642857,Cl2,2
a743,mcs_era,1.0,0.785714,0.076923,0.0,Cl3,3
a744,mcs_era,0.571429,0.785714,0.538462,1.0,Cl3,3
a745,mcs_era,0.357143,0.285714,0.461538,0.714286,Cl1,1
a746,mcs_era,1.0,0.071429,0.538462,0.142857,Cl1,1
a747,mcs_era,0.142857,1.0,1.0,1.0,Cl3,3
a748,mcs_era,0.642857,0.142857,0.461538,0.357143,Cl1,1
a749,mcs_era,1.0,0.357143,0.692308,0.071429,Cl2,2
a750,mcs_era,0.142857,0.642857,0.538462,0.857143,Cl2,2
a751,mcs_era,0.142857,0.214286,0.538462,0.714286,Cl1,1
a752,mcs_era,0.714286,0.714286,0.230769,0.857143,Cl3,3
a753,mcs_era,0.571429,0.142857,0.923077,0.285714,Cl1,1
a754,mcs_era,0.928571,0.928571,0.923077,0.142857,Cl3,3
a755,mcs_era,0.928571,0.0,0.461538,0.5,Cl1,1
a756,mcs_era,0.5,0.928571,0.384615,0.5,Cl3,3
a757,mcs_era,0.857143,0.571429,0.769231,0.857143,Cl3,3
a758,mcs_era,0.0,0.928571,0.461538,0.857143,Cl2,2
a759,mcs_era,1.0,0.857143,0.923077,0.928571,Cl3,3
a760,mcs_era,0.214286,0.714286,0.769231,0.071429,Cl2,2
a761,mcs_era,0.357143,0.285714,0.384615,0.142857,Cl1,1
a762,mcs_era,0.0,0.071429,0.076923,0.285714,Cl1,1
a763,mcs_era,0.714286,0.571429,0.307692,0.428571,Cl2,2
a764,mcs_era,0.357143,0.642857,0.230769,0.071429,Cl1,1
a765,mcs_era,0.214286,0.357143,0.923077,0.571429,Cl1,1
a766,mcs_era,0.5,0.857143,0.384615,0.0,Cl2,2
a767,mcs_era,0.5,0.0,1.0,0.142857,Cl1,1
a768,mcs_era,0.928571,0.571429,0.384615,0.785714,Cl3,3
a769,mcs_era,0.0,0.928571,0.230769,0.642857,Cl2,2
a770,mcs_era,0.928571,0.642857,0.230769,0.571429,Cl3,3
a771,mcs_era,0.928571,0.357143,0.538462,0.5,Cl2,2
a772,mcs_era,0.5,0.928571,0.923077,0.714286,Cl3,3
a773,mcs_era,0.071429,0.0,0.384615,0.0,Cl1,1
a774,mcs_era,0.214286,0.5,0.615385,1.0,Cl2,2
a775,mcs_era,0.642857,0.785714,0.923077,1.0,Cl3,3
a776,mcs_era,0.857143,0.785714,0.769231,0.857143,Cl3,3
a777,mcs_era,0.714286,0.642857,0.076923,0.785714,Cl2,2
a778,mcs_era,1.0,0.428571,0.615385,0.642857,Cl3,3
a779,mcs_era,1.0,0.571429,0.307692,1.0,Cl3,3
a780,mcs_era,0.142857,0.642857,0.384615,0.642857,Cl1,1
a781,mcs_era,0.785714,0.785714,0.384615,0.0,Cl3,3
a782,mcs_era,0.357143,0.071429,0.615385,0.857143,Cl1,1
a783,mcs_era,0.642857,0.357143,0.307692,0.428571,Cl1,1
a784,mcs_era,1.0,0.5,0.615385,0.642857,Cl3,3
a785,mcs_era,0.928571,0.928571,0.692308,0.0,Cl3,3
a786,mcs_era,0.571429,0.785714,0.615385,0.928571,Cl3,3
a787,mcs_era,0.142857,0.428571,1.0,0.571429,Cl1,1
a788,mcs_era,0.928571,0.428571,0.923077,0.785714,Cl3,3
a789,mcs_era,0.142857,0.785714,1.0,0.571429,Cl2,2
a790,mcs_era,0.785714,0.571429,0.923077,0.642857,Cl3,3
a791,mcs_era,0.5,0.285714,0.769231,1.0,Cl2,2
a792,mcs_era,0.357143,0.785714,0.538462,0.571429,Cl2,2
a793,mcs_era,0.214286,1.0,0.384615,0.928571,Cl3,3
a794,mcs_era,0.785714,0.071429,0.615385,0.428571,Cl1,1
a795,mcs_era,1.0,0.0,1.0,0.357143,Cl2,2
a796,mcs_era,0.071429,0.285714,0.307692,0.0,Cl1,1
a797,mcs_era,0.142857,0.714286,0.615385,0.142857,Cl2,2
a798,mcs_era,0.571429,0.071429,0.0,0.071429,Cl1,1
a799,mcs_era,0.642857,0.357143,0.384615,1.0,Cl2,2
a800,mcs_era,1.0,0.642857,0.692308,0.5,Cl3,3
a801,mcs_era,0.857143,0.571429,0.538462,0.5,Cl3,3
a802,mcs_era,0.714286,0.071429,0.230769,0.428571,Cl1,1
a803,mcs_era,0.0,1.0,0.307692,0.642857,Cl2,2
a804,mcs_era,0.714286,0.214286,0.692308,1.0,Cl2,2
a805,mcs_era,0.928571,1.0,0.230769,0.428571,Cl3,3
a806,mcs_era,0.0,0.928571,0.307692,0.5,Cl2,2
a807,mcs_era,0.0,0.928571,0.692308,0.714286,Cl2,2
a808,mcs_era,0.785714,0.571429,0.692308,0.285714,Cl2,2
a809,mcs_era,0.142857,0.642857,1.0,0.857143,Cl2,2
a810,mcs_era,0.571429,0.785714,1.0,0.571429,Cl3,3
a811,mcs_era,0.142857,0.928571,0.923077,0.0,Cl2,2
a812,mcs_era,0.642857,0.357143,0.0,0.285714,Cl1,1
a813,mcs_era,0.142857,0.857143,0.0,0.0,Cl1,1
a814,mcs_era,0.142857,0.285714,0.923077,0.285714,Cl1,1
a815,mcs_era,0.857143,0.642857,1.0,0.857143,Cl3,3
a816,mcs_era,0.357143,0.714286,0.076923,0.428571,Cl2,2
a817,mcs_era,0.357143,0.642857,0.692308,0.071429,Cl2,2
a818,mcs_era,0.357143,0.428571,0.615385,0.714286,Cl2,2
a819,mcs_era,0.0,0.071429,0.538462,0.571429,Cl1,1
a820,mcs_era,0.071429,0.214286,0.692308,0.857143,Cl1,1
a821,mcs_era,0.071429,0.571429,0.615385,0.642857,Cl1,1
a822,mcs_era,0.857143,0.142857,0.307692,0.428571,Cl1,1
a823,mcs_era,0.142857,0.428571,0.0,0.428571,Cl1,1
a824,mcs_era,0.357143,0.428571,0.384615,0.285714,Cl1,1
a825,mcs_era,0.357143,0.785714,0.153846,0.642857,Cl2,2
a826,mcs_era,0.0,0.714286,0.538462,0.285714,Cl1,1
a827,mcs_era,0.071429,0.0,0.692308,0.071429,Cl1,1
a828,mcs_era,0.714286,0.142857,0.538462,0.428571,Cl1,1
a829,mcs_era,0.0,0.857143,0.384615,0.714286,Cl2,2
a830,mcs_era,0.071429,0.071429,0.076923,0.642857,Cl1,1
a831,mcs_era,0.571429,0.642857,0.076923,0.571429,Cl2,2
a832,mcs_era,0.214286,0.214286,0.461538,0.5,Cl1,1
a833,mcs_era,0.142857,0.142857,0.384615,0.714286,Cl1,1
a834,mcs_era,0.928571,0.285714,0.538462,0.285714,Cl2,2
a835,mcs_era,0.642857,0.5,0.461538,0.571429,Cl2,2
a836,mcs_era,0.071429,0.5,0.307692,0.142857,Cl1,1
a837,mcs_era,0.142857,0.142857,0.923077,0.285714,Cl1,1
a838,mcs_era,0.857143,0.0,0.230769,0.928571,Cl1,1
a839,mcs_era,0.571429,0.214286,0.384615,0.928571,Cl1,1
a840,mcs_era,0.357143,0.571429,0.615385,0.642857,Cl2,2
a841,mcs_era,0.928571,1.0,0.076923,0.357143,Cl3,3
a842,mcs_era,0.857143,0.714286,0.923077,0.785714,Cl3,3
a843,mcs_era,0.142857,0.071429,0.615385,0.5,Cl1,1
a844,mcs_era,0.785714,0.714286,0.538462,0.071429,Cl3,3
a845,mcs_era,0.714286,1.0,0.461538,0.428571,Cl3,3
a846,mcs_era,0.5,0.0,0.230769,0.928571,Cl1,1
a847,mcs_era,0.714286,0.571429,0.076923,0.0,Cl2,2
a848,mcs_era,0.0,0.357143,0.615385,0.357143,Cl1,1
a849,mcs_era,1.0,0.285714,0.615385,0.285714,Cl2,2
a850,mcs_era,0.857143,0.642857,0.461538,0.0,Cl2,2
a851,mcs_era,0.642857,0.214286,0.384615,0.571429,Cl1,1
a852,mcs_era,0.357143,0.0,0.538462,0.714286,Cl1,1
a853,mcs_era,0.142857,0.5,0.615385,0.428571,Cl1,1
a854,mcs_era,0.5,0.214286,0.461538,0.785714,Cl1,1
a855,mcs_era,0.071429,0.785714,0.538462,0.142857,Cl2,2
a856,mcs_era,0.142857,0.785714,0.076923,0.571429,Cl2,2
a857,mcs_era,0.0,0.071429,0.0,0.714286,Cl1,1
a858,mcs_era,0.571429,0.357143,0.307692,0.0,Cl1,1
a859,mcs_era,0.0,0.214286,0.307692,0.5,Cl1,1
a860,mcs_era,0.785714,0.5,0.538462,0.714286,Cl2,2
a861,mcs_era,0.857143,1.0,0.230769,0.071429,Cl3,3
a862,mcs_era,1.0,0.285714,0.307692,0.928571,Cl2,2
a863,mcs_era,0.571429,0.428571,0.461538,0.785714,Cl2,2
a864,mcs_era,0.571429,0.571429,0.461538,0.571429,Cl2,2
a865,mcs_era,0.071429,1.0,0.461538,0.857143,Cl2,2
a866,mcs_era,1.0,0.5,0.384615,0.285714,Cl2,2
a867,mcs_era,0.071429,0.857143,1.0,0.142857,Cl2,2
a868,mcs_era,0.214286,0.785714,0.769231,0.571429,Cl2,2
a869,mcs_era,0.0,0.642857,0.538462,0.714286,Cl1,1
a870,mcs_era,0.785714,0.357143,0.230769,0.0,Cl1,1
a871,mcs_era,0.0,0.0,0.538462,0.928571,Cl1,1
a872,mcs_era,0.928571,0.785714,0.538462,0.571429,Cl3,3
a873,mcs_era,0.071429,0.857143,1.0,0.428571,Cl2,2
a874,mcs_era,0.928571,0.0,0.384615,1.0,Cl1,1
a875,mcs_era,0.928571,0.428571,0.384615,0.857143,Cl2,2
a876,mcs_era,0.5,1.0,0.384615,0.142857,Cl3,3
a877,mcs_era,0.571429,0.428571,0.153846,0.571429,Cl1,1
a878,mcs_era,0.857143,0.214286,0.384615,0.642857,Cl2,2
a879,mcs_era,0.857143,0.5,0.230769,0.928571,Cl2,2
a880,mcs_era,0.714286,0.714286,0.923077,0.571429,Cl3,3
a881,mcs_era,0.5,0.714286,1.0,0.785714,Cl3,3
a882,mcs_era,0.357143,0.785714,0.0,0.142857,Cl2,2
a883,mcs_era,0.5,0.571429,1.0,0.714286,Cl2,2
a884,mcs_era,0.071429,1.0,0.538462,1.0,Cl3,3
a885,mcs_era,1.0,0.714286,0.153846,0.0,Cl3,3
a886,mcs_era,1.0,1.0,0.307692,0.357143,Cl3,3
a887,mcs_era,0.571429,0.571429,0.923077,0.785714,Cl3,3
a888,mcs_era,0.214286,0.785714,0.384615,0.0,Cl2,2
a889,mcs_era,0.357143,0.928571,0.923077,0.857143,Cl3,3
a890,mcs_era,0.857143,0.071429,1.0,0.714286,Cl2,2
a891,mcs_era,0.571429,0.285714,0.153846,0.714286,Cl1,1
a892,mcs_era,0.5,0.571429,0.076923,0.142857,Cl1,1
a893,mcs_era,0.5,0.785714,0.307692,0.071429,Cl2,2
a894,mcs_era,0.214286,0.357143,0.923077,0.357143,Cl1,1
a895,mcs_era,0.714286,0.214286,0.230769,0.714286,Cl1,1
a896,mcs_era,0.857143,0.285714,0.0,0.285714,Cl1,1
a897,mcs_era,0.642857,0.857143,0.0,0.428571,Cl2,2
a898,mcs_era,0.714286,0.428571,0.230769,0.142857,Cl2,2
a899,mcs_era,0.142857,0.428571,0.769231,0.357143,Cl1,1
a900,mcs_era,0.928571,0.785714,1.0,0.928571,Cl3,3
a901,mcs_era,0.214286,0.642857,0.384615,0.357143,Cl1,1
a902,mcs_era,0.642857,0.571429,0.769231,0.714286,Cl3,3
a903,mcs_era,0.357143,0.357143,0.076923,0.928571,Cl1,1
a904,mcs_era,1.0,0.642857,0.692308,0.714286,Cl3,3
a905,mcs_era,0.142857,0.071429,0.153846,0.285714,Cl1,1
a906,mcs_era,0.357143,0.0,0.153846,0.571429,Cl1,1
a907,mcs_era,0.0,0.214286,0.538462,0.285714,Cl1,1
a908,mcs_era,0.714286,0.5,0.461538,0.428571,Cl2,2
a909,mcs_era,0.785714,0.428571,0.769231,0.642857,Cl2,2
a910,mcs_era,0.5,0.928571,1.0,0.357143,Cl3,3
a911,mcs_era,0.142857,0.071429,0.538462,0.785714,Cl1,1
a912,mcs_era,0.357143,0.428571,0.230769,0.714286,Cl1,1
a913,mcs_era,1.0,0.857143,0.384615,0.571429,Cl3,3
a914,mcs_era,0.142857,0.357143,0.0,0.571429,Cl1,1
a915,mcs_era,0.071429,0.071429,0.307692,0.285714,Cl1,1
a916,mcs_era,0.5,0.714286,0.076923,0.928571,Cl2,2
a917,mcs_era,0.0,0.857143,0.0,0.071429,Cl1,1
a918,mcs_era,1.0,0.142857,0.384615,0.357143,Cl2,2
a919,mcs_era,0.785714,0.0,0.384615,0.785714,Cl1,1
a920,mcs_era,0.0,0.285714,0.461538,0.928571,Cl1,1
a921,mcs_era,1.0,0.285714,0.923077,0.857143,Cl3,3
a922,mcs_era,0.142857,0.285714,0.923077,0.928571,Cl1,1
a923,mcs_era,0.214286,0.214286,0.769231,0.5,Cl1,1
a924,mcs_era,0.642857,0.071429,0.307692,0.071429,Cl1,1
a925,mcs_era,0.5,1.0,0.230769,0.857143,Cl3,3
a926,mcs_era,0.5,0.142857,0.384615,0.0,Cl1,1
a927,mcs_era,0.357143,0.5,0.230769,0.571429,Cl1,1
a928,mcs_era,0.714286,0.642857,0.461538,0.785714,Cl3,3
a929,mcs_era,0.0,0.142857,0.461538,0.857143,Cl1,1
a930,mcs_era,0.857143,0.428571,0.923077,0.071429,Cl2,2
a931,mcs_era,0.142857,0.785714,1.0,0.857143,Cl2,2
a932,mcs_era,0.857143,0.214286,0.153846,0.428571,Cl1,1
a933,mcs_era,0.214286,0.285714,0.923077,0.428571,Cl1,1
a934,mcs_era,0.357143,0.214286,0.076923,0.571429,Cl1,1
a935,mcs_era,0.857143,0.428571,0.384615,0.571429,Cl2,2
a936,mcs_era,0.642857,1.0,1.0,0.142857,Cl3,3
a937,mcs_era,0.142857,1.0,0.538462,0.571429,Cl2,2
a938,mcs_era,1.0,0.857143,0.230769,0.142857,Cl3,3
a939,mcs_era,0.5,0.714286,0.0,0.071429,Cl2,2
a940,mcs_era,0.928571,0.214286,0.923077,0.285714,Cl2,2
a941,mcs_era,0.785714,0.071429,0.461538,0.285714,Cl1,1
a942,mcs_era,0.785714,0.142857,0.153846,1.0,Cl1,1
a943,mcs_era,0.5,0.928571,0.384615,0.928571,Cl3,3
a944,mcs_era,0.571429,0.714286,0.692308,0.428571,Cl3,3
a945,mcs_era,0.714286,0.5,0.538462,0.785714,Cl2,2
a946,mcs_era,0.928571,0.571429,0.538462,0.571429,Cl3,3
a947,mcs_era,0.857143,0.0,0.076923,1.0,Cl1,1
a948,mcs_era,0.928571,0.357143,0.153846,0.714286,Cl2,2
a949,mcs_era,0.928571,0.357143,0.923077,0.142857,Cl2,2
a950,mcs_era,0.357143,0.571429,0.538462,0.071429,Cl1,1
a951,mcs_era,0.857143,0.571429,0.384615,0.714286,Cl3,3
a952,mcs_era,0.928571,0.285714,0.384615,0.142857,Cl2,2
a953,mcs_era,0.785714,1.0,0.923077,0.928571,Cl3,3
a954,mcs_era,0.714286,0.071429,0.692308,0.571429,Cl1,1
a955,mcs_era,0.785714,0.928571,0.923077,0.642857,Cl3,3
a956,mcs_era,1.0,0.857143,0.769231,0.714286,Cl3,3
a957,mcs_era,0.357143,0.357143,0.0,0.785714,Cl1,1
a958,mcs_era,0.785714,0.0,0.923077,0.857143,Cl2,2
a959,mcs_era,0.071429,0.785714,0.0,0.071429,Cl1,1
a960,mcs_era,0.071429,1.0,0.076923,0.857143,Cl2,2
a961,mcs_era,0.142857,0.928571,1.0,0.0,Cl2,2
a962,mcs_era,0.214286,0.142857,0.153846,0.357143,Cl1,1
a963,mcs_era,0.214286,0.428571,0.307692,0.857143,Cl1,1
a964,mcs_era,0.214286,0.428571,0.0,0.285714,Cl1,1
a965,mcs_era,0.571429,0.5,0.615385,1.0,Cl2,2
a966,mcs_era,0.857143,0.714286,1.0,0.285714,Cl3,3
a967,mcs_era,0.142857,1.0,0.538462,0.0,Cl2,2
a968,mcs_era,0.0,0.357143,0.923077,1.0,Cl1,1
a969,mcs_era,0.857143,0.214286,0.692308,0.0,Cl2,2
a970,mcs_era,1.0,0.428571,0.230769,0.785714,Cl2,2
a971,mcs_era,0.357143,0.285714,0.0,0.928571,Cl1,1
a972,mcs_era,0.857143,0.642857,0.384615,0.642857,Cl3,3
a973,mcs_era,0.142857,0.642857,0.076923,0.357143,Cl1,1
a974,mcs_era,0.857143,0.928571,0.461538,0.357143,Cl3,3
a975,mcs_era,0.785714,0.142857,0.076923,0.857143,Cl1,1
a976,mcs_era,0.714286,0.5,0.384615,0.071429,Cl2,2
a977,mcs_era,0.714286,0.928571,0.153846,0.357143,Cl3,3
a978,mcs_era,0.071429,0.0,0.230769,0.357143,Cl1,1
a979,mcs_era,0.642857,0.357143,0.307692,0.785714,Cl2,2
a980,mcs_era,0.071429,0.285714,0.153846,0.357143,Cl1,1
a981,mcs_era,0.142857,0.857143,0.461538,0.285714,Cl2,2
a982,mcs_era,0.142857,1.0,0.384615,1.0,Cl3,3
a983,mcs_era,0.928571,1.0,0.769231,0.142857,Cl3,3
a984,mcs_era,0.0,0.071429,0.615385,1.0,Cl1,1
a985,mcs_era,0.857143,0.5,0.307692,0.0,Cl2,2
a986,mcs_era,0.214286,0.5,0.769231,0.928571,Cl2,2
a987,mcs_era,0.642857,0.928571,0.0,0.357143,Cl3,3
a988,mcs_era,0.214286,0.428571,0.692308,1.0,Cl1,1
a989,mcs_era,0.928571,0.285714,0.0,0.285714,Cl1,1
a990,mcs_era,0.571429,0.285714,0.461538,0.0,Cl1,1
a991,mcs_era,0.142857,0.714286,0.538462,0.142857,Cl1,1
a992,mcs_era,0.5,1.0,0.076923,0.928571,Cl3,3
a993,mcs_era,0.714286,1.0,0.615385,0.357143,Cl3,3
a994,mcs_era,0.785714,1.0,0.076923,0.428571,Cl3,3
a995,mcs_era,0.357143,0.285714,0.076923,0.714286,Cl1,1
a996,mcs_era,0.857143,0.142857,1.0,0.142857,Cl2,2
a997,mcs_era,0.857143,0.5,0.307692,0.071429,Cl2,2
a998,mcs_era,0.5,0.285714,0.769231,0.714286,Cl2,2
a999,mcs_era,1.0,0.571429,0.461538,0.0,Cl2,2
a1000,mcs_era,0.0,0.5,0.769231,0.5,Cl1,1
