alternative_id,dataset_id,g1,g2,g3,g4,g5,g6,class_label,class_index
a1,mcs_cev,0.333333,1.0,0.0,1.0,0.0,1.0,Cl2,2
a2,mcs_cev,0.666667,1.0,1.0,0.5,1.0,0.5,Cl2,2
a3,mcs_cev,0.666667,0.666667,0.0,0.5,1.0,0.0,Cl1,1
a4,mcs_cev,0.666667,0.666667,0.666667,0.0,0.0,0.0,Cl1,1
a5,mcs_cev,0.666667,0.0,0.0,1.0,0.0,1.0,Cl2,2
a6,mcs_cev,0.0,0.333333,1.0,0.0,0.0,0.5,Cl1,1
a7,mcs_cev,0.666667,1.0,0.666667,1.0,0.0,0.0,Cl1,1
a8,mcs_cev,0.0,0.333333,1.0,0.5,0.0,0.0,Cl1,1
a9,mcs_cev,0.666667,0.666667,0.0,0.0,0.5,0.0,Cl1,1
a10,mcs_cev,0.0,0.0,1.0,0.0,0.5,0.0,Cl1,1
a11,mcs_cev,0.666667,0.666667,1.0,1.0,0.5,1.0,Cl3,3
a12,mcs_cev,0.666667,0.0,0.666667,1.0,0.0,1.0,Cl2,2
a13,mcs_cev,1.0,0.666667,0.333333,1.0,1.0,1.0,Cl3,3
a14,mcs_cev,0.0,0.333333,0.666667,0.5,0.5,0.5,Cl1,1
a15,mcs_cev,1.0,0.0,0.666667,0.5,1.0,0.0,Cl1,1
a16,mcs_cev,0.333333,1.0,0.666667,1.0,0.5,1.0,Cl3,3
a17,mcs_cev,0.0,0.0,0.333333,0.5,0.0,1.0,Cl1,1
a18,mcs_cev,0.333333,1.0,0.666667,0.5,1.0,1.0,Cl2,2
a19,mcs_cev,0.333333,0.0,0.333333,1.0,0.0,1.0,Cl2,2
a20,mcs_cev,0.333333,0.333333,1.0,1.0,1.0,0.5,Cl2,2
a21,mcs_cev,0.0,0.666667,1.0,0.0,0.0,1.0,Cl1,1
a22,mcs_cev,0.333333,0.333333,0.333333,0.0,1.0,0.0,Cl1,1
a23,mcs_cev,1.0,0.0,0.333333,1.0,0.0,1.0,Cl2,2
a24,mcs_cev,1.0,0.666667,0.666667,0.5,1.0,0.5,Cl2,2
a25,mcs_cev,0.0,0.0,0.0,0.5,0.0,0.0,Cl1,1
a26,mcs_cev,1.0,0.333333,1.0,0.0,1.0,1.0,Cl2,2
a27,mcs_cev,0.0,0.0,1.0,0.0,1.0,0.5,Cl1,1
a28,mcs_cev,0.0,0.0,0.0,0.0,0.5,1.0,Cl1,1
a29,mcs_cev,0.333333,0.0,0.333333,1.0,1.0,0.0,Cl1,1
a30,mcs_cev,0.666667,1.0,0.333333,0.5,1.0,0.0,Cl1,1
a31,mcs_cev,0.333333,0.0,0.0,1.0,0.5,1.0,Cl2,2
a32,mcs_cev,0.666667,0.0,0.0,0.0,1.0,0.5,Cl1,1
a33,mcs_cev,0.333333,0.666667,0.666667,0.0,1.0,1.0,Cl1,1
a34,mcs_cev,0.666667,0.333333,0.0,0.0,1.0,0.5,Cl1,1
a35,mcs_cev,0.0,0.0,1.0,0.5,0.0,0.0,Cl1,1
a36,mcs_cev,0.666667,1.0,0.666667,1.0,1.0,0.5,Cl3,3
a37,mcs_cev,0.0,0.333333,0.0,0.0,0.5,0.0,Cl1,1
a38,mcs_cev,0.666667,1.0,0.333333,0.5,0.5,0.0,Cl1,1
a39,mcs_cev,0.0,0.666667,0.333333,0.5,0.5,0.5,Cl1,1
a40,mcs_cev,1.0,1.0,0.0,0.5,1.0,1.0,Cl3,3
a41,mcs_cev,0.333333,0.333333,0.666667,0.0,1.0,0.5,Cl1,1
a42,mcs_cev,0.0,0.0,0.0,0.0,0.0,0.0,Cl1,1
a43,mcs_cev,0.333333,0.0,0.333333,1.0,0.0,0.5,Cl1,1
a44,mcs_cev,0.666667,0.333333,0.666667,0.0,0.5,1.0,Cl1,1
a45,mcs_cev,1.0,0.0,0.0,0.0,0.5,0.5,Cl1,1
a46,mcs_cev,0.333333,1.0,0.0,0.5,0.5,1.0,Cl2,2
a47,mcs_cev,0.666667,1.0,0.666667,0.5,0.5,0.5,Cl2,2
a48,mcs_cev,1.0,0.333333,1.0,0.0,1.0,1.0,Cl2,2
a49,mcs_cev,1.0,0.0,0.666667,0.5,1.0,0.5,Cl1,1
a50,mcs_cev,0.666667,0.0,0.666667,0.0,0.0,0.5,Cl1,1
a51,mcs_cev,0.666667,0.666667,0.333333,1.0,1.0,1.0,Cl3,3
a52,mcs_cev,0.333333,0.0,1.0,0.0,0.0,0.0,Cl1,1
a53,mcs_cev,0.666667,1.0,1.0,0.0,0.5,0.5,Cl1,1
a54,mcs_cev,1.0,0.0,1.0,0.0,0.0,1.0,Cl1,1
a55,mcs_cev,1.0,0.333333,0.333333,0.5,1.0,0.0,Cl1,1
a56,mcs_cev,1.0,0.333333,0.333333,1.0,0.0,0.5,Cl2,2
a57,mcs_cev,0.0,0.666667,0.333333,1.0,0.5,0.0,Cl1,1
a58,mcs_cev,0.333333,1.0,1.0,0.0,1.0,0.0,Cl1,1
a59,mcs_cev,1.0,0.0,1.0,0.5,1.0,1.0,Cl2,2
a60,mcs_cev,0.0,0.666667,1.0,1.0,0.5,0.0,Cl1,1
a61,mcs_cev,0.333333,0.333333,0.666667,1.0,0.5,1.0,Cl2,2
a62,mcs_cev,1.0,0.666667,1.0,0.5,0.0,0.0,Cl1,1
a63,mcs_cev,1.0,1.0,0.0,0.5,0.0,0.5,Cl2,2
a64,mcs_cev,0.0,0.333333,1.0,0.0,0.0,0.5,Cl1,1
a65,mcs_cev,0.666667,1.0,0.666667,0.5,0.0,1.0,Cl2,2
a66,mcs_cev,1.0,0.666667,1.0,0.0,0.5,0.0,Cl1,1
a67,mcs_cev,0.0,0.0,0.666667,0.0,0.5,0.5,Cl1,1
a68,mcs_cev,0.333333,0.333333,0.0,0.5,0.0,0.5,Cl1,1
a69,mcs_cev,1.0,0.666667,1.0,0.5,1.0,0.5,Cl2,2
a70,mcs_cev,1.0,1.0,1.0,0.5,0.5,1.0,Cl3,3
a71,mcs_cev,1.0,0.333333,0.333333,0.5,0.5,0.5,Cl1,1
a72,mcs_cev,0.333333,0.0,0.666667,0.0,0.0,0.0,Cl1,1
a73,mcs_cev,0.0,0.666667,0.666667,0.5,0.0,1.0,Cl1,1
a74,mcs_cev,0.666667,0.666667,1.0,0.5,0.5,0.0,Cl1,1
a75,mcs_cev,0.333333,0.333333,0.333333,0.5,0.0,1.0,Cl1,1
a76,mcs_cev,0.666667,0.0,1.0,0.0,0.5,0.0,Cl1,1
a77,mcs_cev,0.666667,0.333333,0.0,1.0,1.0,0.0,Cl1,1
a78,mcs_cev,0.666667,0.333333,1.0,0.5,0.5,0.5,Cl1,1
a79,mcs_cev,0.333333,1.0,0.333333,1.0,0.5,0.0,Cl1,1
a80,mcs_cev,0.666667,0.333333,1.0,0.0,1.0,0.5,Cl1,1
a81,mcs_cev,1.0,0.0,1.0,1.0,0.5,0.5,Cl2,2
a82,mcs_cev,1.0,0.666667,0.333333,0.0,0.0,0.0,Cl1,1
a83,mcs_cev,0.0,0.0,0.0,0.0,1.0,1.0,Cl1,1
a84,mcs_cev,0.666667,0.666667,0.666667,0.5,1.0,0.5,Cl2,2
a85,mcs_cev,0.666667,0.333333,0.333333,0.5,0.0,0.0,Cl1,1
a86,mcs_cev,0.666667,0.666667,0.666667,0.0,0.0,1.0,Cl1,1
a87,mcs_cev,1.0,1.0,0.666667,0.5,1.0,0.0,Cl1,1
a88,mcs_cev,0.333333,1.0,0.0,1.0,0.0,1.0,Cl2,2
a89,mcs_cev,1.0,1.0,1.0,0.5,1.0,0.0,Cl1,1
a90,mcs_cev,0.0,1.0,1.0,1.0,0.0,0.0,Cl1,1
a91,mcs_cev,0.666667,1.0,1.0,0.5,0.0,0.5,Cl1,1
a92,mcs_cev,0.333333,0.666667,0.0,1.0,1.0,1.0,Cl3,3
a93,mcs_cev,1.0,1.0,0.0,0.5,0.5,0.0,Cl1,1
a94,mcs_cev,0.666667,0.333333,0.333333,1.0,1.0,0.0,Cl1,1
a95,mcs_cev,0.333333,1.0,1.0,0.0,0.0,0.5,Cl1,1
a96,mcs_cev,1.0,0.333333,0.0,0.0,1.0,0.5,Cl1,1
a97,mcs_cev,1.0,0.333333,1.0,0.0,0.5,0.5,Cl1,1
a98,mcs_cev,0.666667,0.666667,0.0,1.0,0.5,1.0,Cl3,3
a99,mcs_cev,1.0,0.0,0.666667,0.0,0.0,1.0,Cl1,1
a100,mcs_cev,0.0,1.0,0.333333,0.5,0.0,1.0,Cl1,1
a101,mcs_cev,0.0,0.666667,1.0,1.0,1.0,1.0,Cl3,3
a102,mcs_cev,0.333333,0.333333,0.666667,0.5,0.0,1.0,Cl1,1
a103,mcs_cev,0.333333,0.333333,0.0,0.0,0.5,0.5,Cl1,1
a104,mcs_cev,0.666667,0.333333,0.666667,0.0,0.0,0.5,Cl1,1
a105,mcs_cev,0.666667,0.333333,0.333333,0.5,1.0,1.0,Cl2,2
a106,mcs_cev,0.333333,1.0,0.333333,0.0,0.0,0.0,Cl1,1
a107,mcs_cev,0.0,0.0,0.0,0.5,1.0,1.0,Cl1,1
a108,mcs_cev,1.0,0.666667,1.0,0.0,0.0,0.0,Cl1,1
a109,mcs_cev,0.666667,0.666667,0.333333,0.0,0.5,0.5,Cl1,1
a110,mcs_cev,0.0,0.333333,0.0,1.0,0.0,1.0,Cl2,2
a111,mcs_cev,0.0,0.666667,1.0,1.0,0.0,0.0,Cl1,1
a112,mcs_cev,0.666667,0.0,1.0,0.5,0.5,0.5,Cl1,1
a113,mcs_cev,0.333333,0.333333,1.0,1.0,0.0,0.5,Cl1,1
a114,mcs_cev,0.0,0.666667,0.666667,0.0,1.0,0.5,Cl1,1
a115,mcs_cev,0.666667,0.666667,0.0,0.5,0.5,1.0,Cl2,2
a116,mcs_cev,0.0,0.333333,0.333333,0.5,0.0,0.0,Cl1,1
a117,mcs_cev,1.0,0.333333,1.0,0.0,0.0,1.0,Cl1,1
a118,mcs_cev,1.0,0.333333,1.0,1.0,0.5,0.5,Cl2,2
a119,mcs_cev,0.0,0.666667,0.0,1.0,1.0,0.0,Cl1,1
a120,mcs_cev,0.0,0.666667,0.333333,1.0,1.0,1.0,Cl2,2
a121,mcs_cev,0.333333,1.0,1.0,0.5,1.0,0.5,Cl2,2
a122,mcs_cev,0.666667,0.333333,0.666667,1.0,0.0,0.0,Cl1,1
a123,mcs_cev,1.0,0.0,1.0,1.0,1.0,0.5,Cl2,2
a124,mcs_cev,0.666667,0.333333,0.666667,0.5,0.0,0.5,Cl1,1
a125,mcs_cev,0.0,0.333333,0.0,1.0,0.5,1.0,Cl2,2
a126,mcs_cev,1.0,0.333333,1.0,0.5,0.0,0.0,Cl1,1
a127,mcs_cev,0.666667,0.333333,0.0,1.0,1.0,0.5,Cl2,2
a128,mcs_cev,0.0,0.0,0.333333,0.0,0.5,1.0,Cl1,1
a129,mcs_cev,1.0,0.666667,1.0,1.0,0.0,1.0,Cl3,3
a130,mcs_cev,1.0,0.333333,0.333333,0.5,0.5,0.0,Cl1,1
a131,mcs_cev,0.0,0.333333,0.666667,1.0,1.0,0.5,Cl1,1
a132,mcs_cev,1.0,0.666667,1.0,0.5,1.0,0.5,Cl2,2
a133,mcs_cev,1.0,0.0,0.0,0.5,1.0,0.0,Cl1,1
a134,mcs_cev,0.666667,1.0,0.0,0.5,1.0,0.0,Cl1,1
a135,mcs_cev,0.333333,0.666667,0.333333,1.0,0.0,0.0,Cl1,1
a136,mcs_cev,1.0,0.333333,0.666667,1.0,0.0,0.5,Cl2,2
a137,mcs_cev,0.0,0.0,1.0,1.0,0.0,0.0,Cl1,1
a138,mcs_cev,0.666667,0.0,1.0,0.5,0.0,0.0,Cl1,1
a139,mcs_cev,1.0,0.0,0.333333,0.0,0.0,0.5,Cl1,1
a140,mcs_cev,1.0,1.0,0.0,0.0,0.5,0.5,Cl1,1
a141,mcs_cev,0.666667,0.666667,0.0,0.5,0.5,0.0,Cl1,1
a142,mcs_cev,0.333333,0.0,1.0,0.0,1.0,0.5,Cl1,1
a143,mcs_cev,0.333333,0.333333,1.0,0.5,0.0,0.5,Cl1,1
a144,mcs_cev,0.333333,0.666667,0.0,0.0,0.5,0.5,Cl1,1
a145,mcs_cev,1.0,0.0,0.0,0.0,0.0,0.0,Cl1,1
a146,mcs_cev,1.0,1.0,0.0,1.0,0.5,0.5,Cl3,3
a147,mcs_cev,0.666667,0.666667,0.0,0.0,1.0,1.0,Cl2,2
a148,mcs_cev,1.0,0.333333,0.333333,1.0,0.5,0.0,Cl1,1
a149,mcs_cev,0.333333,0.666667,0.0,0.0,0.0,0.0,Cl1,1
a150,mcs_cev,0.0,0.0,0.666667,0.5,0.0,1.0,Cl1,1
a151,mcs_cev,0.333333,0.0,0.333333,1.0,0.0,1.0,Cl2,2
a152,mcs_cev,0.666667,0.0,0.666667,1.0,0.0,1.0,Cl2,2
a153,mcs_cev,0.333333,1.0,0.333333,0.0,0.5,0.5,Cl1,1
a154,mcs_cev,0.333333,0.0,0.666667,1.0,0.0,0.5,Cl1,1
a155,mcs_cev,0.666667,1.0,1.0,0.5,0.5,0.5,Cl2,2
a156,mcs_cev,0.666667,0.666667,0.333333,0.0,0.0,0.5,Cl1,1
a157,mcs_cev,0.666667,0.666667,0.0,0.5,0.5,1.0,Cl2,2
a158,mcs_cev,0.666667,0.0,0.0,0.5,1.0,0.0,Cl1,1
a159,mcs_cev,0.0,0.0,0.0,0.5,0.0,0.5,Cl1,1
a160,mcs_cev,0.0,0.333333,1.0,0.0,1.0,0.5,Cl1,1
a161,mcs_cev,0.333333,0.333333,0.333333,0.0,0.0,0.0,Cl1,1
a162,mcs_cev,0.0,0.333333,0.333333,0.5,0.0,0.5,Cl1,1
a163,mcs_cev,0.0,0.333333,0.333333,0.5,0.0,0.5,Cl1,1
a164,mcs_cev,0.333333,0.666667,0.666667,0.5,0.0,1.0,Cl2,2
a165,mcs_cev,1.0,0.0,1.0,1.0,0.0,0.0,Cl1,1
a166,mcs_cev,0.0,0.666667,0.333333,1.0,0.5,1.0,Cl2,2
a167,mcs_cev,0.0,0.666667,0.666667,1.0,0.0,1.0,Cl2,2
a168,mcs_cev,1.0,0.0,0.0,0.0,0.0,0.0,Cl1,1
a169,mcs_cev,0.666667,0.333333,0.333333,0.5,0.5,0.5,Cl1,1
a170,mcs_cev,1.0,1.0,1.0,0.0,1.0,0.5,Cl2,2
a171,mcs_cev,1.0,1.0,1.0,0.5,1.0,0.0,Cl1,1
a172,mcs_cev,1.0,1.0,1.0,1.0,0.5,1.0,Cl3,3
a173,mcs_cev,1.0,1.0,0.333333,1.0,1.0,0.5,Cl3,3
a174,mcs_cev,0.0,0.333333,0.666667,1.0,0.5,0.0,Cl1,1
a175,mcs_cev,0.666667,0.333333,1.0,0.0,0.0,0.0,Cl1,1
a176,mcs_cev,0.333333,1.0,0.666667,0.0,0.0,0.0,Cl1,1
a177,mcs_cev,1.0,1.0,1.0,1.0,0.0,0.5,Cl2,2
a178,mcs_cev,0.0,1.0,1.0,0.0,0.5,0.5,Cl1,1
a179,mcs_cev,0.333333,0.333333,0.0,1.0,0.0,0.5,Cl1,1
a180,mcs_cev,0.666667,0.333333,1.0,0.0,1.0,0.5,Cl1,1
a181,mcs_cev,0.333333,0.666667,0.666667,0.0,1.0,0.5,Cl1,1
a182,mcs_cev,0.333333,0.0,0.333333,1.0,0.0,1.0,Cl2,2
a183,mcs_cev,0.333333,0.666667,0.0,0.0,0.5,0.0,Cl1,1
a184,mcs_cev,1.0,0.0,0.0,0.0,1.0,0.0,Cl1,1
a185,mcs_cev,0.666667,0.333333,1.0,1.0,0.0,1.0,Cl2,2
a186,mcs_cev,0.333333,1.0,0.333333,1.0,1.0,0.0,Cl1,1
a187,mcs_cev,1.0,0.0,1.0,0.0,0.0,1.0,Cl1,1
a188,mcs_cev,0.666667,0.333333,0.0,0.5,0.0,1.0,Cl1,1
a189,mcs_cev,0.666667,1.0,0.0,0.5,0.5,0.0,Cl1,1
a190,mcs_cev,0.333333,1.0,1.0,1.0,0.5,0.0,Cl1,1
a191,mcs_cev,0.0,0.333333,0.666667,0.0,0.0,0.5,Cl1,1
a192,mcs_cev,0.333333,0.0,0.0,0.5,1.0,1.0,Cl1,1
a193,mcs_cev,0.0,0.333333,1.0,0.5,0.5,1.0,Cl1,1
a194,mcs_cev,0.0,0.666667,1.0,1.0,0.0,0.0,Cl1,1
a195,mcs_cev,0.666667,0.666667,0.666667,0.5,0.0,1.0,Cl2,2
a196,mcs_cev,1.0,0.333333,1.0,0.0,0.5,0.5,Cl1,1
a197,mcs_cev,0.333333,0.0,0.666667,1.0,0.5,0.5,Cl1,1
a198,mcs_cev,0.0,1.0,0.0,0.5,1.0,0.5,Cl1,1
a199,mcs_cev,0.666667,1.0,0.333333,0.0,1.0,1.0,Cl2,2
a200,mcs_cev,0.333333,0.333333,0.333333,0.5,0.5,0.0,Cl1,1
a201,mcs_cev,1.0,1.0,1.0,1.0,1.0,0.0,Cl2,2
a202,mcs_cev,1.0,0.0,1.0,1.0,0.5,0.5,Cl2,2
a203,mcs_cev,0.0,1.0,1.0,0.0,0.5,0.5,Cl1,1
a204,mcs_cev,0.666667,0.666667,1.0,0.5,0.5,1.0,Cl2,2
a205,mcs_cev,0.0,0.666667,0.333333,1.0,0.0,1.0,Cl2,2
a206,mcs_cev,0.666667,1.0,0.333333,0.5,1.0,0.0,Cl1,1
a207,mcs_cev,0.333333,0.666667,0.333333,0.0,0.0,0.0,Cl1,1
a208,mcs_cev,0.666667,0.0,0.0,0.0,1.0,0.5,Cl1,1
a209,mcs_cev,1.0,0.0,0.666667,0.0,1.0,0.0,Cl1,1
a210,mcs_cev,0.0,1.0,1.0,0.5,0.0,1.0,Cl2,2
a211,mcs_cev,0.666667,0.0,0.333333,0.0,1.0,0.0,Cl1,1
a212,mcs_cev,0.666667,0.333333,1.0,0.0,0.0,1.0,Cl1,1
a213,mcs_cev,0.666667,0.666667,0.666667,1.0,0.5,0.0,Cl1,1
a214,mcs_cev,0.666667,0.333333,0.0,1.0,0.5,0.0,Cl1,1
a215,mcs_cev,1.0,0.0,0.0,0.0,1.0,0.0,Cl1,1
a216,mcs_cev,0.333333,0.0,0.666667,0.5,0.0,1.0,Cl1,1
a217,mcs_cev,0.0,0.666667,1.0,0.0,0.0,0.0,Cl1,1
a218,mcs_cev,1.0,1.0,1.0,0.0,1.0,0.5,Cl2,2
a219,mcs_cev,0.666667,0.333333,0.666667,1.0,1.0,1.0,Cl3,3
a220,mcs_cev,1.0,0.0,1.0,0.0,0.5,1.0,Cl1,1
a221,mcs_cev,0.666667,1.0,0.666667,0.0,0.5,0.0,Cl1,1
a222,mcs_cev,0.0,1.0,1.0,0.5,0.5,0.5,Cl1,1
a223,mcs_cev,0.666667,0.666667,0.0,0.5,0.5,0.0,Cl1,1
a224,mcs_cev,1.0,0.666667,0.666667,0.5,0.0,0.5,Cl1,1
a225,mcs_cev,0.666667,1.0,0.333333,1.0,0.5,0.0,Cl1,1
a226,mcs_cev,0.333333,0.333333,0.0,0.0,0.5,0.5,Cl1,1
a227,mcs_cev,0.0,0.666667,0.666667,1.0,0.0,0.0,Cl1,1
a228,mcs_cev,0.666667,0.0,0.0,0.5,0.0,0.0,Cl1,1
a229,mcs_cev,1.0,0.0,0.333333,0.5,0.0,0.0,Cl1,1
a230,mcs_cev,1.0,0.0,0.0,0.0,0.0,1.0,Cl1,1
a231,mcs_cev,0.666667,0.666667,1.0,1.0,0.5,0.5,Cl2,2
a232,mcs_cev,0.333333,0.666667,0.0,0.0,1.0,0.0,Cl1,1
a233,mcs_cev,0.666667,1.0,0.333333,0.0,1.0,1.0,Cl2,2
a234,mcs_cev,0.333333,0.666667,0.666667,1.0,0.0,0.5,Cl2,2
a235,mcs_cev,0.0,0.333333,0.666667,0.0,0.5,0.0,Cl1,1
a236,mcs_cev,0.666667,0.0,0.0,0.0,0.5,1.0,Cl1,1
a237,mcs_cev,0.333333,1.0,0.333333,0.5,1.0,0.0,Cl1,1
a238,mcs_cev,0.333333,0.333333,0.0,0.0,0.5,1.0,Cl1,1
a239,mcs_cev,0.333333,0.0,0.333333,0.5,0.0,0.5,Cl1,1
a240,mcs_cev,0.666667,0.333333,0.333333,0.5,0.5,0.0,Cl1,1
a241,mcs_cev,0.0,0.333333,0.666667,1.0,1.0,0.0,Cl1,1
a242,mcs_cev,0.333333,0.0,0.0,0.5,1.0,1.0,Cl1,1
a243,mcs_cev,1.0,0.666667,0.666667,0.5,1.0,1.0,Cl3,3
a244,mcs_cev,0.333333,0.666667,0.666667,0.0,0.0,0.0,Cl1,1
a245,mcs_cev,1.0,0.666667,1.0,0.5,0.0,0.0,Cl1,1
a246,mcs_cev,0.0,0.333333,0.333333,0.5,1.0,0.5,Cl1,1
a247,mcs_cev,0.333333,1.0,0.666667,0.0,1.0,0.0,Cl1,1
a248,mcs_cev,0.333333,0.0,0.0,1.0,0.5,1.0,Cl2,2
a249,mcs_cev,1.0,0.333333,0.333333,1.0,0.5,0.0,Cl1,1
a250,mcs_cev,0.0,0.666667,0.0,0.5,1.0,0.0,Cl1,1
a251,mcs_cev,0.333333,0.0,1.0,0.0,0.5,0.5,Cl1,1
a252,mcs_cev,1.0,0.0,0.333333,0.5,0.0,1.0,Cl2,2
a253,mcs_cev,1.0,0.666667,1.0,0.5,0.0,1.0,Cl2,2
a254,mcs_cev,0.333333,0.666667,0.666667,1.0,0.0,0.0,Cl1,1
a255,mcs_cev,0.0,1.0,0.333333,0.0,1.0,1.0,Cl1,1
a256,mcs_cev,0.666667,0.666667,0.666667,0.5,0.5,0.5,Cl1,1
a257,mcs_cev,0.333333,1.0,0.666667,0.0,0.5,0.0,Cl1,1
a258,mcs_cev,0.0,0.666667,0.333333,0.0,0.5,0.5,Cl1,1
a259,mcs_cev,0.333333,0.666667,0.666667,1.0,1.0,0.5,Cl2,2
a260,mcs_cev,0.0,0.0,1.0,0.5,1.0,0.0,Cl1,1
a261,mcs_cev,0.333333,0.666667,0.0,0.0,1.0,1.0,Cl1,1
a262,mcs_cev,0.333333,0.333333,0.666667,0.5,1.0,1.0,Cl2,2
a263,mcs_cev,0.333333,0.333333,0.666667,0.5,1.0,1.0,Cl2,2
a264,mcs_cev,0.0,0.666667,0.0,0.0,0.5,1.0,Cl1,1
a265,mcs_cev,1.0,0.666667,0.0,1.0,0.0,0.5,Cl2,2
a266,mcs_cev,0.333333,0.666667,0.333333,1.0,0.0,0.0,Cl1,1
a267,mcs_cev,0.333333,1.0,1.0,0.0,0.5,0.0,Cl1,1
a268,mcs_cev,0.0,0.0,1.0,0.5,1.0,0.0,Cl1,1
a269,mcs_cev,0.0,0.666667,1.0,0.5,0.0,0.0,Cl1,1
a270,mcs_cev,0.333333,1.0,1.0,1.0,1.0,0.5,Cl2,2
a271,mcs_cev,0.666667,0.666667,0.0,1.0,0.5,1.0,Cl3,3
a272,mcs_cev,1.0,0.333333,1.0,0.0,0.5,0.0,Cl1,1
a273,mcs_cev,1.0,1.0,1.0,0.0,1.0,1.0,Cl2,2
a274,mcs_cev,0.333333,0.0,1.0,0.0,1.0,1.0,Cl1,1
a275,mcs_cev,0.666667,0.666667,0.0,0.0,0.0,0.0,Cl1,1
a276,mcs_cev,0.333333,0.0,0.0,0.0,1.0,0.0,Cl1,1
a277,mcs_cev,0.333333,0.333333,0.333333,1.0,0.0,0.5,Cl1,1
a278,mcs_cev,0.0,0.666667,0.0,0.5,1.0,0.5,Cl1,1
a279,mcs_cev,0.0,0.333333,0.333333,0.5,1.0,1.0,Cl1,1
a280,mcs_cev,0.333333,0.333333,0.333333,1.0,1.0,1.0,Cl2,2
a281,mcs_cev,1.0,1.0,0.666667,1.0,1.0,0.0,Cl2,2
a282,mcs_cev,0.0,0.0,0.333333,1.0,0.5,0.5,Cl1,1
a283,mcs_cev,0.0,0.0,0.333333,1.0,1.0,1.0,Cl2,2
a284,mcs_cev,0.0,0.333333,0.0,1.0,0.0,0.0,Cl1,1
a285,mcs_cev,1.0,1.0,0.666667,0.5,1.0,0.5,Cl2,2
a286,mcs_cev,0.0,0.333333,0.0,0.0,0.5,0.5,Cl1,1
a287,mcs_cev,0.0,0.0,0.0,0.0,0.5,0.0,Cl1,1
a288,mcs_cev,1.0,0.666667,1.0,1.0,0.0,0.0,Cl1,1
a289,mcs_cev,1.0,0.0,1.0,0.5,1.0,0.5,Cl1,1
a290,mcs_cev,0.666667,1.0,1.0,0.0,1.0,0.0,Cl1,1
a291,mcs_cev,0.333333,0.666667,0.0,0.0,0.5,0.5,Cl1,1
a292,mcs_cev,0.666667,0.666667,0.666667,0.5,1.0,0.5,Cl2,2
a293,mcs_cev,0.333333,0.333333,0.0,1.0,0.5,0.0,Cl1,1
a294,mcs_cev,0.0,0.333333,0.666667,0.0,1.0,0.0,Cl1,1
a295,mcs_cev,0.0,0.0,1.0,1.0,0.0,0.5,Cl1,1
a296,mcs_cev,0.0,0.666667,0.333333,0.0,0.0,1.0,Cl1,1
a297,mcs_cev,0.333333,0.333333,1.0,1.0,1.0,0.5,Cl2,2
a298,mcs_cev,0.666667,0.0,1.0,0.5,1.0,0.5,Cl1,1
a299,mcs_cev,0.0,1.0,0.0,0.0,0.5,1.0,Cl1,1
a300,mcs_cev,0.666667,0.0,0.0,1.0,0.5,1.0,Cl2,2
a301,mcs_cev,0.0,0.666667,0.666667,0.5,0.0,1.0,Cl1,1
a302,mcs_cev,0.0,1.0,0.0,1.0,0.0,0.0,Cl1,1
a303,mcs_cev,1.0,1.0,1.0,0.5,0.0,0.5,Cl2,2
a304,mcs_cev,1.0,0.0,0.0,0.0,1.0,1.0,Cl1,1
a305,mcs_cev,1.0,1.0,1.0,1.0,0.0,0.5,Cl2,2
a306,mcs_cev,0.0,1.0,0.333333,0.5,0.0,0.0,Cl1,1
a307,mcs_cev,0.666667,0.333333,0.333333,0.5,1.0,0.0,Cl1,1
a308,mcs_cev,1.0,1.0,0.666667,0.5,1.0,1.0,Cl3,3
a309,mcs_cev,0.0,1.0,0.0,1.0,1.0,0.5,Cl2,2
a310,mcs_cev,1.0,1.0,0.0,0.0,0.5,1.0,Cl2,2
a311,mcs_cev,0.333333,0.333333,0.333333,0.5,1.0,1.0,Cl2,2
a312,mcs_cev,0.333333,0.0,0.333333,0.5,0.5,0.0,Cl1,1
a313,mcs_cev,1.0,0.333333,1.0,0.5,1.0,0.5,Cl2,2
a314,mcs_cev,0.333333,0.333333,1.0,0.0,1.0,1.0,Cl1,1
a315,mcs_cev,0.666667,0.333333,0.666667,0.0,0.0,1.0,Cl1,1
a316,mcs_cev,1.0,0.666667,0.0,0.5,0.5,0.0,Cl1,1
a317,mcs_cev,0.333333,0.666667,0.0,1.0,1.0,0.5,Cl2,2
a318,mcs_cev,0.666667,0.0,0.0,1.0,0.5,0.5,Cl1,1
a319,mcs_cev,0.333333,0.0,0.0,0.0,1.0,1.0,Cl1,1
a320,mcs_cev,0.0,0.0,0.666667,0.5,1.0,1.0,Cl1,1
a321,mcs_cev,0.0,0.333333,0.666667,0.5,0.0,0.5,Cl1,1
a322,mcs_cev,0.333333,0.333333,0.333333,0.5,0.5,0.0,Cl1,1
a323,mcs_cev,0.666667,1.0,0.666667,0.0,0.0,0.5,Cl1,1
a324,mcs_cev,1.0,0.0,0.333333,0.5,0.5,0.5,Cl1,1
a325,mcs_cev,0.0,0.333333,0.333333,0.0,0.0,0.0,Cl1,1
a326,mcs_cev,0.0,0.666667,0.0,0.0,1.0,1.0,Cl1,1
a327,mcs_cev,0.666667,0.333333,0.333333,0.5,0.0,0.0,Cl1,1
a328,mcs_cev,1.0,0.333333,0.666667,1.0,1.0,0.0,Cl2,2
a329,mcs_cev,0.0,0.0,1.0,0.0,1.0,1.0,Cl1,1
a330,mcs_cev,0.333333,0.333333,0.333333,0.5,1.0,0.5,Cl1,1
a331,mcs_cev,0.0,0.0,1.0,0.5,0.5,0.0,Cl1,1
a332,mcs_cev,0.333333,0.0,0.0,1.0,0.0,1.0,Cl2,2
a333,mcs_cev,0.333333,1.0,0.0,0.5,0.0,0.5,Cl1,1
a334,mcs_cev,1.0,0.666667,0.666667,1.0,1.0,0.5,Cl3,3
a335,mcs_cev,0.0,1.0,0.666667,0.0,1.0,1.0,Cl1,1
a336,mcs_cev,1.0,0.666667,0.666667,0.0,0.0,0.0,Cl1,1
a337,mcs_cev,0.0,0.333333,0.666667,0.5,0.0,0.0,Cl1,1
a338,mcs_cev,0.333333,0.666667,0.333333,0.0,1.0,1.0,Cl1,1
a339,mcs_cev,1.0,0.333333,1.0,1.0,1.0,1.0,Cl3,3
a340,mcs_cev,1.0,0.333333,1.0,0.0,0.0,0.5,Cl1,1
a341,mcs_cev,1.0,1.0,0.333333,0.5,1.0,1.0,Cl3,3
a342,mcs_cev,1.0,0.0,0.666667,0.0,1.0,1.0,Cl1,1
a343,mcs_cev,1.0,1.0,0.666667,0.5,0.0,1.0,Cl3,3
a344,mcs_cev,0.666667,0.0,0.0,0.0,1.0,1.0,Cl1,1
a345,mcs_cev,1.0,1.0,0.666667,0.5,0.0,1.0,Cl3,3
a346,mcs_cev,0.666667,0.0,0.333333,0.0,1.0,0.5,Cl1,1
a347,mcs_cev,0.333333,0.0,0.666667,0.0,0.0,0.5,Cl1,1
a348,mcs_cev,0.333333,0.333333,0.666667,1.0,1.0,0.0,Cl1,1
a349,mcs_cev,0.333333,0.666667,0.666667,1.0,1.0,0.0,Cl1,1
a350,mcs_cev,1.0,1.0,0.0,0.5,0.0,0.0,Cl1,1
a351,mcs_cev,0.0,0.0,0.333333,0.5,0.0,0.0,Cl1,1
a352,mcs_cev,0.333333,0.333333,0.0,1.0,0.5,0.5,Cl1,1
a353,mcs_cev,1.0,0.333333,0.0,1.0,1.0,0.0,Cl1,1
a354,mcs_cev,0.666667,0.333333,0.666667,0.0,0.5,1.0,Cl1,1
a355,mcs_cev,0.333333,0.333333,0.0,0.0,0.0,0.0,Cl1,1
a356,mcs_cev,0.0,0.333333,0.666667,0.0,0.0,1.0,Cl1,1
a357,mcs_cev,1.0,0.666667,0.333333,1.0,0.5,0.5,Cl2,2
a358,mcs_cev,0.0,0.333333,1.0,1.0,1.0,0.0,Cl1,1
a359,mcs_cev,0.0,0.666667,0.0,0.0,1.0,0.5,Cl1,1
a360,mcs_cev,0.333333,0.0,1.0,0.5,1.0,1.0,Cl2,2
a361,mcs_cev,0.666667,0.666667,1.0,0.5,1.0,0.5,Cl2,2
a362,mcs_cev,0.333333,1.0,0.333333,0.5,1.0,0.0,Cl1,1
a363,mcs_cev,0.666667,0.0,0.666667,0.5,0.0,0.0,Cl1,1
a364,mcs_cev,1.0,0.333333,0.0,0.5,0.0,1.0,Cl2,2
a365,mcs_cev,1.0,1.0,0.666667,0.0,0.5,1.0,Cl2,2
a366,mcs_cev,0.666667,0.333333,0.666667,0.5,1.0,0.0,Cl1,1
a367,mcs_cev,1.0,0.666667,0.333333,1.0,0.5,0.0,Cl1,1
a368,mcs_cev,1.0,0.333333,1.0,0.5,0.5,1.0,Cl2,2
a369,mcs_cev,0.0,1.0,0.666667,0.5,0.5,0.5,Cl1,1
a370,mcs_cev,0.333333,1.0,0.0,0.0,1.0,0.5,Cl1,1
a371,mcs_cev,0.333333,0.333333,0.666667,1.0,0.5,0.0,Cl1,1
a372,mcs_cev,0.333333,0.666667,0.666667,0.0,0.5,0.5,Cl1,1
a373,mcs_cev,0.0,0.666667,1.0,1.0,0.0,0.0,Cl1,1
a374,mcs_cev,0.0,1.0,1.0,1.0,0.0,0.5,Cl2,2
a375,mcs_cev,0.0,0.333333,0.0,0.5,0.5,0.5,Cl1,1
a376,mcs_cev,0.0,0.333333,1.0,1.0,0.0,0.0,Cl1,1
a377,mcs_cev,0.0,1.0,0.333333,0.0,0.5,0.5,Cl1,1
a378,mcs_cev,0.666667,0.333333,0.333333,0.0,1.0,0.5,Cl1,1
a379,mcs_cev,0.0,0.333333,0.333333,1.0,1.0,0.5,Cl1,1
a380,mcs_cev,0.0,0.333333,0.0,0.5,1.0,0.0,Cl1,1
a381,mcs_cev,1.0,1.0,0.666667,1.0,0.0,1.0,Cl3,3
a382,mcs_cev,0.0,0.0,0.333333,0.5,0.5,0.5,Cl1,1
a383,mcs_cev,1.0,0.0,1.0,0.5,0.5,1.0,Cl2,2
a384,mcs_cev,0.666667,0.0,1.0,0.0,0.5,1.0,Cl1,1
a385,mcs_cev,1.0,0.666667,0.0,1.0,0.0,1.0,Cl3,3
a386,mcs_cev,0.0,1.0,0.0,0.0,1.0,0.0,Cl1,1
a387,mcs_cev,1.0,0.0,0.333333,1.0,0.5,0.5,Cl2,2
a388,mcs_cev,1.0,0.0,0.333333,0.0,0.5,0.0,Cl1,1
a389,mcs_cev,0.666667,1.0,0.0,0.5,1.0,0.0,Cl1,1
a390,mcs_cev,0.0,0.666667,0.333333,0.0,0.0,0.5,Cl1,1
a391,mcs_cev,0.333333,0.0,0.0,0.5,0.0,0.5,Cl1,1
a392,mcs_cev,0.666667,1.0,1.0,0.0,0.5,1.0,Cl2,2
a393,mcs_cev,1.0,0.666667,0.0,1.0,0.0,1.0,Cl3,3
a394,mcs_cev,0.666667,0.0,0.333333,1.0,0.5,1.0,Cl2,2
a395,mcs_cev,0.333333,0.0,0.0,1.0,0.0,0.5,Cl1,1
a396,mcs_cev,0.0,0.666667,0.0,1.0,1.0,0.5,Cl2,2
a397,mcs_cev,1.0,0.0,0.666667,1.0,0.0,0.0,Cl1,1
a398,mcs_cev,0.0,0.333333,0.0,1.0,0.0,1.0,Cl2,2
a399,mcs_cev,0.666667,0.333333,0.666667,0.0,0.0,0.0,Cl1,1
a400,mcs_cev,0.0,0.666667,0.0,0.5,0.0,0.0,Cl1,1
a401,mcs_cev,0.333333,0.0,0.666667,0.0,1.0,0.5,Cl1,1
a402,mcs_cev,0.0,0.333333,0.333333,0.0,1.0,0.5,Cl1,1
a403,mcs_cev,0.666667,1.0,0.333333,1.0,0.5,1.0,Cl3,3
a404,mcs_cev,0.0,1.0,0.666667,0.5,0.5,0.5,Cl1,1
a405,mcs_cev,1.0,0.333333,0.666667,0.0,1.0,0.5,Cl1,1
a406,mcs_cev,0.0,0.333333,0.0,0.5,1.0,1.0,Cl1,1
a407,mcs_cev,0.0,0.333333,1.0,1.0,1.0,0.5,Cl1,1
a408,mcs_cev,0.666667,0.333333,1.0,1.0,1.0,0.0,Cl1,1
a409,mcs_cev,0.0,0.333333,0.0,1.0,1.0,0.0,Cl1,1
a410,mcs_cev,1.0,0.666667,0.0,0.0,0.0,0.0,Cl1,1
a411,mcs_cev,1.0,1.0,0.666667,0.0,0.0,0.5,Cl1,1
a412,mcs_cev,0.666667,1.0,1.0,0.0,1.0,0.5,Cl1,1
a413,mcs_cev,0.0,1.0,0.333333,0.0,0.5,0.5,Cl1,1
a414,mcs_cev,0.666667,0.333333,0.333333,0.0,0.5,0.0,Cl1,1
a415,mcs_cev,0.333333,0.666667,1.0,0.5,0.5,1.0,Cl2,2
a416,mcs_cev,0.0,1.0,0.666667,0.5,1.0,1.0,Cl2,2
a417,mcs_cev,0.333333,0.0,0.333333,0.5,0.5,0.0,Cl1,1
a418,mcs_cev,0.333333,0.666667,0.333333,0.0,0.0,0.0,Cl1,1
a419,mcs_cev,0.0,1.0,1.0,0.0,0.5,1.0,Cl1,1
a420,mcs_cev,0.666667,0.333333,0.333333,1.0,0.5,1.0,Cl3,3
a421,mcs_cev,0.0,0.666667,0.0,1.0,0.0,0.5,Cl1,1
a422,mcs_cev,0.0,0.333333,0.333333,0.5,1.0,1.0,Cl1,1
a423,mcs_cev,0.333333,0.666667,0.0,0.5,1.0,0.0,Cl1,1
a424,mcs_cev,0.666667,1.0,0.333333,0.0,0.5,1.0,Cl2,2
a425,mcs_cev,0.0,0.666667,1.0,0.0,0.0,0.5,Cl1,1
a426,mcs_cev,1.0,1.0,1.0,1.0,0.0,0.0,Cl2,2
a427,mcs_cev,0.666667,0.0,0.666667,1.0,0.0,0.5,Cl1,1
a428,mcs_cev,0.666667,1.0,0.333333,1.0,0.0,1.0,Cl3,3
a429,mcs_cev,1.0,1.0,0.0,0.5,1.0,0.0,Cl1,1
a430,mcs_cev,0.0,0.0,1.0,0.0,0.5,0.0,Cl1,1
a431,mcs_cev,0.333333,1.0,0.333333,0.0,1.0,1.0,Cl2,2
a432,mcs_cev,0.0,1.0,0.0,0.0,0.5,0.0,Cl1,1
a433,mcs_cev,1.0,1.0,0.0,1.0,0.0,0.0,Cl1,1
a434,mcs_cev,0.333333,0.333333,0.0,0.0,1.0,0.5,Cl1,1
a435,mcs_cev,0.333333,0.666667,0.666667,0.0,0.5,0.5,Cl1,1
a436,mcs_cev,0.333333,0.666667,1.0,0.5,1.0,0.0,Cl1,1
a437,mcs_cev,0.0,1.0,0.333333,0.0,1.0,1.0,Cl1,1
a438,mcs_cev,0.666667,0.666667,0.0,0.5,1.0,0.0,Cl1,1
a439,mcs_cev,0.333333,0.666667,1.0,0.0,1.0,0.5,Cl1,1
a440,mcs_cev,0.333333,0.333333,0.666667,1.0,0.0,1.0,Cl2,2
a441,mcs_cev,0.666667,0.333333,0.333333,0.0,0.5,0.0,Cl1,1
a442,mcs_cev,0.0,1.0,0.0,1.0,0.5,0.0,Cl1,1
a443,mcs_cev,1.0,0.333333,1.0,0.0,0.5,0.5,Cl1,1
a444,mcs_cev,0.666667,0.0,0.666667,1.0,1.0,0.0,Cl1,1
a445,mcs_cev,0.0,0.0,0.0,0.5,0.0,0.5,Cl1,1
a446,mcs_cev,0.666667,0.0,0.666667,0.5,0.0,1.0,Cl1,1
a447,mcs_cev,0.333333,1.0,1.0,1.0,0.5,1.0,Cl3,3
a448,mcs_cev,1.0,0.666667,1.0,1.0,0.0,0.5,Cl2,2
a449,mcs_cev,0.666667,0.666667,1.0,1.0,1.0,0.5,Cl2,2
a450,mcs_cev,0.666667,1.0,1.0,0.0,0.5,1.0,Cl2,2
a451,mcs_cev,1.0,0.0,0.666667,0.0,1.0,1.0,Cl1,1
a452,mcs_cev,1.0,1.0,0.666667,0.0,1.0,1.0,Cl2,2
a453,mcs_cev,1.0,0.0,0.666667,1.0,1.0,0.5,Cl2,2
a454,mcs_cev,0.333333,0.333333,0.666667,0.5,0.5,0.0,Cl1,1
a455,mcs_cev,0.0,0.666667,0.333333,1.0,0.5,0.5,Cl1,1
a456,mcs_cev,0.333333,0.666667,0.333333,0.5,0.0,0.5,Cl1,1
a457,mcs_cev,0.333333,1.0,0.333333,0.0,0.0,0.0,Cl1,1
a458,mcs_cev,0.0,0.333333,0.0,0.0,1.0,0.5,Cl1,1
a459,mcs_cev,0.666667,1.0,1.0,1.0,0.0,0.5,Cl2,2
a460,mcs_cev,0.333333,0.666667,0.333333,0.0,0.0,0.0,Cl1,1
a461,mcs_cev,0.666667,0.0,1.0,1.0,0.5,1.0,Cl2,2
a462,mcs_cev,0.333333,1.0,1.0,0.5,1.0,0.0,Cl1,1
a463,mcs_cev,1.0,0.333333,0.666667,0.0,0.0,0.5,Cl1,1
a464,mcs_cev,0.0,0.0,0.333333,0.5,0.5,1.0,Cl1,1
a465,mcs_cev,0.333333,1.0,0.333333,0.5,1.0,1.0,Cl2,2
a466,mcs_cev,0.333333,0.666667,0.666667,1.0,1.0,0.0,Cl1,1
a467,mcs_cev,1.0,0.333333,0.0,1.0,0.0,0.0,Cl1,1
a468,mcs_cev,0.333333,0.333333,0.333333,1.0,0.5,1.0,Cl2,2
a469,mcs_cev,0.0,0.0,0.333333,0.5,0.0,0.0,Cl1,1
a470,mcs_cev,0.333333,1.0,0.0,0.5,0.5,0.0,Cl1,1
a471,mcs_cev,0.666667,0.666667,0.333333,1.0,0.5,0.5,Cl2,2
a472,mcs_cev,0.333333,0.333333,1.0,0.0,0.5,0.0,Cl1,1
a473,mcs_cev,1.0,0.666667,0.666667,0.0,0.0,0.0,Cl1,1
a474,mcs_cev,1.0,0.333333,0.333333,1.0,0.0,1.0,Cl3,3
a475,mcs_cev,0.333333,1.0,0.333333,0.0,1.0,1.0,Cl2,2
a476,mcs_cev,0.333333,1.0,1.0,0.5,1.0,0.5,Cl2,2
a477,mcs_cev,0.0,1.0,1.0,0.5,1.0,1.0,Cl2,2
a478,mcs_cev,0.666667,0.666667,0.333333,1.0,1.0,0.0,Cl1,1
a479,mcs_cev,0.666667,0.333333,1.0,1.0,1.0,0.5,Cl2,2
a480,mcs_cev,1.0,0.666667,0.666667,1.0,0.0,0.5,Cl2,2
a481,mcs_cev,0.333333,0.0,0.333333,0.5,1.0,0.0,Cl1,1
a482,mcs_cev,1.0,1.0,1.0,1.0,1.0,1.0,Cl3,3
a483,mcs_cev,0.666667,0.666667,0.666667,0.0,1.0,0.0,Cl1,1
a484,mcs_cev,0.666667,1.0,0.333333,0.0,0.5,0.5,Cl1,1
a485,mcs_cev,0.333333,1.0,0.333333,0.5,1.0,0.5,Cl1,1
a486,mcs_cev,1.0,1.0,1.0,1.0,1.0,0.5,Cl3,3
a487,mcs_cev,0.666667,0.666667,0.666667,1.0,0.5,0.0,Cl1,1
a488,mcs_cev,0.333333,1.0,0.333333,0.0,1.0,0.5,Cl1,1
a489,mcs_cev,0.0,0.666667,1.0,0.5,1.0,0.0,Cl1,1
a490,mcs_cev,0.333333,0.666667,0.333333,0.5,1.0,0.0,Cl1,1
a491,mcs_cev,0.666667,1.0,1.0,1.0,1.0,0.0,Cl2,2
a492,mcs_cev,0.0,0.0,0.0,0.5,0.0,0.5,Cl1,1
a493,mcs_cev,1.0,0.333333,0.666667,1.0,1.0,0.0,Cl2,2
a494,mcs_cev,0.0,0.333333,0.333333,0.5,0.0,1.0,Cl1,1
a495,mcs_cev,1.0,0.666667,0.0,0.0,0.5,0.0,Cl1,1
a496,mcs_cev,0.333333,0.0,1.0,1.0,1.0,0.5,Cl1,1
a497,mcs_cev,0.333333,1.0,0.666667,0.5,1.0,0.0,Cl1,1
a498,mcs_cev,0.666667,0.333333,0.333333,0.5,1.0,0.5,Cl1,1
a499,mcs_cev,0.666667,0.333333,0.666667,0.5,1.0,1.0,Cl2,2
a500,mcs_cev,0.333333,1.0,0.0,1.0,0.0,1.0,Cl2,2
a501,mcs_cev,0.0,0.333333,0.333333,0.0,1.0,0.0,Cl1,1
a502,mcs_cev,0.0,0.0,0.0,1.0,0.0,1.0,Cl1,1
a503,mcs_cev,0.333333,0.666667,1.0,0.0,0.0,1.0,Cl1,1
a504,mcs_cev,0.0,0.0,0.333333,0.5,0.5,1.0,Cl1,1
a505,mcs_cev,0.0,0.333333,0.666667,0.0,1.0,0.5,Cl1,1
a506,mcs_cev,1.0,0.0,0.666667,1.0,0.0,0.0,Cl1,1
a507,mcs_cev,0.333333,1.0,0.0,0.5,0.0,0.0,Cl1,1
a508,mcs_cev,1.0,0.666667,0.333333,1.0,0.0,0.5,Cl2,2
a509,mcs_cev,1.0,1.0,0.333333,1.0,0.5,0.0,Cl2,2
a510,mcs_cev,0.333333,0.666667,0.666667,1.0,0.5,1.0,Cl3,3
a511,mcs_cev,0.0,0.333333,1.0,0.0,0.0,0.5,Cl1,1
a512,mcs_cev,0.333333,0.0,0.333333,0.5,0.5,0.0,Cl1,1
a513,mcs_cev,0.666667,0.333333,1.0,1.0,1.0,0.5,Cl2,2
a514,mcs_cev,0.666667,1.0,0.0,0.0,0.5,0.5,Cl1,1
a515,mcs_cev,0.0,0.333333,0.666667,0.0,1.0,0.5,Cl1,1
a516,mcs_cev,0.333333,0.333333,0.0,0.5,0.0,0.0,Cl1,1
a517,mcs_cev,0.0,0.0,0.333333,0.0,0.0,0.5,Cl1,1
a518,mcs_cev,0.333333,0.0,0.666667,0.5,0.0,0.5,Cl1,1
a519,mcs_cev,0.0,1.0,0.333333,0.5,0.0,1.0,Cl1,1
a520,mcs_cev,0.666667,0.0,0.0,0.5,0.5,0.5,Cl1,1
a521,mcs_cev,0.333333,0.0,0.333333,0.0,0.5,0.0,Cl1,1
a522,mcs_cev,0.666667,0.333333,0.0,0.5,1.0,1.0,Cl2,2
a523,mcs_cev,0.333333,1.0,0.666667,1.0,1.0,1.0,Cl3,3
a524,mcs_cev,0.333333,0.0,0.0,0.5,0.0,0.5,Cl1,1
a525,mcs_cev,0.333333,0.333333,0.333333,1.0,1.0,0.0,Cl1,1
a526,mcs_cev,0.666667,0.666667,0.0,1.0,1.0,0.0,Cl1,1
a527,mcs_cev,0.0,0.666667,0.0,0.0,0.0,0.5,Cl1,1
a528,mcs_cev,0.666667,0.666667,0.666667,0.5,0.5,0.0,Cl1,1
a529,mcs_cev,1.0,1.0,0.666667,0.5,1.0,1.0,Cl3,3
a530,mcs_cev,0.666667,0.333333,0.666667,0.5,0.5,1.0,Cl2,2
a531,mcs_cev,0.666667,0.333333,1.0,1.0,1.0,1.0,Cl3,3
a532,mcs_cev,0.666667,0.333333,0.0,1.0,0.5,0.0,Cl1,1
a533,mcs_cev,1.0,1.0,0.333333,1.0,1.0,0.0,Cl2,2
a534,mcs_cev,0.333333,0.0,0.0,1.0,0.5,0.5,Cl1,1
a535,mcs_cev,0.666667,0.0,0.0,0.0,0.0,0.0,Cl1,1
a536,mcs_cev,0.666667,0.333333,0.0,0.5,0.5,0.5,Cl1,1
a537,mcs_cev,1.0,0.666667,1.0,0.5,0.5,1.0,Cl3,3
a538,mcs_cev,0.666667,0.333333,0.0,1.0,0.5,1.0,Cl2,2
a539,mcs_cev,1.0,1.0,1.0,1.0,0.5,1.0,Cl3,3
a540,mcs_cev,0.333333,0.666667,1.0,0.5,0.0,0.0,Cl1,1
a541,mcs_cev,0.666667,1.0,0.0,1.0,0.5,1.0,Cl3,3
a542,mcs_cev,0.333333,1.0,0.666667,0.5,1.0,1.0,Cl2,2
a543,mcs_cev,0.0,0.666667,0.666667,1.0,0.0,0.0,Cl1,1
a544,mcs_cev,0.333333,0.666667,1.0,0.5,1.0,1.0,Cl2,2
a545,mcs_cev,1.0,0.666667,1.0,0.5,0.5,0.0,Cl1,1
a546,mcs_cev,1.0,1.0,0.0,1.0,0.5,1.0,Cl3,3
a547,mcs_cev,0.333333,0.0,0.333333,1.0,0.0,0.0,Cl1,1
a548,mcs_cev,1.0,1.0,0.0,1.0,0.0,0.0,Cl1,1
a549,mcs_cev,0.333333,0.666667,0.0,1.0,0.5,1.0,Cl2,2
a550,mcs_cev,0.333333,0.0,0.666667,0.0,1.0,1.0,Cl1,1
a551,mcs_cev,0.666667,0.666667,0.333333,1.0,0.5,1.0,Cl3,3
a552,mcs_cev,0.333333,1.0,0.333333,0.0,1.0,0.5,Cl1,1
a553,mcs_cev,0.666667,0.333333,0.333333,0.0,1.0,1.0,Cl1,1
a554,mcs_cev,0.0,0.333333,0.333333,0.5,0.0,0.0,Cl1,1
a555,mcs_cev,0.0,0.666667,0.0,0.5,0.0,1.0,Cl1,1
a556,mcs_cev,1.0,0.0,0.0,1.0,0.5,1.0,Cl2,2
a557,mcs_cev,0.0,0.333333,0.666667,0.0,1.0,0.0,Cl1,1
a558,mcs_cev,1.0,0.666667,0.333333,1.0,1.0,1.0,Cl3,3
a559,mcs_cev,0.0,0.333333,1.0,0.5,1.0,1.0,Cl2,2
a560,mcs_cev,1.0,0.666667,0.666667,1.0,0.5,0.0,Cl2,2
a561,mcs_cev,0.333333,0.333333,0.0,0.5,0.5,0.0,Cl1,1
a562,mcs_cev,0.0,1.0,0.333333,1.0,1.0,0.0,Cl1,1
a563,mcs_cev,0.333333,0.0,1.0,1.0,0.5,0.5,Cl1,1
a564,mcs_cev,0.333333,0.0,1.0,0.0,1.0,1.0,Cl1,1
a565,mcs_cev,0.666667,0.333333,0.333333,0.0,0.5,1.0,Cl1,1
a566,mcs_cev,0.333333,0.666667,0.333333,0.5,1.0,0.5,Cl1,1
a567,mcs_cev,0.333333,0.666667,0.666667,0.0,0.5,0.0,Cl1,1
a568,mcs_cev,1.0,0.666667,1.0,0.0,1.0,0.0,Cl1,1
a569,mcs_cev,0.0,0.333333,0.333333,0.5,0.0,0.5,Cl1,1
a570,mcs_cev,0.333333,0.666667,0.333333,1.0,0.0,0.0,Cl1,1
a571,mcs_cev,1.0,1.0,0.666667,1.0,0.5,1.0,Cl3,3
a572,mcs_cev,1.0,0.333333,0.333333,0.0,0.0,0.5,Cl1,1
a573,mcs_cev,0.333333,1.0,0.0,1.0,0.0,0.0,Cl1,1
a574,mcs_cev,0.333333,0.333333,0.666667,1.0,0.5,0.5,Cl1,1
a575,mcs_cev,0.333333,0.0,1.0,1.0,1.0,0.5,Cl1,1
a576,mcs_cev,1.0,0.666667,0.0,0.5,0.0,0.5,Cl1,1
a577,mcs_cev,1.0,0.666667,1.0,1.0,0.5,1.0,Cl3,3
a578,mcs_cev,1.0,1.0,0.333333,0.0,0.0,0.5,Cl1,1
a579,mcs_cev,0.666667,0.666667,1.0,0.5,0.5,0.0,Cl1,1
a580,mcs_cev,1.0,0.333333,0.666667,1.0,0.5,0.5,Cl2,2
a581,mcs_cev,0.666667,1.0,1.0,0.0,0.5,0.5,Cl1,1
a582,mcs_cev,0.666667,0.666667,1.0,1.0,1.0,0.0,Cl2,2
a583,mcs_cev,0.333333,1.0,0.333333,1.0,0.5,0.5,Cl2,2
a584,mcs_cev,0.666667,0.333333,0.666667,0.0,0.5,1.0,Cl1,1
a585,mcs_cev,0.333333,0.666667,0.333333,1.0,1.0,1.0,Cl3,3
a586,mcs_cev,0.666667,0.333333,0.0,0.5,1.0,1.0,Cl2,2
a587,mcs_cev,0.333333,0.0,0.333333,0.5,1.0,1.0,Cl1,1
a588,mcs_cev,0.0,0.666667,1.0,1.0,0.5,0.5,Cl2,2
a589,mcs_cev,0.333333,0.0,0.0,0.5,0.5,1.0,Cl1,1
a590,mcs_cev,0.0,1.0,1.0,1.0,0.5,0.5,Cl2,2
a591,mcs_cev,1.0,1.0,0.666667,0.5,1.0,0.5,Cl2,2
a592,mcs_cev,1.0,0.666667,1.0,0.0,0.0,1.0,Cl2,2
a593,mcs_cev,1.0,1.0,0.666667,1.0,0.0,0.5,Cl2,2
a594,mcs_cev,1.0,0.666667,0.333333,1.0,0.5,0.5,Cl2,2
a595,mcs_cev,0.333333,0.0,0.333333,0.5,0.5,1.0,Cl1,1
a596,mcs_cev,0.333333,0.0,0.333333,0.0,0.0,1.0,Cl1,1
a597,mcs_cev,0.666667,0.0,0.666667,1.0,0.0,1.0,Cl2,2
a598,mcs_cev,0.0,1.0,1.0,0.5,0.5,1.0,Cl2,2
a599,mcs_cev,0.0,0.666667,1.0,0.5,1.0,0.5,Cl1,1
a600,mcs_cev,0.0,0.0,0.333333,1.0,1.0,0.0,Cl1,1
a601,mcs_cev,0.333333,1.0,1.0,1.0,0.0,0.5,Cl2,2
a602,mcs_cev,0.666667,1.0,0.666667,0.5,0.0,0.0,Cl1,1
a603,mcs_cev,0.333333,0.333333,0.333333,0.5,1.0,0.5,Cl1,1
a604,mcs_cev,0.333333,1.0,0.666667,0.5,1.0,0.0,Cl1,1
a605,mcs_cev,0.333333,0.0,0.666667,0.5,1.0,0.0,Cl1,1
a606,mcs_cev,0.0,1.0,0.333333,0.0,0.0,1.0,Cl1,1
a607,mcs_cev,0.666667,0.0,0.666667,0.5,0.5,0.5,Cl1,1
a608,mcs_cev,1.0,0.666667,0.333333,0.0,1.0,1.0,Cl2,2
a609,mcs_cev,0.333333,0.333333,0.333333,0.5,0.5,0.5,Cl1,1
a610,mcs_cev,0.333333,0.333333,0.0,0.5,1.0,1.0,Cl2,2
a611,mcs_cev,0.333333,0.0,0.0,0.0,0.0,0.5,Cl1,1
a612,mcs_cev,0.333333,0.666667,0.333333,0.0,0.0,1.0,Cl1,1
a613,mcs_cev,0.0,0.0,0.0,0.5,0.0,1.0,Cl1,1
a614,mcs_cev,0.333333,0.0,0.333333,0.0,1.0,1.0,Cl1,1
a615,mcs_cev,1.0,0.666667,0.0,0.5,0.0,0.5,Cl1,1
a616,mcs_cev,0.666667,0.333333,0.666667,0.0,1.0,0.0,Cl1,1
a617,mcs_cev,0.0,0.0,0.333333,1.0,0.5,0.0,Cl1,1
a618,mcs_cev,0.0,0.666667,0.0,0.5,1.0,0.0,Cl1,1
a619,mcs_cev,0.333333,1.0,0.333333,1.0,0.5,1.0,Cl3,3
a620,mcs_cev,0.666667,0.0,0.0,0.0,1.0,0.0,Cl1,1
a621,mcs_cev,0.333333,0.333333,0.0,1.0,0.5,0.5,Cl1,1
a622,mcs_cev,1.0,0.666667,0.0,1.0,1.0,0.0,Cl2,2
a623,mcs_cev,0.333333,0.666667,0.333333,0.0,0.0,0.5,Cl1,1
a624,mcs_cev,1.0,0.0,0.0,0.5,0.0,0.5,Cl1,1
a625,mcs_cev,0.666667,0.666667,0.666667,0.0,1.0,0.0,Cl1,1
a626,mcs_cev,0.0,0.666667,0.666667,0.5,1.0,0.0,Cl1,1
a627,mcs_cev,0.0,0.333333,0.0,0.5,1.0,0.0,Cl1,1
a628,mcs_cev,0.666667,0.0,0.333333,0.5,0.0,0.5,Cl1,1
a629,mcs_cev,0.666667,0.0,0.0,0.0,1.0,1.0,Cl1,1
a630,mcs_cev,0.333333,0.0,0.0,0.5,0.0,1.0,Cl1,1
a631,mcs_cev,0.666667,0.666667,0.333333,0.0,0.0,0.5,Cl1,1
a632,mcs_cev,0.0,0.666667,0.666667,0.0,1.0,1.0,Cl1,1
a633,mcs_cev,1.0,1.0,0.666667,0.5,0.5,0.0,Cl1,1
a634,mcs_cev,0.666667,0.666667,1.0,1.0,0.5,0.0,Cl1,1
a635,mcs_cev,0.333333,1.0,1.0,0.5,0.5,0.0,Cl1,1
a636,mcs_cev,0.666667,0.666667,0.333333,0.5,1.0,0.5,Cl1,1
a637,mcs_cev,0.333333,0.0,0.333333,1.0,0.5,0.5,Cl1,1
a638,mcs_cev,0.0,0.333333,0.666667,0.5,0.0,1.0,Cl1,1
a639,mcs_cev,0.666667,0.666667,0.0,1.0,1.0,0.5,Cl2,2
a640,mcs_cev,0.333333,0.333333,0.666667,1.0,0.0,1.0,Cl2,2
a641,mcs_cev,0.666667,0.333333,1.0,1.0,0.5,0.0,Cl1,1
a642,mcs_cev,0.0,0.0,0.333333,1.0,0.5,0.0,Cl1,1
a643,mcs_cev,1.0,1.0,0.0,0.0,1.0,1.0,Cl2,2
a644,mcs_cev,1.0,0.0,1.0,0.0,0.5,1.0,Cl1,1
a645,mcs_cev,0.0,0.666667,0.0,0.5,1.0,0.5,Cl1,1
a646,mcs_cev,1.0,1.0,0.333333,0.0,1.0,0.0,Cl1,1
a647,mcs_cev,1.0,1.0,0.666667,0.5,0.0,0.0,Cl1,1
a648,mcs_cev,0.666667,0.666667,0.0,0.0,0.0,0.5,Cl1,1
a649,mcs_cev,0.0,1.0,0.333333,0.0,1.0,0.0,Cl1,1
a650,mcs_cev,0.333333,0.666667,0.666667,0.0,0.5,1.0,Cl1,1
a651,mcs_cev,0.0,0.333333,1.0,1.0,1.0,1.0,Cl2,2
a652,mcs_cev,0.0,0.0,0.333333,1.0,0.5,0.5,Cl1,1
a653,mcs_cev,0.0,0.0,0.666667,1.0,0.0,1.0,Cl1,1
a654,mcs_cev,1.0,0.0,0.666667,0.0,0.5,0.5,Cl1,1
a655,mcs_cev,0.333333,0.333333,0.333333,0.5,0.0,0.0,Cl1,1
a656,mcs_cev,0.666667,0.0,0.333333,0.5,0.5,1.0,Cl2,2
a657,mcs_cev,0.333333,0.666667,1.0,0.0,0.5,0.0,Cl1,1
a658,mcs_cev,0.0,0.333333,0.666667,0.5,0.5,1.0,Cl1,1
a659,mcs_cev,0.0,0.0,1.0,0.5,0.5,0.5,Cl1,1
a660,mcs_cev,0.333333,1.0,0.0,1.0,1.0,0.0,Cl1,1
a661,mcs_cev,0.333333,0.333333,0.666667,0.5,1.0,0.5,Cl1,1
a662,mcs_cev,0.666667,0.666667,0.0,0.5,0.5,0.0,Cl1,1
a663,mcs_cev,1.0,1.0,1.0,1.0,0.0,0.5,Cl2,2
a664,mcs_cev,0.0,0.0,0.0,0.0,0.5,1.0,Cl1,1
a665,mcs_cev,0.333333,0.666667,1.0,1.0,0.5,1.0,Cl3,3
a666,mcs_cev,0.666667,0.666667,0.666667,1.0,1.0,1.0,Cl3,3
a667,mcs_cev,0.0,1.0,0.666667,1.0,1.0,0.0,Cl1,1
a668,mcs_cev,0.0,0.0,0.666667,0.0,0.0,1.0,Cl1,1
a669,mcs_cev,0.333333,0.666667,1.0,0.5,0.5,1.0,Cl2,2
a670,mcs_cev,0.0,1.0,0.0,1.0,1.0,1.0,Cl3,3
a671,mcs_cev,1.0,0.333333,0.666667,0.5,1.0,0.5,Cl2,2
a672,mcs_cev,1.0,0.333333,1.0,0.5,1.0,1.0,Cl3,3
a673,mcs_cev,0.0,0.666667,0.0,0.5,0.0,0.0,Cl1,1
a674,mcs_cev,0.333333,1.0,0.333333,1.0,1.0,0.5,Cl2,2
a675,mcs_cev,1.0,0.666667,0.333333,0.0,1.0,1.0,Cl2,2
a676,mcs_cev,1.0,0.666667,0.666667,0.5,0.5,0.0,Cl1,1
a677,mcs_cev,0.666667,0.666667,1.0,0.0,0.5,0.0,Cl1,1
a678,mcs_cev,0.666667,1.0,0.666667,1.0,0.5,0.5,Cl2,2
a679,mcs_cev,0.333333,1.0,0.666667,0.5,1.0,1.0,Cl2,2
a680,mcs_cev,0.666667,1.0,0.333333,0.0,1.0,1.0,Cl2,2
a681,mcs_cev,0.666667,0.666667,1.0,0.0,0.0,1.0,Cl1,1
a682,mcs_cev,0.0,0.666667,1.0,0.0,0.5,0.0,Cl1,1
a683,mcs_cev,0.0,1.0,0.0,0.5,0.5,0.5,Cl1,1
a684,mcs_cev,1.0,0.0,0.666667,0.0,1.0,0.0,Cl1,1
a685,mcs_cev,0.666667,0.666667,0.0,1.0,0.0,1.0,Cl2,2
a686,mcs_cev,0.333333,0.0,0.0,0.5,0.5,1.0,Cl1,1
a687,mcs_cev,0.333333,0.0,0.666667,1.0,0.0,1.0,Cl2,2
a688,mcs_cev,0.0,0.0,1.0,1.0,0.0,0.0,Cl1,1
a689,mcs_cev,1.0,0.333333,0.0,0.0,0.0,0.5,Cl1,1
a690,mcs_cev,1.0,0.0,0.333333,1.0,1.0,0.0,Cl1,1
a691,mcs_cev,0.333333,0.0,0.666667,1.0,1.0,0.0,Cl1,1
a692,mcs_cev,0.333333,0.0,0.333333,0.0,1.0,0.5,Cl1,1
a693,mcs_cev,0.333333,1.0,0.0,0.0,0.0,0.0,Cl1,1
a694,mcs_cev,1.0,0.0,0.666667,1.0,0.5,0.0,Cl1,1
a695,mcs_cev,0.0,0.0,0.333333,0.5,0.5,0.5,Cl1,1
a696,mcs_cev,1.0,1.0,0.0,1.0,1.0,1.0,Cl3,3
a697,mcs_cev,0.0,0.0,0.333333,0.0,0.0,1.0,Cl1,1
a698,mcs_cev,0.666667,0.666667,0.333333,1.0,0.0,1.0,Cl3,3
a699,mcs_cev,0.666667,0.333333,1.0,0.0,1.0,0.0,Cl1,1
a700,mcs_cev,1.0,0.0,1.0,0.0,0.0,0.5,Cl1,1
a701,mcs_cev,0.666667,0.333333,1.0,0.0,1.0,1.0,Cl1,1
a702,mcs_cev,0.666667,0.666667,1.0,0.5,1.0,1.0,Cl2,2
a703,mcs_cev,0.666667,0.0,0.666667,0.0,1.0,1.0,Cl1,1
a704,mcs_cev,0.0,0.0,0.0,1.0,0.5,0.5,Cl1,1
a705,mcs_cev,0.666667,0.333333,0.0,0.5,1.0,0.0,Cl1,1
a706,mcs_cev,1.0,0.0,0.666667,1.0,0.5,0.0,Cl1,1
a707,mcs_cev,1.0,0.666667,0.333333,0.0,0.0,0.5,Cl1,1
a708,mcs_cev,1.0,0.0,0.666667,0.0,0.5,1.0,Cl1,1
a709,mcs_cev,0.666667,0.333333,0.333333,0.0,0.0,1.0,Cl1,1
a710,mcs_cev,1.0,0.666667,0.333333,1.0,0.5,0.5,Cl2,2
a711,mcs_cev,0.0,0.0,0.0,0.0,1.0,0.0,Cl1,1
a712,mcs_cev,1.0,0.666667,0.0,0.0,1.0,0.0,Cl1,1
a713,mcs_cev,0.666667,1.0,0.0,1.0,0.0,1.0,Cl3,3
a714,mcs_cev,0.666667,0.666667,0.333333,0.5,0.5,0.0,Cl1,1
a715,mcs_cev,0.333333,1.0,1.0,1.0,0.0,1.0,Cl3,3
a716,mcs_cev,0.0,0.0,1.0,0.5,0.0,0.5,Cl1,1
a717,mcs_cev,0.0,1.0,1.0,0.0,1.0,0.5,Cl1,1
a718,mcs_cev,0.666667,1.0,1.0,1.0,0.0,1.0,Cl3,3
a719,mcs_cev,0.666667,0.0,1.0,1.0,0.0,0.5,Cl1,1
a720,mcs_cev,0.666667,0.666667,0.0,0.0,0.0,0.0,Cl1,1
a721,mcs_cev,1.0,0.666667,1.0,0.5,1.0,0.5,Cl2,2
a722,mcs_cev,0.666667,0.0,0.0,0.0,1.0,0.5,Cl1,1
a723,mcs_cev,0.0,1.0,0.0,1.0,1.0,0.0,Cl1,1
a724,mcs_cev,0.666667,0.0,0.666667,0.5,1.0,1.0,Cl2,2
a725,mcs_cev,0.333333,0.0,0.0,1.0,1.0,1.0,Cl2,2
a726,mcs_cev,0.0,0.666667,0.0,0.5,0.0,0.5,Cl1,1
a727,mcs_cev,1.0,1.0,0.666667,0.5,0.0,0.0,Cl1,1
a728,mcs_cev,0.666667,1.0,0.333333,1.0,0.5,0.0,Cl1,1
a729,mcs_cev,0.0,0.333333,1.0,0.0,0.0,1.0,Cl1,1
a730,mcs_cev,0.333333,0.333333,0.0,0.0,1.0,0.5,Cl1,1
a731,mcs_cev,1.0,0.333333,0.0,1.0,0.5,1.0,Cl3,3
a732,mcs_cev,1.0,0.666667,0.666667,0.0,0.5,0.0,Cl1,1
a733,mcs_cev,1.0,1.0,1.0,1.0,1.0,0.0,Cl2,2
a734,mcs_cev,0.0,0.0,1.0,1.0,1.0,0.0,Cl1,1
a735,mcs_cev,0.333333,0.0,1.0,0.0,0.0,0.5,Cl1,1
a736,mcs_cev,1.0,0.0,0.0,0.0,0.5,0.0,Cl1,1
a737,mcs_cev,1.0,0.666667,0.333333,0.5,0.5,0.0,Cl1,1
a738,mcs_cev,0.333333,0.0,0.333333,1.0,0.0,0.5,Cl1,1
a739,mcs_cev,1.0,0.666667,0.666667,0.5,1.0,0.5,Cl2,2
a740,mcs_cev,0.666667,0.333333,0.666667,1.0,0.0,1.0,Cl2,2
a741,mcs_cev,0.666667,0.0,0.333333,1.0,1.0,1.0,Cl2,2
a742,mcs_cev,0.333333,0.666667,0.333333,0.5,0.0,1.0,Cl2,2
a743,mcs_cev,0.0,0.0,0.666667,0.0,0.0,0.5,Cl1,1
a744,mcs_cev,0.0,0.333333,0.666667,1.0,0.5,1.0,Cl2,2
a745,mcs_cev,0.333333,0.0,1.0,1.0,0.0,0.0,Cl1,1
a746,mcs_cev,0.666667,1.0,0.333333,0.0,0.0,1.0,Cl1,1
a747,mcs_cev,0.333333,0.0,1.0,0.0,0.0,0.5,Cl1,1
a748,mcs_cev,0.0,0.333333,0.0,0.0,0.5,0.0,Cl1,1
a749,mcs_cev,0.666667,0.0,0.666667,0.5,0.0,0.0,Cl1,1
a750,mcs_cev,0.0,1.0,0.666667,1.0,0.0,1.0,Cl2,2
a751,mcs_cev,0.333333,0.666667,1.0,0.5,0.5,0.5,Cl1,1
a752,mcs_cev,0.333333,1.0,0.0,0.5,0.5,0.5,Cl1,1
a753,mcs_cev,0.333333,0.666667,0.333333,1.0,0.0,0.0,Cl1,1
a754,mcs_cev,0.666667,0.666667,0.333333,0.5,0.5,1.0,Cl2,2
a755,mcs_cev,0.333333,0.666667,0.0,1.0,0.0,1.0,Cl2,2
a756,mcs_cev,1.0,0.0,0.333333,0.0,1.0,1.0,Cl1,1
a757,mcs_cev,1.0,0.0,0.0,0.5,0.0,0.5,Cl1,1
a758,mcs_cev,0.333333,0.666667,0.666667,0.0,0.0,0.5,Cl1,1
a759,mcs_cev,0.666667,1.0,0.333333,0.5,0.5,0.5,Cl2,2
a760,mcs_cev,0.333333,0.0,0.333333,0.0,1.0,0.0,Cl1,1
a761,mcs_cev,0.666667,0.666667,0.333333,0.0,0.5,1.0,Cl1,1
a762,mcs_cev,0.666667,0.333333,0.0,0.5,0.5,0.0,Cl1,1
a763,mcs_cev,0.333333,0.0,0.333333,0.5,0.5,0.5,Cl1,1
a764,mcs_cev,1.0,0.333333,0.333333,1.0,0.0,0.0,Cl1,1
a765,mcs_cev,0.666667,0.333333,1.0,1.0,0.5,1.0,Cl3,3
a766,mcs_cev,0.0,0.0,0.333333,1.0,0.0,0.5,Cl1,1
a767,mcs_cev,0.333333,1.0,0.0,1.0,1.0,0.5,Cl2,2
a768,mcs_cev,0.666667,0.0,0.666667,1.0,0.0,1.0,Cl2,2
a769,mcs_cev,1.0,0.666667,1.0,0.0,0.0,0.0,Cl1,1
a770,mcs_cev,0.333333,0.666667,0.666667,0.5,1.0,0.5,Cl1,1
a771,mcs_cev,0.333333,0.666667,0.666667,0.0,0.5,0.0,Cl1,1
a772,mcs_cev,1.0,0.0,0.666667,0.5,1.0,0.0,Cl1,1
a773,mcs_cev,1.0,1.0,1.0,1.0,0.5,1.0,Cl3,3
a774,mcs_cev,0.666667,0.666667,0.666667,1.0,1.0,0.5,Cl2,2
a775,mcs_cev,0.0,1.0,1.0,1.0,0.5,1.0,Cl3,3
a776,mcs_cev,0.0,0.0,0.333333,0.5,1.0,0.5,Cl1,1
a777,mcs_cev,0.0,0.666667,0.333333,0.0,1.0,1.0,Cl1,1
a778,mcs_cev,1.0,0.666667,1.0,0.0,1.0,0.0,Cl1,1
a779,mcs_cev,0.666667,1.0,1.0,0.0,0.5,0.0,Cl1,1
a780,mcs_cev,0.666667,0.666667,0.666667,1.0,1.0,1.0,Cl3,3
a781,mcs_cev,0.0,0.0,1.0,0.0,0.5,1.0,Cl1,1
a782,mcs_cev,0.0,0.0,1.0,0.0,0.5,0.5,Cl1,1
a783,mcs_cev,0.666667,0.0,0.333333,0.0,1.0,1.0,Cl1,1
a784,mcs_cev,0.0,0.333333,1.0,0.5,0.5,0.5,Cl1,1
a785,mcs_cev,0.333333,1.0,0.0,1.0,0.5,0.0,Cl1,1
a786,mcs_cev,0.333333,0.0,0.666667,0.0,0.0,0.0,Cl1,1
a787,mcs_cev,0.333333,0.333333,0.333333,0.0,0.0,0.0,Cl1,1
a788,mcs_cev,1.0,0.333333,0.666667,1.0,0.5,1.0,Cl3,3
a789,mcs_cev,0.666667,1.0,0.0,0.0,0.5,0.5,Cl1,1
a790,mcs_cev,0.0,0.333333,1.0,1.0,0.5,0.0,Cl1,1
a791,mcs_cev,0.333333,0.333333,1.0,1.0,0.5,0.5,Cl2,2
a792,mcs_cev,0.0,0.0,1.0,0.5,0.0,0.5,Cl1,1
a793,mcs_cev,0.333333,1.0,1.0,0.0,0.0,0.5,Cl1,1
a794,mcs_cev,1.0,0.0,0.333333,1.0,0.0,1.0,Cl2,2
a795,mcs_cev,0.333333,1.0,0.0,1.0,0.0,0.0,Cl1,1
a796,mcs_cev,0.333333,0.0,1.0,0.5,0.0,1.0,Cl1,1
a797,mcs_cev,1.0,0.666667,0.666667,0.5,0.5,1.0,Cl2,2
a798,mcs_cev,1.0,1.0,1.0,0.5,0.0,1.0,Cl3,3
a799,mcs_cev,0.333333,0.0,0.333333,0.5,0.0,0.0,Cl1,1
a800,mcs_cev,1.0,0.666667,1.0,0.5,0.0,0.0,Cl1,1
a801,mcs_cev,0.333333,0.0,1.0,0.0,0.5,0.5,Cl1,1
a802,mcs_cev,0.333333,0.666667,0.0,0.5,1.0,0.0,Cl1,1
a803,mcs_cev,0.666667,0.666667,0.333333,0.5,0.0,0.0,Cl1,1
a804,mcs_cev,1.0,1.0,0.0,0.5,0.0,0.0,Cl1,1
a805,mcs_cev,0.0,0.666667,0.333333,0.0,1.0,0.5,Cl1,1
a806,mcs_cev,0.0,0.666667,0.333333,0.5,0.0,0.0,Cl1,1
a807,mcs_cev,0.0,1.0,0.666667,0.5,0.0,0.5,Cl1,1
a808,mcs_cev,0.666667,0.0,1.0,1.0,0.5,0.0,Cl1,1
a809,mcs_cev,0.333333,1.0,1.0,1.0,1.0,0.0,Cl2,2
a810,mcs_cev,0.333333,1.0,0.0,0.5,1.0,0.0,Cl1,1
a811,mcs_cev,0.0,0.333333,0.666667,0.5,0.0,0.5,Cl1,1
a812,mcs_cev,0.666667,0.0,0.333333,0.0,0.5,0.5,Cl1,1
a813,mcs_cev,1.0,0.666667,0.666667,1.0,0.5,0.0,Cl2,2
a814,mcs_cev,0.333333,1.0,0.333333,1.0,1.0,1.0,Cl3,3
a815,mcs_cev,0.666667,0.0,0.666667,0.0,0.5,0.5,Cl1,1
a816,mcs_cev,0.0,0.666667,1.0,1.0,0.0,0.5,Cl1,1
a817,mcs_cev,0.0,0.666667,0.333333,0.5,0.5,1.0,Cl1,1
a818,mcs_cev,0.666667,1.0,0.666667,0.0,0.5,0.0,Cl1,1
a819,mcs_cev,1.0,0.666667,1.0,0.0,0.0,1.0,Cl2,2
a820,mcs_cev,0.0,0.666667,0.0,1.0,0.5,1.0,Cl2,2
a821,mcs_cev,0.666667,0.666667,0.333333,0.5,0.0,1.0,Cl2,2
a822,mcs_cev,1.0,0.0,0.333333,0.5,1.0,0.5,Cl1,1
a823,mcs_cev,0.0,1.0,0.666667,0.0,0.0,0.0,Cl1,1
a824,mcs_cev,0.0,0.666667,1.0,1.0,1.0,1.0,Cl3,3
a825,mcs_cev,0.0,1.0,0.0,0.5,1.0,1.0,Cl2,2
a826,mcs_cev,0.666667,0.666667,0.0,1.0,0.0,0.0,Cl1,1
a827,mcs_cev,0.666667,0.333333,1.0,0.0,1.0,1.0,Cl1,1
a828,mcs_cev,1.0,0.333333,0.333333,0.5,0.5,0.5,Cl1,1
a829,mcs_cev,0.666667,0.0,0.666667,0.0,0.5,1.0,Cl1,1
a830,mcs_cev,0.333333,0.666667,1.0,1.0,0.0,1.0,Cl2,2
a831,mcs_cev,0.333333,0.0,0.333333,0.0,0.0,0.5,Cl1,1
a832,mcs_cev,0.333333,0.0,0.666667,1.0,1.0,0.0,Cl1,1
a833,mcs_cev,0.333333,0.666667,0.666667,0.5,0.0,0.5,Cl1,1
a834,mcs_cev,0.0,0.0,0.0,0.0,0.0,0.0,Cl1,1
a835,mcs_cev,0.666667,0.0,0.333333,1.0,1.0,0.0,Cl1,1
a836,mcs_cev,0.666667,1.0,0.666667,0.0,1.0,0.5,Cl1,1
a837,mcs_cev,0.666667,0.0,0.666667,0.5,1.0,0.5,Cl1,1
a838,mcs_cev,0.666667,0.333333,0.333333,1.0,0.5,0.0,Cl1,1
a839,mcs_cev,0.333333,0.666667,1.0,0.5,1.0,0.5,Cl1,1
a840,mcs_cev,1.0,0.333333,1.0,0.5,1.0,1.0,Cl3,3
a841,mcs_cev,0.333333,0.666667,0.333333,0.0,1.0,1.0,Cl1,1
a842,mcs_cev,1.0,0.666667,1.0,0.5,0.5,0.5,Cl2,2
a843,mcs_cev,0.666667,0.0,0.0,1.0,0.0,0.5,Cl1,1
a844,mcs_cev,1.0,0.0,0.0,1.0,1.0,0.0,Cl1,1
a845,mcs_cev,0.0,0.333333,0.666667,0.5,1.0,0.5,Cl1,1
a846,mcs_cev,0.333333,0.666667,0.333333,0.5,0.0,0.0,Cl1,1
a847,mcs_cev,1.0,1.0,0.333333,0.0,0.5,0.0,Cl1,1
a848,mcs_cev,0.666667,1.0,0.0,0.5,0.5,1.0,Cl2,2
a849,mcs_cev,0.333333,1.0,1.0,1.0,1.0,0.0,Cl2,2
a850,mcs_cev,0.666667,0.0,0.333333,0.5,0.5,1.0,Cl2,2
a851,mcs_cev,0.0,0.0,0.0,0.0,1.0,0.5,Cl1,1
a852,mcs_cev,0.666667,0.333333,0.333333,0.0,1.0,1.0,Cl1,1
a853,mcs_cev,0.666667,1.0,1.0,0.0,1.0,0.0,Cl1,1
a854,mcs_cev,0.333333,0.666667,0.0,0.0,1.0,0.5,Cl1,1
a855,mcs_cev,0.666667,1.0,0.666667,1.0,0.5,0.0,Cl2,2
a856,mcs_cev,0.333333,0.0,0.666667,1.0,1.0,0.0,Cl1,1
a857,mcs_cev,1.0,0.333333,0.333333,0.5,0.5,1.0,Cl2,2
a858,mcs_cev,1.0,1.0,0.0,0.5,1.0,1.0,Cl3,3
a859,mcs_cev,0.333333,0.333333,0.666667,0.5,0.5,1.0,Cl2,2
a860,mcs_cev,0.0,0.0,0.333333,0.5,0.0,1.0,Cl1,1
a861,mcs_cev,0.0,0.0,0.666667,0.0,0.0,0.0,Cl1,1
a862,mcs_cev,1.0,0.333333,0.333333,0.5,1.0,1.0,Cl2,2
a863,mcs_cev,0.666667,0.333333,0.666667,1.0,0.0,1.0,Cl2,2
a864,mcs_cev,0.333333,0.666667,0.333333,1.0,0.5,0.0,Cl1,1
a865,mcs_cev,1.0,0.0,0.666667,0.5,0.0,1.0,Cl2,2
a866,mcs_cev,0.333333,0.666667,0.0,1.0,1.0,0.5,Cl2,2
a867,mcs_cev,0.0,0.666667,1.0,0.0,1.0,0.0,Cl1,1
a868,mcs_cev,0.666667,0.333333,0.0,1.0,0.0,1.0,Cl2,2
a869,mcs_cev,0.666667,0.333333,0.333333,1.0,1.0,1.0,Cl3,3
a870,mcs_cev,0.0,0.333333,0.0,0.0,0.5,1.0,Cl1,1
a871,mcs_cev,0.0,0.333333,0.333333,1.0,0.5,0.0,Cl1,1
a872,mcs_cev,0.666667,0.666667,0.0,1.0,0.5,1.0,Cl3,3
a873,mcs_cev,1.0,0.0,0.0,0.0,0.5,0.5,Cl1,1
a874,mcs_cev,0.666667,0.333333,0.666667,1.0,0.5,1.0,Cl3,3
a875,mcs_cev,0.666667,0.0,0.333333,1.0,1.0,0.0,Cl1,1
a876,mcs_cev,0.0,1.0,0.333333,0.0,1.0,1.0,Cl1,1
a877,mcs_cev,0.666667,0.333333,0.333333,1.0,1.0,1.0,Cl3,3
a878,mcs_cev,0.666667,0.666667,0.333333,0.5,0.0,1.0,Cl2,2
a879,mcs_cev,0.0,0.333333,1.0,0.0,0.5,0.0,Cl1,1
a880,mcs_cev,0.333333,0.0,0.666667,0.5,0.5,0.0,Cl1,1
a881,mcs_cev,0.333333,1.0,1.0,0.0,0.0,0.5,Cl1,1
a882,mcs_cev,0.333333,0.666667,0.0,0.0,1.0,1.0,Cl1,1
a883,mcs_cev,0.0,0.0,1.0,0.0,1.0,1.0,Cl1,1
a884,mcs_cev,1.0,0.0,0.333333,0.5,1.0,1.0,Cl2,2
a885,mcs_cev,0.0,0.0,0.0,0.5,0.5,0.5,Cl1,1
a886,mcs_cev,0.666667,0.666667,1.0,0.5,0.0,0.5,Cl1,1
a887,mcs_cev,0.333333,0.666667,0.0,0.5,0.0,0.5,Cl1,1
a888,mcs_cev,0.0,1.0,1.0,0.5,1.0,0.0,Cl1,1
a889,mcs_cev,0.0,0.0,0.0,1.0,0.0,0.0,Cl1,1
a890,mcs_cev,0.0,1.0,0.0,0.5,0.5,1.0,Cl2,2
a891,mcs_cev,0.333333,0.333333,1.0,1.0,1.0,1.0,Cl3,3
a892,mcs_cev,1.0,1.0,0.666667,0.5,1.0,0.0,Cl1,1
a893,mcs_cev,0.666667,0.0,0.333333,0.5,0.5,0.5,Cl1,1
a894,mcs_cev,1.0,1.0,1.0,0.0,0.0,0.5,Cl1,1
a895,mcs_cev,0.0,0.0,1.0,1.0,0.0,1.0,Cl2,2
a896,mcs_cev,0.666667,0.333333,0.0,0.5,0.5,0.5,Cl1,1
a897,mcs_cev,0.0,1.0,0.666667,0.0,0.5,1.0,Cl1,1
a898,mcs_cev,1.0,1.0,0.333333,0.0,0.5,1.0,Cl2,2
a899,mcs_cev,1.0,0.333333,1.0,0.5,1.0,0.5,Cl2,2
a900,mcs_cev,0.666667,1.0,1.0,0.0,1.0,1.0,Cl2,2
a901,mcs_cev,0.666667,1.0,0.666667,0.0,0.5,0.0,Cl1,1
a902,mcs_cev,0.0,0.333333,0.0,0.5,1.0,0.0,Cl1,1
a903,mcs_cev,0.333333,0.333333,0.666667,1.0,0.0,0.5,Cl1,1
a904,mcs_cev,1.0,0.0,0.333333,0.5,0.5,0.0,Cl1,1
a905,mcs_cev,0.0,0.666667,1.0,1.0,1.0,0.5,Cl2,2
a906,mcs_cev,1.0,0.333333,0.666667,0.0,0.0,0.5,Cl1,1
a907,mcs_cev,0.333333,0.333333,0.666667,1.0,1.0,0.5,Cl2,2
a908,mcs_cev,1.0,1.0,0.333333,1.0,0.0,1.0,Cl3,3
a909,mcs_cev,0.333333,0.333333,0.666667,0.5,1.0,1.0,Cl2,2
a910,mcs_cev,0.333333,0.0,0.333333,1.0,0.5,1.0,Cl2,2
a911,mcs_cev,1.0,0.333333,0.333333,1.0,0.0,0.0,Cl1,1
a912,mcs_cev,1.0,1.0,0.0,0.5,1.0,1.0,Cl3,3
a913,mcs_cev,0.0,0.0,0.333333,1.0,1.0,1.0,Cl2,2
a914,mcs_cev,0.666667,0.333333,0.666667,1.0,1.0,0.5,Cl2,2
a915,mcs_cev,0.666667,0.333333,0.333333,0.5,0.5,0.0,Cl1,1
a916,mcs_cev,0.333333,0.666667,0.0,0.0,1.0,1.0,Cl1,1
a917,mcs_cev,1.0,1.0,0.0,0.0,1.0,0.5,Cl1,1
a918,mcs_cev,1.0,0.0,0.666667,0.5,0.5,0.0,Cl1,1
a919,mcs_cev,0.666667,0.0,0.0,0.5,0.0,0.0,Cl1,1
a920,mcs_cev,0.0,1.0,1.0,1.0,0.5,1.0,Cl3,3
a921,mcs_cev,0.333333,0.666667,0.333333,0.5,0.0,0.5,Cl1,1
a922,mcs_cev,0.0,0.333333,0.666667,0.0,1.0,0.5,Cl1,1
a923,mcs_cev,1.0,0.666667,0.666667,0.0,0.5,1.0,Cl2,2
a924,mcs_cev,1.0,1.0,0.333333,0.0,0.5,0.5,Cl1,1
a925,mcs_cev,1.0,0.0,1.0,1.0,1.0,0.0,Cl1,1
a926,mcs_cev,1.0,0.333333,1.0,0.0,0.5,1.0,Cl2,2
a927,mcs_cev,1.0,0.333333,0.666667,1.0,0.0,0.0,Cl1,1
a928,mcs_cev,0.333333,0.666667,0.666667,0.5,0.5,0.0,Cl1,1
a929,mcs_cev,1.0,0.333333,0.333333,1.0,0.5,0.5,Cl2,2
a930,mcs_cev,0.666667,0.333333,0.333333,0.0,0.5,0.0,Cl1,1
a931,mcs_cev,0.333333,0.666667,0.333333,0.5,0.5,1.0,Cl2,2
a932,mcs_cev,0.0,1.0,1.0,0.0,0.0,0.5,Cl1,1
a933,mcs_cev,0.333333,0.333333,0.666667,0.0,1.0,1.0,Cl1,1
a934,mcs_cev,1.0,0.0,0.0,0.0,0.5,1.0,Cl1,1
a935,mcs_cev,0.333333,0.666667,1.0,0.0,0.0,1.0,Cl1,1
a936,mcs_cev,0.666667,0.333333,0.0,1.0,0.0,0.5,Cl1,1
a937,mcs_cev,1.0,0.333333,1.0,0.0,1.0,1.0,Cl2,2
a938,mcs_cev,0.0,0.666667,1.0,0.5,0.5,0.5,Cl1,1
a939,mcs_cev,0.333333,0.333333,0.333333,0.0,1.0,0.0,Cl1,1
a940,mcs_cev,0.0,0.0,1.0,0.5,1.0,1.0,Cl1,1
a941,mcs_cev,0.333333,0.0,0.666667,1.0,0.5,0.5,Cl1,1
a942,mcs_cev,0.666667,0.333333,0.333333,1.0,0.5,1.0,Cl3,3
a943,mcs_cev,0.0,0.0,0.333333,0.0,0.0,0.5,Cl1,1
a944,mcs_cev,0.333333,0.0,0.333333,1.0,0.5,0.5,Cl1,1
a945,mcs_cev,0.333333,1.0,0.666667,0.0,0.5,0.0,Cl1,1
a946,mcs_cev,1.0,0.0,0.666667,1.0,0.0,1.0,Cl2,2
a947,mcs_cev,0.0,0.333333,1.0,1.0,0.0,0.0,Cl1,1
a948,mcs_cev,0.0,0.666667,0.333333,0.5,0.5,1.0,Cl1,1
a949,mcs_cev,0.333333,0.0,1.0,1.0,0.5,0.0,Cl1,1
a950,mcs_cev,0.666667,0.333333,0.666667,0.5,1.0,1.0,Cl2,2
a951,mcs_cev,0.333333,0.0,0.666667,0.0,1.0,1.0,Cl1,1
a952,mcs_cev,0.0,0.666667,0.333333,0.0,0.5,0.5,Cl1,1
a953,mcs_cev,0.333333,1.0,0.0,1.0,1.0,1.0,Cl3,3
a954,mcs_cev,1.0,0.0,1.0,0.0,0.5,1.0,Cl1,1
a955,mcs_cev,1.0,0.0,1.0,0.5,0.5,0.5,Cl1,1
a956,mcs_cev,0.333333,1.0,0.333333,0.0,1.0,0.0,Cl1,1
a957,mcs_cev,0.666667,0.0,0.0,1.0,0.5,0.5,Cl1,1
a958,mcs_cev,1.0,1.0,0.0,1.0,0.0,1.0,Cl3,3
a959,mcs_cev,0.0,0.0,0.666667,0.5,0.5,1.0,Cl1,1
a960,mcs_cev,0.666667,1.0,0.0,1.0,0.5,0.5,Cl2,2
a961,mcs_cev,1.0,0.333333,0.333333,0.5,0.5,1.0,Cl2,2
a962,mcs_cev,0.333333,1.0,0.333333,0.5,1.0,1.0,Cl2,2
a963,mcs_cev,0.666667,0.0,0.0,1.0,0.5,0.5,Cl1,1
a964,mcs_cev,0.666667,1.0,0.0,1.0,1.0,0.0,Cl2,2
a965,mcs_cev,0.666667,0.333333,0.333333,1.0,0.0,1.0,Cl2,2
a966,mcs_cev,1.0,1.0,0.666667,0.0,1.0,0.5,Cl1,1
a967,mcs_cev,1.0,1.0,0.666667,1.0,0.0,0.0,Cl2,2
a968,mcs_cev,1.0,0.666667,0.0,1.0,0.5,0.5,Cl2,2
a969,mcs_cev,0.0,1.0,0.333333,0.5,1.0,1.0,Cl2,2
a970,mcs_cev,0.0,0.666667,0.666667,1.0,0.5,0.5,Cl1,1
a971,mcs_cev,1.0,1.0,0.0,0.5,0.5,0.0,Cl1,1
a972,mcs_cev,0.333333,0.333333,0.0,0.5,0.0,0.0,Cl1,1
a973,mcs_cev,1.0,0.0,1.0,1.0,0.5,0.0,Cl1,1
a974,mcs_cev,0.0,0.666667,0.333333,0.5,0.5,0.0,Cl1,1
a975,mcs_cev,1.0,1.0,1.0,0.5,0.0,0.5,Cl2,2
a976,mcs_cev,1.0,1.0,0.666667,0.5,0.0,0.5,Cl2,2
a977,mcs_cev,0.666667,0.666667,0.666667,0.5,0.0,0.0,Cl1,1
a978,mcs_cev,0.0,1.0,0.333333,0.5,1.0,0.0,Cl1,1
a979,mcs_cev,0.0,1.0,0.0,1.0,0.5,1.0,Cl2,2
a980,mcs_cev,0.0,0.333333,0.666667,1.0,1.0,0.5,Cl1,1
a981,mcs_cev,0.0,0.333333,1.0,0.5,1.0,1.0,Cl2,2
a982,mcs_cev,0.333333,0.0,0.0,0.5,0.0,0.5,Cl1,1
a983,mcs_cev,0.333333,0.333333,0.0,1.0,0.0,0.5,Cl1,1
a984,mcs_cev,0.333333,0.0,1.0,1.0,1.0,0.0,Cl1,1
a985,mcs_cev,0.666667,0.666667,0.0,0.0,0.5,0.0,Cl1,1
a986,mcs_cev,0.333333,1.0,0.666667,0.0,0.0,0.0,Cl1,1
a987,mcs_cev,0.666667,0.666667,0.0,1.0,0.5,0.0,Cl1,1
a988,mcs_cev,0.666667,0.666667,0.666667,1.0,0.0,0.5,Cl2,2
a989,mcs_cev,1.0,0.666667,0.666667,0.0,1.0,0.5,Cl1,1
a990,mcs_cev,1.0,1.0,0.666667,1.0,1.0,1.0,Cl3,3
a991,mcs_cev,0.333333,1.0,0.0,0.0,0.5,0.0,Cl1,1
a992,mcs_cev,0.333333,1.0,1.0,0.0,0.0,0.0,Cl1,1
a993,mcs_cev,0.0,1.0,0.0,0.0,1.0,0.0,Cl1,1
a994,mcs_cev,0.333333,0.333333,1.0,0.5,0.0,0.5,Cl1,1
a995,mcs_cev,0.0,0.0,0.666667,0.0,0.0,0.5,Cl1,1
a996,mcs_cev,1.0,1.0,1.0,0.5,0.0,0.0,Cl1,1
a997,mcs_cev,0.0,0.0,1.0,0.0,1.0,0.0,Cl1,1
a998,mcs_cev,1.0,0.666667,0.333333,0.5,0.0,1.0,Cl2,2
a999,mcs_cev,1.0,0.0,0.333333,0.5,1.0,0.5,Cl1,1
a1000,mcs_cev,0.0,0.333333,0.666667,1.0,0.0,0.0,Cl1,1
a1001,mcs_cev,0.666667,0.666667,0.666667,1.0,0.5,0.5,Cl2,2
a1002,mcs_cev,1.0,0.333333,1.0,0.5,1.0,0.5,Cl2,2
a1003,mcs_cev,0.0,0.666667,0.666667,0.0,1.0,1.0,Cl1,1
a1004,mcs_cev,1.0,0.333333,1.0,0.0,1.0,0.5,Cl1,1
a1005,mcs_cev,0.666667,0.0,0.0,0.0,0.5,0.0,Cl1,1
a1006,mcs_cev,0.666667,1.0,0.0,1.0,0.5,0.0,Cl1,1
a1007,mcs_cev,0.666667,0.0,0.333333,0.5,0.0,1.0,Cl1,1
a1008,mcs_cev,0.666667,1.0,1.0,0.5,0.5,1.0,Cl3,3
a1009,mcs_cev,0.333333,0.666667,1.0,1.0,0.0,0.0,Cl1,1
a1010,mcs_cev,0.666667,0.666667,1.0,1.0,0.0,0.0,Cl1,1
a1011,mcs_cev,0.666667,1.0,0.666667,1.0,0.0,1.0,Cl3,3
a1012,mcs_cev,1.0,0.666667,1.0,1.0,0.5,0.5,Cl2,2
a1013,mcs_cev,0.0,0.0,1.0,1.0,0.0,0.0,Cl1,1
a1014,mcs_cev,0.0,0.666667,0.333333,1.0,0.5,0.0,Cl1,1
a1015,mcs_cev,0.333333,0.666667,0.333333,1.0,0.0,1.0,Cl2,2
a1016,mcs_cev,0.666667,0.0,1.0,0.5,0.0,1.0,Cl1,1
a1017,mcs_cev,1.0,0.666667,1.0,0.0,0.5,1.0,Cl2,2
a1018,mcs_cev,0.0,0.0,0.0,1.0,0.5,0.0,Cl1,1
a1019,mcs_cev,0.666667,0.0,0.666667,0.0,0.5,0.5,Cl1,1
a1020,mcs_cev,1.0,0.0,0.0,0.5,1.0,0.5,Cl1,1
a1021,mcs_cev,1.0,0.333333,0.666667,0.0,0.5,0.0,Cl1,1
a1022,mcs_cev,1.0,0.0,0.333333,0.0,0.5,1.0,Cl1,1
a1023,mcs_cev,1.0,1.0,0.0,0.5,0.0,0.5,Cl2,2
a1024,mcs_cev,1.0,1.0,0.0,1.0,0.0,1.0,Cl3,3
a1025,mcs_cev,0.0,0.0,0.0,0.5,0.0,0.5,Cl1,1
a1026,mcs_cev,0.666667,0.333333,0.333333,0.0,0.0,1.0,Cl1,1
a1027,mcs_cev,0.666667,0.0,0.0,1.0,0.0,1.0,Cl2,2
a1028,mcs_cev,1.0,1.0,0.0,1.0,0.0,0.0,Cl1,1
a1029,mcs_cev,0.666667,1.0,0.333333,0.5,1.0,1.0,Cl3,3
a1030,mcs_cev,0.333333,0.666667,0.333333,0.0,1.0,0.0,Cl1,1
a1031,mcs_cev,0.333333,1.0,0.0,0.5,0.0,1.0,Cl2,2
a1032,mcs_cev,0.666667,1.0,1.0,0.5,0.0,0.5,Cl1,1
a1033,mcs_cev,0.333333,0.333333,1.0,1.0,0.5,0.0,Cl1,1
a1034,mcs_cev,1.0,1.0,0.333333,0.5,1.0,0.5,Cl2,2
a1035,mcs_cev,0.0,0.0,0.666667,0.0,1.0,1.0,Cl1,1
a1036,mcs_cev,0.333333,0.666667,0.666667,0.0,0.5,0.5,Cl1,1
a1037,mcs_cev,0.333333,0.0,0.333333,0.5,0.5,0.0,Cl1,1
a1038,mcs_cev,0.0,0.0,0.666667,1.0,1.0,0.0,Cl1,1
a1039,mcs_cev,0.0,0.666667,1.0,0.5,0.0,0.5,Cl1,1
a1040,mcs_cev,0.0,0.0,0.666667,0.5,0.0,0.0,Cl1,1
a1041,mcs_cev,0.666667,0.0,1.0,0.5,0.5,1.0,Cl2,2
a1042,mcs_cev,0.0,0.666667,0.666667,1.0,0.5,1.0,Cl2,2
a1043,mcs_cev,0.0,1.0,0.666667,0.0,0.5,1.0,Cl1,1
a1044,mcs_cev,1.0,0.333333,0.0,0.0,0.5,1.0,Cl1,1
a1045,mcs_cev,0.0,0.666667,0.666667,0.0,0.0,0.5,Cl1,1
a1046,mcs_cev,0.333333,1.0,0.666667,1.0,1.0,1.0,Cl3,3
a1047,mcs_cev,0.666667,0.333333,0.666667,0.5,0.5,0.0,Cl1,1
a1048,mcs_cev,0.333333,1.0,0.0,1.0,1.0,0.5,Cl2,2
a1049,mcs_cev,0.0,1.0,0.0,1.0,0.5,0.0,Cl1,1
a1050,mcs_cev,0.0,0.333333,0.333333,0.5,1.0,0.5,Cl1,1
a1051,mcs_cev,0.333333,0.666667,1.0,0.5,1.0,0.0,Cl1,1
a1052,mcs_cev,0.666667,1.0,1.0,0.0,0.5,0.0,Cl1,1
a1053,mcs_cev,0.0,0.333333,0.333333,1.0,0.0,0.5,Cl1,1
a1054,mcs_cev,1.0,0.0,0.666667,0.0,0.0,0.5,Cl1,1
a1055,mcs_cev,0.666667,1.0,0.666667,0.5,0.0,1.0,Cl2,2
a1056,mcs_cev,0.0,1.0,1.0,0.0,0.0,0.5,Cl1,1
a1057,mcs_cev,1.0,1.0,0.0,1.0,1.0,1.0,Cl3,3
a1058,mcs_cev,0.0,0.666667,0.333333,0.0,1.0,1.0,Cl1,1
a1059,mcs_cev,0.0,0.333333,0.666667,0.5,1.0,1.0,Cl1,1
a1060,mcs_cev,1.0,0.666667,1.0,0.0,1.0,0.0,Cl1,1
a1061,mcs_cev,0.666667,0.333333,0.0,0.0,0.5,0.0,Cl1,1
a1062,mcs_cev,0.0,0.0,0.666667,1.0,0.5,0.0,Cl1,1
a1063,mcs_cev,1.0,0.0,0.0,0.5,0.0,1.0,Cl2,2
a1064,mcs_cev,0.666667,0.333333,0.666667,0.5,1.0,1.0,Cl2,2
a1065,mcs_cev,0.0,1.0,0.0,1.0,1.0,0.5,Cl2,2
a1066,mcs_cev,1.0,1.0,0.0,0.5,0.0,0.5,Cl2,2
a1067,mcs_cev,0.666667,0.666667,0.333333,0.5,0.5,0.5,Cl1,1
a1068,mcs_cev,1.0,0.0,0.666667,0.0,0.5,0.0,Cl1,1
a1069,mcs_cev,0.666667,0.0,0.333333,0.0,1.0,0.0,Cl1,1
a1070,mcs_cev,1.0,0.333333,0.0,0.0,0.0,0.5,Cl1,1
a1071,mcs_cev,0.666667,0.666667,1.0,0.0,0.0,0.5,Cl1,1
a1072,mcs_cev,1.0,0.0,0.666667,0.0,0.0,0.5,Cl1,1
a1073,mcs_cev,0.0,0.0,0.0,1.0,1.0,0.5,Cl1,1
a1074,mcs_cev,0.666667,0.333333,0.0,1.0,0.0,0.0,Cl1,1
a1075,mcs_cev,0.666667,0.333333,1.0,0.0,0.5,0.0,Cl1,1
a1076,mcs_cev,0.333333,0.0,1.0,0.5,1.0,0.5,Cl1,1
a1077,mcs_cev,1.0,1.0,1.0,0.0,0.0,0.5,Cl1,1
a1078,mcs_cev,0.333333,0.666667,1.0,0.5,0.0,0.5,Cl1,1
a1079,mcs_cev,0.333333,1.0,0.0,1.0,0.5,1.0,Cl3,3
a1080,mcs_cev,1.0,0.333333,1.0,0.5,0.5,0.5,Cl1,1
a1081,mcs_cev,0.0,0.333333,0.333333,0.5,0.0,1.0,Cl1,1
a1082,mcs_cev,0.0,0.333333,0.333333,1.0,0.0,0.5,Cl1,1
a1083,mcs_cev,1.0,1.0,0.666667,0.5,1.0,0.5,Cl2,2
a1084,mcs_cev,0.333333,1.0,0.0,0.0,0.5,0.0,Cl1,1
a1085,mcs_cev,0.0,0.333333,0.0,0.0,0.5,1.0,Cl1,1
a1086,mcs_cev,0.333333,0.0,0.0,0.0,0.5,0.5,Cl1,1
a1087,mcs_cev,1.0,1.0,0.0,0.5,1.0,0.5,Cl2,2
a1088,mcs_cev,0.0,1.0,0.666667,0.5,1.0,0.0,Cl1,1
a1089,mcs_cev,0.0,1.0,0.0,1.0,1.0,0.5,Cl2,2
a1090,mcs_cev,0.333333,0.0,0.666667,0.5,0.5,1.0,Cl1,1
a1091,mcs_cev,0.666667,0.333333,0.0,0.0,0.0,1.0,Cl1,1
a1092,mcs_cev,0.333333,0.333333,0.333333,1.0,1.0,0.0,Cl1,1
a1093,mcs_cev,0.0,1.0,1.0,0.0,1.0,0.0,Cl1,1
a1094,mcs_cev,0.0,0.666667,0.333333,1.0,0.5,0.5,Cl1,1
a1095,mcs_cev,0.0,0.333333,1.0,0.0,0.5,0.0,Cl1,1
a1096,mcs_cev,0.333333,0.333333,1.0,1.0,0.0,0.5,Cl1,1
a1097,mcs_cev,1.0,1.0,1.0,0.5,0.0,0.5,Cl2,2
a1098,mcs_cev,1.0,0.333333,0.666667,0.5,1.0,0.0,Cl1,1
a1099,mcs_cev,0.333333,0.0,1.0,0.5,0.5,0.0,Cl1,1
a1100,mcs_cev,1.0,0.0,0.333333,1.0,1.0,0.0,Cl1,1
a1101,mcs_cev,0.333333,0.666667,0.0,0.5,0.0,1.0,Cl1,1
a1102,mcs_cev,1.0,1.0,0.666667,0.0,1.0,0.0,Cl1,1
a1103,mcs_cev,0.333333,0.666667,0.333333,0.5,1.0,0.5,Cl1,1
a1104,mcs_cev,1.0,0.0,0.333333,1.0,1.0,0.5,Cl2,2
a1105,mcs_cev,0.666667,1.0,0.333333,0.5,0.0,0.5,Cl1,1
a1106,mcs_cev,0.0,0.333333,0.666667,0.0,0.0,1.0,Cl1,1
a1107,mcs_cev,0.333333,0.333333,0.333333,0.5,0.5,1.0,Cl1,1
a1108,mcs_cev,0.666667,1.0,0.333333,0.0,0.0,1.0,Cl1,1
a1109,mcs_cev,0.666667,0.333333,0.666667,0.5,0.0,1.0,Cl2,2
a1110,mcs_cev,1.0,0.0,1.0,0.0,0.0,0.0,Cl1,1
a1111,mcs_cev,0.666667,0.0,0.666667,0.0,0.5,1.0,Cl1,1
a1112,mcs_cev,1.0,0.333333,0.0,0.5,0.5,0.0,Cl1,1
a1113,mcs_cev,0.666667,1.0,0.333333,1.0,0.5,0.5,Cl2,2
a1114,mcs_cev,0.333333,1.0,0.0,0.0,0.0,0.5,Cl1,1
a1115,mcs_cev,1.0,0.333333,0.0,0.5,0.0,1.0,Cl2,2
a1116,mcs_cev,0.666667,0.0,0.333333,0.5,0.5,0.0,Cl1,1
a1117,mcs_cev,0.666667,0.0,0.333333,0.0,0.5,0.5,Cl1,1
a1118,mcs_cev,0.333333,0.0,1.0,0.0,0.0,0.5,Cl1,1
a1119,mcs_cev,0.333333,1.0,0.666667,1.0,1.0,1.0,Cl3,3
a1120,mcs_cev,0.0,0.333333,1.0,0.5,0.5,1.0,Cl1,1
a1121,mcs_cev,0.333333,0.333333,0.0,0.0,0.0,0.0,Cl1,1
a1122,mcs_cev,0.333333,0.0,0.0,0.0,1.0,0.0,Cl1,1
a1123,mcs_cev,0.0,0.666667,0.333333,0.0,1.0,0.0,Cl1,1
a1124,mcs_cev,0.0,0.0,0.333333,1.0,0.0,1.0,Cl1,1
a1125,mcs_cev,0.333333,0.666667,1.0,0.0,0.5,1.0,Cl1,1
a1126,mcs_cev,1.0,0.0,0.333333,0.5,0.5,1.0,Cl2,2
a1127,mcs_cev,0.0,0.333333,1.0,0.5,0.0,0.5,Cl1,1
a1128,mcs_cev,0.666667,0.333333,0.666667,0.5,0.5,0.5,Cl1,1
a1129,mcs_cev,0.0,1.0,1.0,0.0,0.5,1.0,Cl1,1
a1130,mcs_cev,0.0,0.0,0.0,1.0,0.0,0.0,Cl1,1
a1131,mcs_cev,0.333333,0.0,0.0,0.5,0.0,1.0,Cl1,1
a1132,mcs_cev,0.0,0.333333,0.333333,1.0,0.5,0.0,Cl1,1
a1133,mcs_cev,0.333333,1.0,0.333333,0.0,0.5,0.0,Cl1,1
a1134,mcs_cev,0.0,0.0,1.0,0.0,0.0,0.5,Cl1,1
a1135,mcs_cev,0.0,1.0,0.333333,1.0,1.0,0.0,Cl1,1
a1136,mcs_cev,0.666667,0.0,0.666667,0.0,0.0,1.0,Cl1,1
a1137,mcs_cev,1.0,0.666667,0.333333,0.0,0.0,0.5,Cl1,1
a1138,mcs_cev,0.333333,0.333333,0.0,1.0,1.0,1.0,Cl2,2
a1139,mcs_cev,1.0,0.666667,0.666667,0.0,1.0,0.0,Cl1,1
a1140,mcs_cev,0.333333,1.0,0.0,0.0,0.5,0.0,Cl1,1
a1141,mcs_cev,0.666667,0.666667,0.666667,1.0,0.5,0.0,Cl1,1
a1142,mcs_cev,0.333333,0.333333,0.0,1.0,0.5,0.0,Cl1,1
a1143,mcs_cev,0.333333,0.666667,0.666667,0.5,0.0,0.5,Cl1,1
a1144,mcs_cev,0.333333,0.0,0.666667,1.0,0.0,0.0,Cl1,1
a1145,mcs_cev,1.0,0.0,0.666667,1.0,1.0,0.0,Cl1,1
a1146,mcs_cev,1.0,0.666667,0.666667,0.0,0.0,0.0,Cl1,1
a1147,mcs_cev,1.0,0.666667,0.0,1.0,1.0,1.0,Cl3,3
a1148,mcs_cev,0.0,0.0,0.333333,0.0,0.5,0.5,Cl1,1
a1149,mcs_cev,1.0,0.666667,0.333333,0.0,1.0,0.5,Cl1,1
a1150,mcs_cev,0.0,0.666667,0.0,1.0,1.0,1.0,Cl2,2
a1151,mcs_cev,0.0,0.666667,0.333333,0.0,1.0,0.0,Cl1,1
a1152,mcs_cev,0.666667,0.666667,0.333333,1.0,0.0,0.5,Cl2,2
a1153,mcs_cev,0.0,0.333333,1.0,0.0,1.0,0.5,Cl1,1
a1154,mcs_cev,0.333333,0.666667,1.0,1.0,0.5,0.5,Cl2,2
a1155,mcs_cev,0.333333,0.333333,0.0,0.5,0.5,0.5,Cl1,1
a1156,mcs_cev,1.0,1.0,0.666667,1.0,0.5,0.5,Cl3,3
a1157,mcs_cev,1.0,0.333333,0.0,0.5,0.5,1.0,Cl2,2
a1158,mcs_cev,1.0,1.0,1.0,1.0,1.0,0.5,Cl3,3
a1159,mcs_cev,1.0,1.0,0.333333,0.5,0.0,0.0,Cl1,1
a1160,mcs_cev,0.666667,0.0,0.0,0.5,0.0,0.0,Cl1,1
a1161,mcs_cev,0.333333,1.0,1.0,0.5,0.0,0.5,Cl1,1
a1162,mcs_cev,0.0,0.0,0.666667,0.5,0.0,1.0,Cl1,1
a1163,mcs_cev,0.0,0.666667,0.666667,1.0,0.0,0.5,Cl1,1
a1164,mcs_cev,0.0,0.0,0.333333,0.5,0.0,0.0,Cl1,1
a1165,mcs_cev,0.333333,0.0,0.333333,1.0,0.5,0.5,Cl1,1
a1166,mcs_cev,0.333333,0.0,0.666667,1.0,1.0,0.0,Cl1,1
a1167,mcs_cev,0.666667,0.333333,0.333333,1.0,0.0,0.0,Cl1,1
a1168,mcs_cev,1.0,1.0,1.0,0.5,1.0,1.0,Cl3,3
a1169,mcs_cev,1.0,0.0,0.666667,0.0,1.0,0.0,Cl1,1
a1170,mcs_cev,1.0,0.333333,1.0,0.0,0.5,0.5,Cl1,1
a1171,mcs_cev,0.333333,0.333333,1.0,0.5,0.0,0.0,Cl1,1
a1172,mcs_cev,0.333333,0.666667,0.666667,0.5,0.5,0.0,Cl1,1
a1173,mcs_cev,1.0,0.666667,0.333333,1.0,0.5,0.0,Cl1,1
a1174,mcs_cev,1.0,0.0,1.0,0.0,0.0,0.0,Cl1,1
a1175,mcs_cev,0.0,1.0,0.333333,0.5,1.0,0.5,Cl1,1
a1176,mcs_cev,1.0,0.0,0.0,0.0,1.0,0.5,Cl1,1
a1177,mcs_cev,1.0,0.666667,0.666667,0.0,0.0,1.0,Cl1,1
a1178,mcs_cev,1.0,1.0,0.0,0.5,0.0,0.0,Cl1,1
a1179,mcs_cev,0.666667,1.0,1.0,0.5,0.5,0.0,Cl1,1
a1180,mcs_cev,0.333333,1.0,0.333333,0.5,0.0,1.0,Cl2,2
a1181,mcs_cev,1.0,0.333333,0.0,1.0,0.0,0.0,Cl1,1
a1182,mcs_cev,0.333333,0.333333,0.0,0.0,0.0,0.5,Cl1,1
a1183,mcs_cev,0.333333,0.666667,0.666667,0.0,0.0,0.5,Cl1,1
a1184,mcs_cev,0.666667,0.333333,0.333333,1.0,1.0,0.0,Cl1,1
a1185,mcs_cev,0.333333,0.0,0.0,0.5,1.0,1.0,Cl1,1
a1186,mcs_cev,0.0,1.0,0.666667,0.0,0.0,0.5,Cl1,1
a1187,mcs_cev,0.333333,0.666667,1.0,1.0,1.0,0.5,Cl2,2
a1188,mcs_cev,1.0,0.333333,0.333333,0.5,1.0,0.5,Cl2,2
a1189,mcs_cev,0.333333,0.666667,0.333333,0.5,1.0,0.0,Cl1,1
a1190,mcs_cev,0.0,1.0,0.666667,1.0,0.5,0.0,Cl1,1
a1191,mcs_cev,0.333333,0.666667,0.666667,0.0,1.0,1.0,Cl1,1
a1192,mcs_cev,1.0,0.333333,1.0,1.0,0.0,0.0,Cl1,1
a1193,mcs_cev,1.0,0.0,0.666667,0.0,1.0,1.0,Cl1,1
a1194,mcs_cev,0.0,0.333333,1.0,1.0,1.0,0.0,Cl1,1
a1195,mcs_cev,0.0,0.333333,0.0,0.0,0.5,0.5,Cl1,1
a1196,mcs_cev,0.0,1.0,0.333333,1.0,0.5,0.5,Cl2,2
a1197,mcs_cev,0.333333,1.0,0.666667,0.0,0.5,0.0,Cl1,1
a1198,mcs_cev,1.0,0.666667,0.666667,1.0,0.0,0.5,Cl2,2
a1199,mcs_cev,0.666667,0.333333,0.666667,1.0,1.0,0.5,Cl2,2
a1200,mcs_cev,1.0,0.666667,0.666667,1.0,0.5,0.0,Cl2,2
a1201,mcs_cev,1.0,1.0,0.666667,0.5,0.5,1.0,Cl3,3
a1202,mcs_cev,0.333333,0.0,1.0,1.0,0.0,0.0,Cl1,1
a1203,mcs_cev,0.666667,0.0,0.0,0.5,0.5,0.0,Cl1,1
a1204,mcs_cev,0.333333,0.333333,0.666667,1.0,1.0,0.0,Cl1,1
a1205,mcs_cev,0.666667,0.666667,0.666667,0.5,0.5,0.5,Cl1,1
a1206,mcs_cev,0.333333,0.666667,0.333333,0.5,0.0,0.5,Cl1,1
a1207,mcs_cev,1.0,1.0,0.0,1.0,0.0,0.5,Cl2,2
a1208,mcs_cev,0.0,1.0,0.0,0.5,0.5,0.5,Cl1,1
a1209,mcs_cev,0.0,0.0,0.0,0.5,0.5,1.0,Cl1,1
a1210,mcs_cev,1.0,1.0,1.0,1.0,0.5,0.0,Cl2,2
a1211,mcs_cev,0.0,1.0,0.666667,0.5,1.0,1.0,Cl2,2
a1212,mcs_cev,0.333333,0.666667,0.333333,0.0,1.0,0.0,Cl1,1
a1213,mcs_cev,0.0,0.333333,0.666667,1.0,1.0,0.0,Cl1,1
a1214,mcs_cev,0.0,0.333333,1.0,1.0,0.0,0.0,Cl1,1
a1215,mcs_cev,1.0,0.333333,0.0,0.0,0.0,0.5,Cl1,1
a1216,mcs_cev,0.0,0.666667,0.0,1.0,1.0,1.0,Cl2,2
a1217,mcs_cev,0.333333,1.0,0.0,0.5,1.0,0.0,Cl1,1
a1218,mcs_cev,1.0,0.0,0.666667,0.0,1.0,0.0,Cl1,1
a1219,mcs_cev,0.666667,0.333333,1.0,0.0,0.0,0.5,Cl1,1
a1220,mcs_cev,0.0,0.0,1.0,1.0,1.0,0.5,Cl1,1
a1221,mcs_cev,0.0,0.666667,0.0,0.0,0.0,0.5,Cl1,1
a1222,mcs_cev,0.0,0.0,0.666667,0.5,1.0,0.0,Cl1,1
a1223,mcs_cev,0.0,0.333333,0.666667,0.5,1.0,1.0,Cl1,1
a1224,mcs_cev,0.333333,0.333333,0.666667,0.0,1.0,1.0,Cl1,1
a1225,mcs_cev,1.0,0.333333,0.666667,0.0,0.5,1.0,Cl1,1
a1226,mcs_cev,0.333333,0.666667,0.666667,0.0,0.5,0.0,Cl1,1
a1227,mcs_cev,0.333333,0.333333,1.0,0.5,0.0,1.0,Cl1,1
a1228,mcs_cev,0.333333,0.333333,1.0,1.0,0.0,0.5,Cl1,1
a1229,mcs_cev,0.333333,0.333333,1.0,0.5,0.5,0.0,Cl1,1
a1230,mcs_cev,1.0,0.666667,0.0,0.5,0.0,1.0,Cl2,2
a1231,mcs_cev,0.0,0.666667,0.666667,1.0,0.0,0.0,Cl1,1
a1232,mcs_cev,0.333333,0.333333,1.0,0.0,0.5,0.5,Cl1,1
a1233,mcs_cev,0.333333,0.0,1.0,0.5,0.0,0.5,Cl1,1
a1234,mcs_cev,0.0,0.333333,0.0,0.5,0.0,1.0,Cl1,1
a1235,mcs_cev,0.0,0.666667,0.333333,1.0,0.0,1.0,Cl2,2
a1236,mcs_cev,0.333333,1.0,1.0,1.0,1.0,1.0,Cl3,3
a1237,mcs_cev,1.0,0.333333,0.0,0.0,0.5,0.5,Cl1,1
a1238,mcs_cev,0.0,0.333333,0.0,0.0,1.0,1.0,Cl1,1
a1239,mcs_cev,0.0,0.0,0.0,0.0,0.0,0.0,Cl1,1
a1240,mcs_cev,0.333333,0.333333,0.333333,0.0,1.0,1.0,Cl1,1
a1241,mcs_cev,0.333333,0.0,1.0,0.0,0.5,1.0,Cl1,1
a1242,mcs_cev,0.0,1.0,0.0,0.5,1.0,0.5,Cl1,1
a1243,mcs_cev,0.333333,1.0,0.0,0.0,0.0,0.5,Cl1,1
a1244,mcs_cev,0.0,0.666667,0.666667,0.5,0.0,1.0,Cl1,1
a1245,mcs_cev,0.0,0.666667,0.0,1.0,0.0,1.0,Cl2,2
a1246,mcs_cev,0.0,1.0,1.0,1.0,1.0,0.5,Cl2,2
a1247,mcs_cev,0.666667,1.0,0.0,0.5,0.0,1.0,Cl2,2
a1248,mcs_cev,0.0,0.666667,0.666667,0.0,1.0,0.0,Cl1,1
a1249,mcs_cev,1.0,0.666667,0.333333,0.0,0.5,0.0,Cl1,1
a1250,mcs_cev,0.333333,0.333333,1.0,0.5,0.5,0.5,Cl1,1
a1251,mcs_cev,0.666667,0.333333,0.333333,0.0,0.5,0.5,Cl1,1
a1252,mcs_cev,1.0,0.0,0.666667,1.0,0.5,1.0,Cl3,3
a1253,mcs_cev,0.0,0.333333,1.0,0.0,1.0,0.5,Cl1,1
a1254,mcs_cev,0.333333,0.333333,0.0,1.0,0.5,1.0,Cl2,2
a1255,mcs_cev,1.0,0.333333,0.0,0.5,0.0,0.0,Cl1,1
a1256,mcs_cev,0.666667,1.0,0.666667,0.5,1.0,1.0,Cl3,3
a1257,mcs_cev,0.666667,1.0,0.0,0.0,0.5,0.0,Cl1,1
a1258,mcs_cev,0.666667,0.0,0.0,1.0,1.0,1.0,Cl2,2
a1259,mcs_cev,0.333333,0.0,0.0,0.5,0.5,0.0,Cl1,1
a1260,mcs_cev,0.0,0.0,1.0,0.5,0.0,0.5,Cl1,1
a1261,mcs_cev,1.0,1.0,0.333333,1.0,1.0,1.0,Cl3,3
a1262,mcs_cev,0.0,1.0,0.0,0.0,0.0,1.0,Cl1,1
a1263,mcs_cev,0.333333,0.0,0.666667,0.5,1.0,1.0,Cl2,2
a1264,mcs_cev,0.0,0.0,0.0,1.0,0.5,1.0,Cl2,2
a1265,mcs_cev,1.0,0.0,1.0,0.5,1.0,0.0,Cl1,1
a1266,mcs_cev,0.333333,0.333333,0.0,0.5,1.0,0.5,Cl1,1
a1267,mcs_cev,0.666667,0.0,1.0,0.0,0.5,0.5,Cl1,1
a1268,mcs_cev,0.0,1.0,0.333333,0.0,1.0,0.0,Cl1,1
a1269,mcs_cev,0.0,0.333333,0.666667,0.0,0.0,0.5,Cl1,1
a1270,mcs_cev,0.333333,0.333333,1.0,0.5,1.0,1.0,Cl2,2
a1271,mcs_cev,0.333333,0.333333,0.0,1.0,0.5,0.0,Cl1,1
a1272,mcs_cev,1.0,0.666667,0.666667,1.0,1.0,0.5,Cl3,3
a1273,mcs_cev,0.666667,0.666667,0.333333,0.5,0.0,1.0,Cl2,2
a1274,mcs_cev,1.0,0.0,1.0,0.0,0.0,0.0,Cl1,1
a1275,mcs_cev,0.0,1.0,1.0,0.5,0.5,0.0,Cl1,1
a1276,mcs_cev,0.666667,0.0,0.333333,0.5,0.5,0.0,Cl1,1
a1277,mcs_cev,0.333333,0.666667,1.0,0.0,1.0,0.5,Cl1,1
a1278,mcs_cev,0.0,0.666667,0.333333,0.5,0.0,0.5,Cl1,1
a1279,mcs_cev,0.333333,0.666667,1.0,0.5,0.0,0.0,Cl1,1
a1280,mcs_cev,1.0,1.0,1.0,1.0,0.5,0.0,Cl2,2
a1281,mcs_cev,0.333333,1.0,0.666667,0.0,0.0,0.0,Cl1,1
a1282,mcs_cev,0.0,1.0,0.0,0.5,0.0,0.0,Cl1,1
a1283,mcs_cev,0.333333,0.666667,0.333333,1.0,0.0,1.0,Cl2,2
a1284,mcs_cev,1.0,0.666667,0.333333,0.0,1.0,0.0,Cl1,1
a1285,mcs_cev,0.333333,0.0,0.333333,0.0,0.5,1.0,Cl1,1
a1286,mcs_cev,0.666667,0.666667,1.0,1.0,1.0,1.0,Cl3,3
a1287,mcs_cev,1.0,0.0,0.333333,0.0,1.0,0.0,Cl1,1
a1288,mcs_cev,0.333333,1.0,1.0,0.5,0.0,0.0,Cl1,1
a1289,mcs_cev,0.0,1.0,0.0,1.0,1.0,0.0,Cl1,1
a1290,mcs_cev,0.0,0.333333,0.666667,0.5,0.0,0.5,Cl1,1
a1291,mcs_cev,0.333333,0.333333,1.0,0.0,0.0,1.0,Cl1,1
a1292,mcs_cev,0.333333,0.0,0.333333,0.0,0.5,0.0,Cl1,1
a1293,mcs_cev,0.0,0.0,1.0,0.5,0.0,0.0,Cl1,1
a1294,mcs_cev,0.666667,0.0,0.333333,0.0,0.5,0.5,Cl1,1
a1295,mcs_cev,1.0,0.333333,1.0,0.5,0.5,0.0,Cl1,1
a1296,mcs_cev,0.666667,0.0,0.0,0.0,0.5,0.0,Cl1,1
a1297,mcs_cev,0.666667,0.666667,0.333333,0.5,1.0,0.5,Cl1,1
a1298,mcs_cev,0.0,1.0,0.0,0.0,1.0,0.0,Cl1,1
a1299,mcs_cev,0.666667,0.0,1.0,0.0,0.5,1.0,Cl1,1
a1300,mcs_cev,0.0,1.0,0.0,1.0,0.5,0.0,Cl1,1
a1301,mcs_cev,1.0,0.0,0.333333,0.5,0.5,0.0,Cl1,1
a1302,mcs_cev,0.666667,0.0,1.0,0.5,0.0,0.0,Cl1,1
a1303,mcs_cev,0.0,0.666667,0.333333,0.0,0.0,0.5,Cl1,1
a1304,mcs_cev,0.333333,1.0,1.0,0.5,0.5,0.0,Cl1,1
a1305,mcs_cev,0.333333,1.0,0.0,1.0,0.5,1.0,Cl3,3
a1306,mcs_cev,0.0,1.0,0.666667,0.0,0.5,0.5,Cl1,1
a1307,mcs_cev,1.0,0.666667,0.0,1.0,0.0,0.0,Cl1,1
a1308,mcs_cev,0.666667,0.333333,0.333333,0.0,1.0,0.0,Cl1,1
a1309,mcs_cev,0.333333,1.0,0.0,0.5,0.0,0.5,Cl1,1
a1310,mcs_cev,0.333333,1.0,0.0,0.5,0.5,0.5,Cl1,1
a1311,mcs_cev,0.666667,0.666667,0.0,1.0,0.0,1.0,Cl2,2
a1312,mcs_cev,0.666667,1.0,0.666667,1.0,0.5,0.0,Cl2,2
a1313,mcs_cev,0.666667,1.0,0.0,0.0,0.0,0.0,Cl1,1
a1314,mcs_cev,0.0,0.666667,0.333333,0.0,0.0,1.0,Cl1,1
a1315,mcs_cev,0.0,1.0,0.333333,1.0,0.5,1.0,Cl2,2
a1316,mcs_cev,0.666667,1.0,1.0,0.5,0.5,1.0,Cl3,3
a1317,mcs_cev,0.333333,0.666667,0.666667,1.0,0.0,0.5,Cl2,2
a1318,mcs_cev,1.0,0.333333,0.333333,0.0,0.0,0.5,Cl1,1
a1319,mcs_cev,0.666667,0.333333,0.333333,0.0,1.0,0.5,Cl1,1
a1320,mcs_cev,0.666667,0.333333,0.666667,0.0,0.0,0.0,Cl1,1
a1321,mcs_cev,0.0,0.0,1.0,0.5,0.0,0.0,Cl1,1
a1322,mcs_cev,0.0,0.333333,1.0,0.5,1.0,0.0,Cl1,1
a1323,mcs_cev,0.0,0.666667,0.333333,1.0,0.0,0.5,Cl1,1
a1324,mcs_cev,0.333333,0.666667,0.333333,0.5,0.5,0.5,Cl1,1
a1325,mcs_cev,0.0,0.0,1.0,0.0,0.5,1.0,Cl1,1
a1326,mcs_cev,0.333333,1.0,0.0,0.0,0.5,0.0,Cl1,1
a1327,mcs_cev,0.333333,0.666667,0.666667,1.0,1.0,0.5,Cl2,2
a1328,mcs_cev,0.333333,0.333333,1.0,1.0,0.5,1.0,Cl2,2
a1329,mcs_cev,0.0,0.333333,0.666667,1.0,1.0,1.0,Cl2,2
a1330,mcs_cev,0.666667,1.0,0.666667,0.5,0.0,0.0,Cl1,1
a1331,mcs_cev,1.0,0.666667,0.666667,0.0,0.5,0.0,Cl1,1
a1332,mcs_cev,0.666667,0.333333,0.0,0.0,0.0,1.0,Cl1,1
a1333,mcs_cev,0.666667,0.0,0.666667,0.0,0.0,0.0,Cl1,1
a1334,mcs_cev,0.0,0.333333,1.0,0.5,1.0,1.0,Cl2,2
a1335,mcs_cev,0.0,1.0,1.0,0.0,1.0,1.0,Cl1,1
a1336,mcs_cev,0.0,0.333333,1.0,0.5,0.0,0.5,Cl1,1
a1337,mcs_cev,1.0,0.333333,0.666667,0.5,0.5,0.0,Cl1,1
a1338,mcs_cev,0.666667,1.0,0.0,0.5,1.0,0.0,Cl1,1
a1339,mcs_cev,0.333333,0.333333,1.0,1.0,1.0,0.0,Cl1,1
a1340,mcs_cev,0.666667,0.0,1.0,1.0,0.0,0.0,Cl1,1
a1341,mcs_cev,0.333333,0.0,0.666667,1.0,0.5,1.0,Cl2,2
a1342,mcs_cev,0.666667,0.0,1.0,0.0,1.0,0.0,Cl1,1
a1343,mcs_cev,0.0,0.0,0.666667,0.5,1.0,0.0,Cl1,1
a1344,mcs_cev,0.333333,0.0,0.333333,0.5,1.0,1.0,Cl1,1
a1345,mcs_cev,1.0,0.333333,1.0,1.0,0.0,0.0,Cl1,1
a1346,mcs_cev,0.0,0.0,1.0,0.0,0.0,1.0,Cl1,1
a1347,mcs_cev,0.0,0.0,0.0,1.0,1.0,0.0,Cl1,1
a1348,mcs_cev,1.0,0.0,0.333333,1.0,1.0,1.0,Cl3,3
a1349,mcs_cev,0.666667,0.333333,0.333333,1.0,1.0,0.5,Cl2,2
a1350,mcs_cev,0.333333,0.333333,0.666667,0.0,0.0,0.5,Cl1,1
a1351,mcs_cev,0.0,0.333333,0.666667,0.5,1.0,1.0,Cl1,1
a1352,mcs_cev,0.0,1.0,0.333333,1.0,1.0,0.5,Cl2,2
a1353,mcs_cev,0.0,0.0,0.0,1.0,0.0,0.5,Cl1,1
a1354,mcs_cev,1.0,0.333333,1.0,0.0,0.5,1.0,Cl2,2
a1355,mcs_cev,1.0,0.0,0.333333,0.0,0.0,0.0,Cl1,1
a1356,mcs_cev,0.0,0.0,1.0,1.0,0.5,0.0,Cl1,1
a1357,mcs_cev,0.666667,0.666667,0.0,0.0,1.0,0.5,Cl1,1
a1358,mcs_cev,1.0,0.333333,0.333333,0.5,0.0,0.5,Cl1,1
a1359,mcs_cev,0.666667,0.666667,0.0,0.5,1.0,0.5,Cl1,1
a1360,mcs_cev,1.0,1.0,0.333333,0.5,0.0,0.0,Cl1,1
a1361,mcs_cev,0.333333,0.0,0.333333,0.0,0.5,0.0,Cl1,1
a1362,mcs_cev,0.0,0.0,1.0,0.0,0.0,0.0,Cl1,1
a1363,mcs_cev,0.333333,1.0,1.0,1.0,0.5,1.0,Cl3,3
a1364,mcs_cev,0.333333,0.0,0.333333,0.5,1.0,0.5,Cl1,1
a1365,mcs_cev,0.666667,0.666667,0.666667,1.0,0.0,0.0,Cl1,1
a1366,mcs_cev,0.0,0.666667,0.666667,1.0,1.0,1.0,Cl2,2
a1367,mcs_cev,0.666667,0.333333,0.0,0.0,0.5,1.0,Cl1,1
a1368,mcs_cev,1.0,1.0,0.666667,1.0,0.0,0.0,Cl2,2
a1369,mcs_cev,0.333333,1.0,0.333333,1.0,1.0,1.0,Cl3,3
a1370,mcs_cev,0.333333,0.666667,1.0,0.5,0.5,0.5,Cl1,1
a1371,mcs_cev,0.333333,0.666667,0.0,1.0,0.0,0.5,Cl1,1
a1372,mcs_cev,0.0,0.333333,0.666667,0.5,0.5,0.0,Cl1,1
a1373,mcs_cev,0.666667,0.333333,0.0,0.0,1.0,1.0,Cl1,1
a1374,mcs_cev,0.0,0.666667,0.666667,0.5,0.5,0.5,Cl1,1
a1375,mcs_cev,0.666667,0.333333,0.333333,0.0,1.0,1.0,Cl1,1
a1376,mcs_cev,0.333333,0.0,0.0,1.0,0.5,1.0,Cl2,2
a1377,mcs_cev,0.666667,0.0,0.333333,0.5,0.5,0.0,Cl1,1
a1378,mcs_cev,0.333333,0.0,0.666667,0.0,0.0,1.0,Cl1,1
a1379,mcs_cev,0.333333,0.666667,0.666667,1.0,0.5,0.5,Cl2,2
a1380,mcs_cev,1.0,1.0,0.333333,1.0,0.5,1.0,Cl3,3
a1381,mcs_cev,0.333333,0.333333,1.0,0.0,1.0,0.0,Cl1,1
a1382,mcs_cev,0.666667,1.0,1.0,0.0,1.0,1.0,Cl2,2
a1383,mcs_cev,0.0,0.0,0.333333,1.0,0.0,0.0,Cl1,1
a1384,mcs_cev,0.0,0.333333,0.0,0.5,0.0,0.0,Cl1,1
a1385,mcs_cev,0.666667,0.0,1.0,0.5,0.0,0.5,Cl1,1
a1386,mcs_cev,0.666667,0.666667,1.0,0.5,1.0,0.5,Cl2,2
a1387,mcs_cev,1.0,1.0,0.333333,1.0,0.0,1.0,Cl3,3
a1388,mcs_cev,0.333333,0.333333,0.333333,0.0,1.0,0.0,Cl1,1
a1389,mcs_cev,1.0,0.0,1.0,1.0,0.0,1.0,Cl2,2
a1390,mcs_cev,0.333333,1.0,1.0,0.0,0.5,0.0,Cl1,1
a1391,mcs_cev,0.666667,0.333333,1.0,0.0,1.0,1.0,Cl1,1
a1392,mcs_cev,0.333333,0.666667,0.333333,0.0,0.0,0.0,Cl1,1
a1393,mcs_cev,0.0,0.0,0.666667,0.5,0.0,0.5,Cl1,1
a1394,mcs_cev,0.666667,0.333333,0.666667,0.5,0.5,0.5,Cl1,1
a1395,mcs_cev,0.0,1.0,1.0,0.5,1.0,1.0,Cl2,2
a1396,mcs_cev,1.0,0.666667,0.666667,1.0,0.0,1.0,Cl3,3
a1397,mcs_cev,0.0,0.0,1.0,0.5,0.5,0.0,Cl1,1
a1398,mcs_cev,0.333333,0.0,1.0,0.0,0.0,0.0,Cl1,1
a1399,mcs_cev,0.666667,0.0,0.666667,1.0,0.5,0.0,Cl1,1
a1400,mcs_cev,0.0,0.666667,1.0,0.5,0.5,0.5,Cl1,1
a1401,mcs_cev,0.0,0.0,1.0,0.0,0.5,0.5,Cl1,1
a1402,mcs_cev,0.333333,0.0,0.666667,0.0,0.5,1.0,Cl1,1
a1403,mcs_cev,0.0,1.0,0.333333,0.0,0.5,1.0,Cl1,1
a1404,mcs_cev,0.0,0.666667,0.666667,0.5,0.0,0.5,Cl1,1
a1405,mcs_cev,0.666667,0.666667,0.0,0.0,0.5,0.0,Cl1,1
a1406,mcs_cev,0.0,0.333333,0.0,0.5,0.0,0.5,Cl1,1
a1407,mcs_cev,1.0,0.666667,0.333333,0.5,0.5,1.0,Cl2,2
a1408,mcs_cev,0.0,0.0,0.0,1.0,1.0,0.5,Cl1,1
a1409,mcs_cev,0.666667,1.0,1.0,0.0,0.5,0.5,Cl1,1
a1410,mcs_cev,0.0,1.0,1.0,0.5,1.0,0.0,Cl1,1
a1411,mcs_cev,1.0,1.0,0.666667,0.5,1.0,0.0,Cl1,1
a1412,mcs_cev,0.666667,1.0,0.0,1.0,0.5,1.0,Cl3,3
a1413,mcs_cev,1.0,0.333333,0.666667,0.0,0.0,0.0,Cl1,1
a1414,mcs_cev,0.333333,0.666667,0.666667,1.0,0.5,1.0,Cl3,3
a1415,mcs_cev,0.666667,1.0,0.666667,1.0,0.5,0.5,Cl2,2
a1416,mcs_cev,0.666667,0.0,0.0,1.0,1.0,0.5,Cl2,2
a1417,mcs_cev,0.0,0.0,0.0,0.5,1.0,1.0,Cl1,1
a1418,mcs_cev,0.333333,0.0,0.333333,0.0,0.0,0.0,Cl1,1
a1419,mcs_cev,0.0,1.0,0.0,0.0,0.0,1.0,Cl1,1
a1420,mcs_cev,0.666667,0.333333,0.666667,0.0,1.0,1.0,Cl1,1
a1421,mcs_cev,1.0,1.0,1.0,0.0,0.0,0.0,Cl1,1
a1422,mcs_cev,0.333333,0.0,0.333333,0.0,0.5,0.5,Cl1,1
a1423,mcs_cev,0.333333,1.0,0.666667,1.0,0.5,0.0,Cl1,1
a1424,mcs_cev,0.666667,1.0,0.333333,0.0,0.5,1.0,Cl2,2
a1425,mcs_cev,1.0,0.666667,0.666667,0.0,1.0,0.5,Cl1,1
a1426,mcs_cev,1.0,0.333333,1.0,0.5,1.0,1.0,Cl3,3
a1427,mcs_cev,0.0,0.333333,1.0,0.5,0.5,0.5,Cl1,1
a1428,mcs_cev,1.0,0.0,0.666667,1.0,0.5,0.5,Cl2,2
a1429,mcs_cev,0.666667,0.666667,0.666667,0.0,0.0,0.5,Cl1,1
a1430,mcs_cev,0.333333,0.666667,0.666667,1.0,0.0,1.0,Cl2,2
a1431,mcs_cev,1.0,1.0,0.333333,1.0,1.0,0.0,Cl2,2
a1432,mcs_cev,0.0,0.333333,0.666667,0.5,0.0,0.5,Cl1,1
a1433,mcs_cev,0.666667,0.666667,0.666667,1.0,1.0,1.0,Cl3,3
a1434,mcs_cev,0.333333,0.666667,1.0,0.0,0.0,0.0,Cl1,1
a1435,mcs_cev,1.0,1.0,0.333333,1.0,0.5,0.0,Cl2,2
a1436,mcs_cev,0.666667,0.333333,0.666667,0.0,0.5,1.0,Cl1,1
a1437,mcs_cev,0.0,1.0,0.666667,1.0,1.0,0.0,Cl1,1
a1438,mcs_cev,0.333333,0.333333,0.666667,1.0,1.0,1.0,Cl3,3
a1439,mcs_cev,0.333333,0.666667,0.0,0.0,0.0,1.0,Cl1,1
a1440,mcs_cev,1.0,0.333333,0.0,1.0,1.0,1.0,Cl3,3
a1441,mcs_cev,0.666667,0.666667,0.333333,1.0,1.0,0.0,Cl1,1
a1442,mcs_cev,0.0,0.333333,1.0,0.5,1.0,0.0,Cl1,1
a1443,mcs_cev,0.666667,1.0,0.333333,0.0,0.0,0.0,Cl1,1
a1444,mcs_cev,0.0,0.333333,0.0,1.0,0.5,0.5,Cl1,1
a1445,mcs_cev,1.0,0.666667,0.0,1.0,1.0,0.5,Cl2,2
a1446,mcs_cev,0.0,0.666667,1.0,1.0,0.5,1.0,Cl2,2
a1447,mcs_cev,0.0,1.0,0.0,1.0,1.0,1.0,Cl3,3
a1448,mcs_cev,0.0,0.666667,0.333333,0.5,1.0,0.0,Cl1,1
a1449,mcs_cev,0.333333,0.666667,1.0,0.5,0.0,1.0,Cl2,2
a1450,mcs_cev,0.333333,0.0,0.0,0.0,1.0,0.0,Cl1,1
a1451,mcs_cev,1.0,0.333333,0.666667,0.0,0.5,0.0,Cl1,1
a1452,mcs_cev,0.333333,0.333333,1.0,0.0,0.5,1.0,Cl1,1
a1453,mcs_cev,0.666667,0.0,0.666667,0.5,0.5,0.5,Cl1,1
a1454,mcs_cev,0.0,0.0,0.0,0.0,1.0,0.5,Cl1,1
a1455,mcs_cev,0.0,1.0,0.666667,0.0,0.5,0.5,Cl1,1
a1456,mcs_cev,0.333333,0.0,0.666667,0.5,0.5,1.0,Cl1,1
a1457,mcs_cev,0.666667,0.0,0.0,0.5,1.0,0.0,Cl1,1
a1458,mcs_cev,0.0,1.0,1.0,1.0,0.0,1.0,Cl2,2
a1459,mcs_cev,0.0,0.333333,0.666667,1.0,0.5,1.0,Cl2,2
a1460,mcs_cev,0.333333,1.0,0.666667,0.0,0.5,0.5,Cl1,1
a1461,mcs_cev,0.0,1.0,0.666667,0.5,1.0,0.0,Cl1,1
a1462,mcs_cev,0.333333,0.0,0.0,0.0,0.0,1.0,Cl1,1
a1463,mcs_cev,0.666667,0.333333,1.0,1.0,0.5,0.5,Cl2,2
a1464,mcs_cev,0.0,0.333333,1.0,0.5,0.0,0.0,Cl1,1
a1465,mcs_cev,0.666667,0.333333,1.0,0.5,0.5,0.0,Cl1,1
a1466,mcs_cev,0.0,0.666667,0.0,1.0,0.5,0.0,Cl1,1
a1467,mcs_cev,0.666667,0.666667,1.0,0.0,0.0,0.5,Cl1,1
a1468,mcs_cev,0.333333,1.0,1.0,1.0,0.5,0.0,Cl1,1
a1469,mcs_cev,1.0,0.0,0.0,0.5,0.5,1.0,Cl2,2
a1470,mcs_cev,0.666667,0.0,0.666667,0.0,1.0,0.0,Cl1,1
a1471,mcs_cev,0.333333,1.0,0.333333,0.0,0.5,1.0,Cl1,1
a1472,mcs_cev,1.0,0.0,0.666667,0.5,1.0,1.0,Cl2,2
a1473,mcs_cev,0.0,0.666667,0.0,0.5,0.5,1.0,Cl1,1
a1474,mcs_cev,0.333333,0.333333,0.333333,1.0,1.0,1.0,Cl2,2
a1475,mcs_cev,0.666667,0.333333,0.666667,0.0,0.0,0.5,Cl1,1
a1476,mcs_cev,0.0,0.333333,0.0,1.0,1.0,0.0,Cl1,1
a1477,mcs_cev,0.0,0.333333,0.333333,0.5,0.5,1.0,Cl1,1
a1478,mcs_cev,0.333333,0.666667,1.0,1.0,1.0,1.0,Cl3,3
a1479,mcs_cev,0.666667,0.666667,0.0,1.0,0.5,0.5,Cl2,2
a1480,mcs_cev,1.0,0.666667,1.0,1.0,1.0,0.0,Cl2,2
a1481,mcs_cev,0.333333,0.0,0.333333,0.5,0.5,1.0,Cl1,1
a1482,mcs_cev,0.333333,0.666667,0.666667,1.0,0.5,0.0,Cl1,1
a1483,mcs_cev,0.0,0.666667,0.0,1.0,0.5,1.0,Cl2,2
a1484,mcs_cev,0.666667,1.0,0.333333,1.0,0.0,0.5,Cl2,2
a1485,mcs_cev,0.0,0.0,0.333333,1.0,1.0,1.0,Cl2,2
a1486,mcs_cev,1.0,0.0,1.0,0.0,0.5,0.5,Cl1,1
a1487,mcs_cev,0.333333,0.666667,0.0,1.0,1.0,0.5,Cl2,2
a1488,mcs_cev,0.333333,1.0,1.0,0.0,1.0,0.0,Cl1,1
a1489,mcs_cev,0.0,0.333333,0.333333,1.0,1.0,0.0,Cl1,1
a1490,mcs_cev,0.333333,1.0,0.0,0.0,0.5,0.5,Cl1,1
a1491,mcs_cev,0.666667,1.0,0.0,0.0,0.0,0.0,Cl1,1
a1492,mcs_cev,0.333333,0.666667,0.666667,0.5,0.0,0.0,Cl1,1
a1493,mcs_cev,1.0,0.333333,0.666667,0.0,0.5,1.0,Cl1,1
a1494,mcs_cev,1.0,0.666667,0.0,1.0,0.0,0.0,Cl1,1
a1495,mcs_cev,1.0,0.0,0.666667,1.0,1.0,1.0,Cl3,3
a1496,mcs_cev,0.666667,0.666667,1.0,0.0,0.0,1.0,Cl1,1
a1497,mcs_cev,0.666667,0.666667,0.666667,0.5,1.0,0.0,Cl1,1
a1498,mcs_cev,0.333333,1.0,0.333333,0.0,0.0,0.0,Cl1,1
a1499,mcs_cev,0.666667,1.0,0.0,0.5,0.0,1.0,Cl2,2
a1500,mcs_cev,0.333333,1.0,0.333333,0.5,0.5,0.5,Cl1,1
a1501,mcs_cev,0.0,0.333333,0.666667,0.0,1.0,1.0,Cl1,1
a1502,mcs_cev,1.0,0.333333,0.0,1.0,0.5,0.0,Cl1,1
a1503,mcs_cev,0.0,0.0,0.333333,0.5,0.5,1.0,Cl1,1
a1504,mcs_cev,0.333333,0.666667,1.0,0.0,0.5,1.0,Cl1,1
a1505,mcs_cev,0.666667,0.0,0.333333,1.0,1.0,1.0,Cl2,2
a1506,mcs_cev,0.0,0.333333,0.333333,0.0,0.5,1.0,Cl1,1
a1507,mcs_cev,0.333333,0.333333,0.333333,0.0,1.0,0.0,Cl1,1
a1508,mcs_cev,0.333333,1.0,0.333333,0.0,0.5,1.0,Cl1,1
a1509,mcs_cev,1.0,0.0,0.666667,0.5,0.0,1.0,Cl2,2
a1510,mcs_cev,0.0,1.0,0.333333,0.5,1.0,1.0,Cl2,2
a1511,mcs_cev,0.666667,0.0,0.0,0.0,1.0,0.0,Cl1,1
a1512,mcs_cev,0.0,0.333333,0.0,0.0,1.0,1.0,Cl1,1
a1513,mcs_cev,0.0,1.0,0.333333,0.5,1.0,0.0,Cl1,1
a1514,mcs_cev,0.666667,0.666667,1.0,1.0,0.0,1.0,Cl3,3
a1515,mcs_cev,0.666667,1.0,0.666667,0.5,1.0,1.0,Cl3,3
a1516,mcs_cev,0.333333,0.666667,0.0,1.0,1.0,0.0,Cl1,1
a1517,mcs_cev,0.0,1.0,1.0,1.0,0.0,0.0,Cl1,1
a1518,mcs_cev,0.0,0.666667,0.0,1.0,0.0,0.0,Cl1,1
a1519,mcs_cev,0.333333,0.333333,1.0,0.5,0.5,0.5,Cl1,1
a1520,mcs_cev,0.0,0.0,0.666667,0.5,0.0,1.0,Cl1,1
a1521,mcs_cev,0.333333,0.666667,0.0,0.0,1.0,0.5,Cl1,1
a1522,mcs_cev,0.0,1.0,0.666667,0.5,1.0,0.0,Cl1,1
a1523,mcs_cev,0.666667,0.666667,1.0,0.5,0.5,0.5,Cl1,1
a1524,mcs_cev,0.333333,0.0,0.0,0.5,0.0,0.0,Cl1,1
a1525,mcs_cev,1.0,0.0,0.666667,0.0,1.0,1.0,Cl1,1
a1526,mcs_cev,1.0,1.0,0.0,1.0,0.5,0.5,Cl3,3
a1527,mcs_cev,0.0,1.0,0.333333,0.5,0.0,1.0,Cl1,1
a1528,mcs_cev,1.0,0.666667,1.0,0.0,0.0,1.0,Cl2,2
a1529,mcs_cev,0.333333,0.333333,1.0,1.0,0.5,0.0,Cl1,1
a1530,mcs_cev,1.0,0.333333,1.0,0.0,0.5,1.0,Cl2,2
a1531,mcs_cev,0.0,0.0,1.0,0.0,0.0,0.5,Cl1,1
a1532,mcs_cev,0.666667,1.0,0.333333,1.0,0.0,0.0,Cl1,1
a1533,mcs_cev,0.0,0.0,0.0,0.5,0.0,0.0,Cl1,1
a1534,mcs_cev,0.0,0.666667,0.666667,0.5,0.0,0.0,Cl1,1
a1535,mcs_cev,1.0,0.0,0.0,0.0,0.0,0.0,Cl1,1
a1536,mcs_cev,0.666667,0.333333,1.0,0.5,0.0,1.0,Cl2,2
a1537,mcs_cev,1.0,0.0,0.0,1.0,0.5,1.0,Cl2,2
a1538,mcs_cev,0.666667,1.0,0.0,1.0,0.0,0.5,Cl2,2
a1539,mcs_cev,0.333333,1.0,1.0,0.5,0.0,0.5,Cl1,1
a1540,mcs_cev,0.333333,1.0,0.333333,1.0,1.0,0.0,Cl1,1
a1541,mcs_cev,0.666667,1.0,1.0,1.0,0.0,1.0,Cl3,3
a1542,mcs_cev,0.0,1.0,1.0,0.0,0.0,0.0,Cl1,1
a1543,mcs_cev,0.0,0.666667,1.0,1.0,0.0,0.5,Cl1,1
a1544,mcs_cev,0.333333,0.0,1.0,0.0,1.0,0.0,Cl1,1
a1545,mcs_cev,0.333333,1.0,1.0,1.0,0.5,1.0,Cl3,3
a1546,mcs_cev,0.666667,0.666667,0.666667,1.0,0.0,0.0,Cl1,1
a1547,mcs_cev,0.0,1.0,0.333333,1.0,1.0,0.0,Cl1,1
a1548,mcs_cev,0.333333,0.666667,0.0,0.5,0.5,0.5,Cl1,1
a1549,mcs_cev,0.666667,0.333333,0.666667,1.0,0.0,0.0,Cl1,1
a1550,mcs_cev,0.666667,0.333333,0.333333,0.0,0.0,0.5,Cl1,1
a1551,mcs_cev,0.666667,0.333333,1.0,0.5,0.5,1.0,Cl2,2
a1552,mcs_cev,0.333333,0.666667,1.0,1.0,1.0,1.0,Cl3,3
a1553,mcs_cev,0.333333,0.333333,0.0,0.0,0.5,0.0,Cl1,1
a1554,mcs_cev,0.0,1.0,0.666667,0.5,0.0,0.0,Cl1,1
a1555,mcs_cev,0.333333,1.0,0.0,1.0,0.0,1.0,Cl2,2
a1556,mcs_cev,0.666667,0.333333,0.666667,0.0,0.5,0.5,Cl1,1
a1557,mcs_cev,0.333333,1.0,1.0,1.0,0.0,1.0,Cl3,3
a1558,mcs_cev,0.333333,1.0,0.333333,1.0,1.0,0.5,Cl2,2
a1559,mcs_cev,0.333333,0.666667,0.333333,0.0,0.5,1.0,Cl1,1
a1560,mcs_cev,1.0,1.0,0.666667,0.0,0.0,0.5,Cl1,1
a1561,mcs_cev,0.333333,0.333333,0.0,0.5,0.5,0.0,Cl1,1
a1562,mcs_cev,0.666667,0.666667,0.0,0.0,1.0,1.0,Cl2,2
a1563,mcs_cev,0.666667,0.333333,1.0,0.5,1.0,0.0,Cl1,1
a1564,mcs_cev,0.666667,0.333333,0.0,0.0,1.0,1.0,Cl1,1
a1565,mcs_cev,0.666667,1.0,1.0,0.0,0.0,1.0,Cl2,2
a1566,mcs_cev,0.0,0.0,0.666667,0.5,0.5,0.0,Cl1,1
a1567,mcs_cev,0.666667,0.666667,1.0,0.5,0.0,0.0,Cl1,1
a1568,mcs_cev,0.666667,0.0,0.666667,1.0,0.0,0.0,Cl1,1
a1569,mcs_cev,0.0,1.0,0.333333,0.5,0.5,0.0,Cl1,1
a1570,mcs_cev,0.0,0.333333,0.0,0.5,0.0,1.0,Cl1,1
a1571,mcs_cev,0.666667,1.0,0.333333,0.0,1.0,0.5,Cl1,1
a1572,mcs_cev,1.0,0.333333,0.0,1.0,0.0,0.5,Cl2,2
a1573,mcs_cev,0.333333,0.0,0.0,0.5,0.5,0.5,Cl1,1
a1574,mcs_cev,0.666667,0.0,1.0,1.0,1.0,0.0,Cl1,1
a1575,mcs_cev,1.0,0.0,1.0,0.5,0.5,0.0,Cl1,1
a1576,mcs_cev,0.0,0.0,0.0,0.0,0.5,0.0,Cl1,1
a1577,mcs_cev,0.666667,0.333333,0.333333,1.0,0.5,0.0,Cl1,1
a1578,mcs_cev,1.0,1.0,0.333333,0.0,0.0,0.0,Cl1,1
a1579,mcs_cev,0.0,0.333333,1.0,0.0,0.5,0.0,Cl1,1
a1580,mcs_cev,0.0,0.0,0.333333,1.0,0.0,0.5,Cl1,1
a1581,mcs_cev,0.666667,0.333333,0.666667,1.0,1.0,1.0,Cl3,3
a1582,mcs_cev,0.666667,1.0,0.666667,0.0,0.5,0.5,Cl1,1
a1583,mcs_cev,0.0,0.666667,0.0,1.0,0.0,1.0,Cl2,2
a1584,mcs_cev,0.666667,1.0,1.0,1.0,0.5,1.0,Cl3,3
a1585,mcs_cev,0.0,0.0,0.333333,0.0,1.0,1.0,Cl1,1
a1586,mcs_cev,0.666667,0.0,1.0,0.5,1.0,1.0,Cl2,2
a1587,mcs_cev,1.0,0.666667,0.0,1.0,0.0,1.0,Cl3,3
a1588,mcs_cev,1.0,0.666667,0.0,1.0,0.5,0.5,Cl2,2
a1589,mcs_cev,0.0,0.0,0.333333,0.5,0.0,0.0,Cl1,1
a1590,mcs_cev,0.666667,1.0,0.0,0.5,1.0,1.0,Cl3,3
a1591,mcs_cev,1.0,1.0,0.333333,0.0,0.5,0.0,Cl1,1
a1592,mcs_cev,1.0,0.0,0.0,0.0,0.5,0.5,Cl1,1
a1593,mcs_cev,0.333333,0.0,0.333333,1.0,1.0,0.5,Cl1,1
a1594,mcs_cev,1.0,0.0,0.333333,0.0,0.5,0.5,Cl1,1
a1595,mcs_cev,0.666667,0.666667,0.666667,0.5,0.0,0.5,Cl1,1
a1596,mcs_cev,0.0,0.0,1.0,0.0,1.0,0.0,Cl1,1
a1597,mcs_cev,0.0,1.0,0.666667,0.0,0.5,0.0,Cl1,1
a1598,mcs_cev,0.0,0.0,0.666667,0.5,1.0,1.0,Cl1,1
a1599,mcs_cev,0.333333,1.0,0.0,0.5,1.0,0.0,Cl1,1
a1600,mcs_cev,0.666667,0.333333,0.666667,0.5,0.0,0.0,Cl1,1
a1601,mcs_cev,0.666667,0.0,0.666667,0.5,1.0,1.0,Cl2,2
a1602,mcs_cev,0.0,0.333333,1.0,1.0,0.5,1.0,Cl2,2
a1603,mcs_cev,1.0,0.0,0.666667,0.0,0.0,0.5,Cl1,1
a1604,mcs_cev,0.0,0.333333,0.333333,0.5,1.0,0.0,Cl1,1
a1605,mcs_cev,1.0,1.0,1.0,0.5,0.5,1.0,Cl3,3
a1606,mcs_cev,0.0,1.0,0.0,1.0,1.0,0.0,Cl1,1
a1607,mcs_cev,1.0,0.666667,0.666667,1.0,0.0,1.0,Cl3,3
a1608,mcs_cev,0.333333,1.0,1.0,0.5,0.0,0.5,Cl1,1
a1609,mcs_cev,0.666667,1.0,0.0,1.0,0.0,0.5,Cl2,2
a1610,mcs_cev,0.0,0.666667,0.666667,0.5,1.0,0.5,Cl1,1
a1611,mcs_cev,0.333333,0.0,0.333333,1.0,1.0,0.5,Cl1,1
a1612,mcs_cev,0.333333,1.0,0.0,1.0,1.0,0.0,Cl1,1
a1613,mcs_cev,0.333333,0.0,0.0,0.5,0.5,0.5,Cl1,1
a1614,mcs_cev,0.333333,0.666667,0.0,1.0,0.0,0.5,Cl1,1
a1615,mcs_cev,0.0,0.0,1.0,1.0,1.0,0.5,Cl1,1
a1616,mcs_cev,0.666667,0.0,0.333333,0.5,0.0,0.0,Cl1,1
a1617,mcs_cev,1.0,0.333333,0.333333,1.0,0.0,0.5,Cl2,2
a1618,mcs_cev,1.0,0.666667,0.0,0.5,0.5,0.5,Cl2,2
a1619,mcs_cev,0.333333,1.0,0.666667,0.5,0.0,0.5,Cl1,1
a1620,mcs_cev,0.666667,0.333333,0.0,0.0,0.5,0.0,Cl1,1
a1621,mcs_cev,0.666667,0.0,0.0,1.0,0.0,0.5,Cl1,1
a1622,mcs_cev,0.0,0.666667,0.333333,1.0,1.0,0.5,Cl2,2
a1623,mcs_cev,0.666667,1.0,0.333333,0.0,1.0,0.0,Cl1,1
a1624,mcs_cev,0.0,0.0,0.666667,0.0,0.0,0.5,Cl1,1
a1625,mcs_cev,0.0,1.0,0.666667,1.0,0.0,1.0,Cl2,2
a1626,mcs_cev,0.666667,0.666667,0.0,0.5,0.5,0.0,Cl1,1
a1627,mcs_cev,0.333333,1.0,0.333333,0.0,1.0,1.0,Cl2,2
a1628,mcs_cev,0.333333,0.0,0.0,0.0,0.0,0.5,Cl1,1
a1629,mcs_cev,0.0,0.666667,0.333333,0.0,1.0,0.0,Cl1,1
a1630,mcs_cev,0.0,0.333333,1.0,0.0,1.0,1.0,Cl1,1
a1631,mcs_cev,0.333333,0.0,1.0,0.0,0.5,0.5,Cl1,1
a1632,mcs_cev,0.666667,0.333333,0.333333,0.0,0.0,0.5,Cl1,1
a1633,mcs_cev,0.333333,0.333333,0.0,0.5,1.0,0.0,Cl1,1
a1634,mcs_cev,0.666667,0.333333,0.333333,0.0,1.0,0.0,Cl1,1
a1635,mcs_cev,0.333333,1.0,1.0,0.0,0.0,0.5,Cl1,1
a1636,mcs_cev,0.666667,0.0,0.666667,0.5,1.0,1.0,Cl2,2
a1637,mcs_cev,0.0,0.0,0.666667,1.0,0.0,0.5,Cl1,1
a1638,mcs_cev,0.666667,0.0,0.666667,0.5,1.0,0.5,Cl1,1
a1639,mcs_cev,0.666667,0.0,1.0,0.5,0.0,1.0,Cl1,1
a1640,mcs_cev,1.0,0.333333,1.0,0.5,0.5,0.5,Cl1,1
a1641,mcs_cev,0.666667,1.0,0.333333,0.5,0.5,1.0,Cl2,2
a1642,mcs_cev,1.0,0.666667,1.0,0.5,0.0,0.0,Cl1,1
a1643,mcs_cev,0.666667,1.0,0.666667,0.0,0.0,1.0,Cl1,1
a1644,mcs_cev,0.666667,1.0,1.0,1.0,1.0,0.5,Cl3,3
a1645,mcs_cev,0.333333,1.0,0.333333,0.5,0.0,1.0,Cl2,2
a1646,mcs_cev,0.333333,0.666667,0.333333,0.0,0.0,0.5,Cl1,1
a1647,mcs_cev,0.666667,0.0,0.0,0.0,0.0,0.0,Cl1,1
a1648,mcs_cev,1.0,0.333333,0.666667,0.0,1.0,0.0,Cl1,1
a1649,mcs_cev,0.333333,0.333333,1.0,1.0,0.0,0.5,Cl1,1
a1650,mcs_cev,0.333333,0.0,0.333333,1.0,0.0,0.5,Cl1,1
a1651,mcs_cev,0.0,0.333333,0.666667,0.5,0.5,0.0,Cl1,1
a1652,mcs_cev,0.333333,0.0,0.0,0.5,1.0,1.0,Cl1,1
a1653,mcs_cev,0.333333,0.666667,1.0,0.0,0.5,0.5,Cl1,1
a1654,mcs_cev,1.0,0.0,0.0,0.0,0.5,1.0,Cl1,1
a1655,mcs_cev,1.0,0.0,1.0,1.0,0.0,0.0,Cl1,1
a1656,mcs_cev,1.0,1.0,0.0,0.5,0.0,0.5,Cl2,2
a1657,mcs_cev,0.666667,0.333333,0.333333,0.5,0.0,1.0,Cl2,2
a1658,mcs_cev,0.666667,0.333333,0.0,0.0,0.5,1.0,Cl1,1
a1659,mcs_cev,1.0,0.0,0.666667,1.0,0.5,1.0,Cl3,3
a1660,mcs_cev,0.333333,0.0,0.666667,0.0,0.0,0.5,Cl1,1
a1661,mcs_cev,1.0,0.666667,0.666667,1.0,0.5,1.0,Cl3,3
a1662,mcs_cev,0.333333,0.0,0.333333,1.0,1.0,0.5,Cl1,1
a1663,mcs_cev,1.0,0.666667,0.333333,1.0,0.0,0.0,Cl1,1
a1664,mcs_cev,1.0,0.0,1.0,0.5,0.0,0.5,Cl1,1
a1665,mcs_cev,1.0,0.333333,1.0,0.0,0.5,0.5,Cl1,1
a1666,mcs_cev,1.0,1.0,1.0,1.0,0.5,1.0,Cl3,3
a1667,mcs_cev,1.0,0.666667,0.333333,0.5,1.0,0.0,Cl1,1
a1668,mcs_cev,0.0,0.0,0.0,0.0,0.0,0.5,Cl1,1
a1669,mcs_cev,0.666667,0.0,0.333333,1.0,1.0,0.0,Cl1,1
a1670,mcs_cev,0.666667,0.333333,0.0,0.0,1.0,0.5,Cl1,1
a1671,mcs_cev,0.0,1.0,1.0,0.0,0.0,0.0,Cl1,1
a1672,mcs_cev,0.0,1.0,0.666667,0.0,0.0,0.5,Cl1,1
a1673,mcs_cev,0.0,0.333333,0.666667,0.5,0.0,1.0,Cl1,1
a1674,mcs_cev,0.666667,1.0,0.0,0.0,1.0,0.5,Cl1,1
a1675,mcs_cev,0.333333,1.0,0.0,0.0,0.0,0.5,Cl1,1
a1676,mcs_cev,0.333333,1.0,0.0,0.5,0.0,0.0,Cl1,1
a1677,mcs_cev,0.333333,0.666667,0.666667,0.5,0.5,1.0,Cl2,2
a1678,mcs_cev,1.0,0.0,0.666667,0.5,0.5,0.0,Cl1,1
a1679,mcs_cev,0.0,0.666667,0.333333,0.5,0.0,1.0,Cl1,1
a1680,mcs_cev,0.333333,0.0,0.333333,1.0,0.5,1.0,Cl2,2
a1681,mcs_cev,1.0,0.333333,1.0,0.5,1.0,0.5,Cl2,2
a1682,mcs_cev,1.0,1.0,0.333333,0.5,0.5,0.5,Cl2,2
a1683,mcs_cev,1.0,1.0,0.0,1.0,0.5,1.0,Cl3,3
a1684,mcs_cev,0.333333,0.333333,0.666667,0.0,0.0,1.0,Cl1,1
a1685,mcs_cev,0.0,0.0,0.0,0.0,1.0,1.0,Cl1,1
a1686,mcs_cev,0.0,0.0,1.0,0.5,0.5,0.5,Cl1,1
a1687,mcs_cev,0.666667,0.333333,1.0,1.0,0.5,1.0,Cl3,3
a1688,mcs_cev,0.333333,0.666667,0.333333,1.0,1.0,0.5,Cl2,2
a1689,mcs_cev,0.666667,0.0,0.0,1.0,1.0,0.0,Cl1,1
a1690,mcs_cev,0.333333,0.0,0.666667,0.0,1.0,1.0,Cl1,1
a1691,mcs_cev,1.0,1.0,0.666667,0.0,1.0,0.0,Cl1,1
a1692,mcs_cev,1.0,0.0,0.0,0.0,1.0,0.5,Cl1,1
a1693,mcs_cev,0.666667,0.0,0.333333,1.0,1.0,0.0,Cl1,1
a1694,mcs_cev,0.0,0.666667,0.666667,1.0,0.0,0.5,Cl1,1
a1695,mcs_cev,1.0,0.333333,1.0,0.5,1.0,0.0,Cl1,1
a1696,mcs_cev,0.0,0.333333,0.333333,0.0,0.5,1.0,Cl1,1
a1697,mcs_cev,0.0,0.0,0.666667,1.0,1.0,1.0,Cl2,2
a1698,mcs_cev,0.0,0.333333,1.0,1.0,0.5,0.5,Cl1,1
a1699,mcs_cev,0.0,0.0,0.0,0.0,1.0,0.5,Cl1,1
a1700,mcs_cev,1.0,1.0,1.0,1.0,0.5,0.0,Cl2,2
a1701,mcs_cev,0.0,0.666667,0.333333,0.0,0.0,1.0,Cl1,1
a1702,mcs_cev,0.0,1.0,0.333333,1.0,0.5,0.5,Cl2,2
a1703,mcs_cev,0.0,0.0,1.0,1.0,0.5,0.0,Cl1,1
a1704,mcs_cev,0.0,0.333333,0.0,1.0,1.0,0.0,Cl1,1
a1705,mcs_cev,1.0,0.666667,0.333333,0.0,1.0,0.5,Cl1,1
a1706,mcs_cev,0.0,0.666667,0.0,0.0,1.0,0.0,Cl1,1
a1707,mcs_cev,0.666667,0.666667,0.666667,0.5,0.5,1.0,Cl2,2
a1708,mcs_cev,0.333333,0.333333,0.0,0.0,1.0,0.5,Cl1,1
a1709,mcs_cev,0.333333,0.666667,0.0,0.5,0.0,0.5,Cl1,1
a1710,mcs_cev,1.0,0.333333,0.0,0.0,1.0,1.0,Cl2,2
a1711,mcs_cev,0.666667,0.0,1.0,1.0,0.0,0.5,Cl1,1
a1712,mcs_cev,0.0,0.666667,0.333333,0.5,0.0,0.5,Cl1,1
a1713,mcs_cev,0.666667,1.0,0.0,1.0,0.0,0.5,Cl2,2
a1714,mcs_cev,0.0,0.333333,0.333333,0.5,1.0,0.5,Cl1,1
a1715,mcs_cev,1.0,0.0,0.0,0.5,0.0,1.0,Cl2,2
a1716,mcs_cev,0.333333,0.666667,0.333333,1.0,0.5,1.0,Cl2,2
a1717,mcs_cev,0.333333,1.0,1.0,1.0,0.5,0.5,Cl2,2
a1718,mcs_cev,0.666667,0.666667,1.0,0.0,0.0,0.5,Cl1,1
a1719,mcs_cev,0.666667,0.666667,0.666667,0.5,0.0,1.0,Cl2,2
a1720,mcs_cev,0.333333,0.0,0.0,0.5,0.5,0.5,Cl1,1
a1721,mcs_cev,0.333333,1.0,0.333333,0.5,0.0,0.5,Cl1,1
a1722,mcs_cev,0.666667,0.333333,0.333333,1.0,0.0,1.0,Cl2,2
a1723,mcs_cev,0.333333,0.666667,0.666667,0.0,0.5,0.5,Cl1,1
a1724,mcs_cev,0.333333,0.333333,1.0,1.0,0.5,0.0,Cl1,1
a1725,mcs_cev,0.0,0.333333,0.333333,0.5,0.0,0.0,Cl1,1
a1726,mcs_cev,0.666667,0.333333,0.666667,1.0,1.0,0.0,Cl1,1
a1727,mcs_cev,0.666667,1.0,0.333333,1.0,0.0,0.5,Cl2,2
a1728,mcs_cev,1.0,0.0,0.0,0.0,0.5,0.5,Cl1,1
