alternative_id,dataset_id,g1,g2,g3,g4,g5,class_label,class_index
a1,mcs_mmg,0.054545,0.230769,1.0,0.75,0.0,Cl1,1
a2,mcs_mmg,0.0,0.358974,0.666667,0.75,0.0,Cl1,1
a3,mcs_mmg,0.109091,0.846154,0.0,0.75,1.0,Cl2,2
a4,mcs_mmg,1.0,0.115385,1.0,0.75,1.0,Cl2,2
a5,mcs_mmg,0.036364,0.307692,1.0,0.25,0.333333,Cl1,1
a6,mcs_mmg,0.036364,0.076923,0.333333,0.25,1.0,Cl1,1
a7,mcs_mmg,0.090909,0.435897,0.0,0.0,0.666667,Cl1,1
a8,mcs_mmg,0.072727,0.423077,1.0,0.5,1.0,Cl2,2
a9,mcs_mmg,0.109091,0.153846,0.666667,1.0,0.666667,Cl2,2
a10,mcs_mmg,0.0,0.474359,1.0,0.25,0.666667,Cl2,2
a11,mcs_mmg,0.0,0.589744,0.0,0.0,0.666667,Cl1,1
a12,mcs_mmg,0.090909,0.692308,1.0,0.5,0.666667,Cl2,2
a13,mcs_mmg,0.0,0.346154,1.0,0.5,0.0,Cl1,1
a14,mcs_mmg,1.0,0.641026,0.666667,0.25,0.333333,Cl2,2
a15,mcs_mmg,0.090909,0.205128,0.333333,0.5,0.0,Cl1,1
a16,mcs_mmg,0.090909,0.205128,0.666667,0.5,0.333333,Cl1,1
a17,mcs_mmg,0.0,0.179487,0.0,0.25,0.666667,Cl1,1
a18,mcs_mmg,0.090909,0.0,0.0,0.5,1.0,Cl1,1
a19,mcs_mmg,0.109091,0.448718,0.333333,0.75,0.333333,Cl1,1
a20,mcs_mmg,1.0,0.358974,0.0,0.5,1.0,Cl2,2
a21,mcs_mmg,0.109091,0.705128,1.0,0.75,1.0,Cl2,2
a22,mcs_mmg,0.0,0.461538,0.333333,0.0,0.666667,Cl1,1
a23,mcs_mmg,0.109091,0.871795,0.666667,1.0,0.666667,Cl2,2
a24,mcs_mmg,1.0,0.166667,0.666667,0.0,0.0,Cl1,1
a25,mcs_mmg,0.0,0.564103,0.666667,1.0,0.333333,Cl2,2
a26,mcs_mmg,0.054545,0.538462,0.0,1.0,1.0,Cl2,2
a27,mcs_mmg,0.072727,0.089744,1.0,0.25,0.333333,Cl1,1
a28,mcs_mmg,0.090909,0.230769,1.0,0.75,0.0,Cl1,1
a29,mcs_mmg,0.109091,0.166667,1.0,0.5,0.333333,Cl1,1
a30,mcs_mmg,0.0,0.166667,1.0,0.25,1.0,Cl1,1
a31,mcs_mmg,0.036364,0.333333,1.0,0.0,0.0,Cl1,1
a32,mcs_mmg,0.090909,0.384615,0.0,0.5,1.0,Cl1,1
a33,mcs_mmg,1.0,0.410256,1.0,0.5,0.333333,Cl2,2
a34,mcs_mmg,0.054545,0.012821,1.0,0.5,0.0,Cl1,1
a35,mcs_mmg,0.109091,0.423077,0.666667,0.5,0.333333,Cl1,1
a36,mcs_mmg,0.054545,0.782051,0.333333,0.0,0.0,Cl1,1
a37,mcs_mmg,0.072727,0.217949,1.0,0.0,1.0,Cl1,1
a38,mcs_mmg,0.036364,0.25641,1.0,0.0,0.333333,Cl1,1
a39,mcs_mmg,0.036364,0.75641,1.0,1.0,0.666667,Cl2,2
a40,mcs_mmg,0.072727,0.294872,1.0,0.5,0.0,Cl1,1
a41,mcs_mmg,0.0,0.769231,0.333333,0.75,0.0,Cl2,2
a42,mcs_mmg,0.090909,0.858974,0.0,0.75,0.333333,Cl2,2
a43,mcs_mmg,0.0,0.884615,0.0,0.25,0.333333,Cl1,1
a44,mcs_mmg,0.0,0.076923,0.666667,0.25,0.0,Cl1,1
a45,mcs_mmg,1.0,0.371795,1.0,0.75,0.666667,Cl2,2
a46,mcs_mmg,0.0,0.807692,0.333333,0.75,0.0,Cl2,2
a47,mcs_mmg,0.036364,0.371795,0.666667,0.0,1.0,Cl1,1
a48,mcs_mmg,0.090909,0.576923,0.666667,0.0,1.0,Cl1,1
a49,mcs_mmg,1.0,0.166667,0.0,0.75,0.666667,Cl1,1
a50,mcs_mmg,0.0,0.833333,0.0,0.75,1.0,Cl2,2
a51,mcs_mmg,0.090909,0.179487,1.0,1.0,1.0,Cl2,2
a52,mcs_mmg,0.072727,0.307692,1.0,0.5,0.333333,Cl1,1
a53,mcs_mmg,0.054545,0.884615,0.666667,0.75,0.333333,Cl2,2
a54,mcs_mmg,0.036364,0.589744,0.0,0.0,0.0,Cl1,1
a55,mcs_mmg,0.090909,0.666667,1.0,0.25,0.666667,Cl2,2
a56,mcs_mmg,0.109091,0.487179,0.333333,0.0,0.333333,Cl1,1
a57,mcs_mmg,0.054545,0.217949,0.333333,0.0,1.0,Cl1,1
a58,mcs_mmg,0.0,0.641026,1.0,0.25,1.0,Cl2,2
a59,mcs_mmg,0.072727,0.512821,0.0,0.5,0.333333,Cl1,1
a60,mcs_mmg,0.072727,0.615385,0.666667,1.0,0.0,Cl2,2
a61,mcs_mmg,0.036364,0.166667,0.666667,0.0,1.0,Cl1,1
a62,mcs_mmg,0.0,0.512821,0.0,1.0,0.0,Cl1,1
a63,mcs_mmg,0.036364,0.525641,0.666667,0.75,1.0,Cl2,2
a64,mcs_mmg,0.054545,0.705128,1.0,0.75,0.666667,Cl2,2
a65,mcs_mmg,1.0,0.115385,0.0,0.5,0.666667,Cl1,1
a66,mcs_mmg,0.109091,0.448718,0.333333,0.25,0.0,Cl1,1
a67,mcs_mmg,1.0,0.076923,0.333333,1.0,1.0,Cl2,2
a68,mcs_mmg,0.054545,0.705128,0.0,0.75,0.333333,Cl2,2
a69,mcs_mmg,0.054545,0.192308,1.0,0.5,0.666667,Cl1,1
a70,mcs_mmg,0.090909,0.833333,0.333333,0.0,0.333333,Cl1,1
a71,mcs_mmg,0.109091,0.564103,1.0,0.0,0.0,Cl1,1
a72,mcs_mmg,0.036364,0.474359,0.666667,0.5,0.666667,Cl2,2
a73,mcs_mmg,0.072727,0.24359,0.666667,0.5,1.0,Cl1,1
a74,mcs_mmg,0.072727,0.589744,1.0,1.0,1.0,Cl2,2
a75,mcs_mmg,0.0,0.320513,0.333333,0.5,0.333333,Cl1,1
a76,mcs_mmg,1.0,0.782051,0.333333,0.25,0.0,Cl2,2
a77,mcs_mmg,0.036364,0.666667,1.0,0.25,0.666667,Cl2,2
a78,mcs_mmg,0.054545,0.782051,0.0,0.0,0.666667,Cl1,1
a79,mcs_mmg,0.054545,0.371795,0.333333,0.5,0.333333,Cl1,1
a80,mcs_mmg,0.0,0.448718,0.666667,0.75,1.0,Cl2,2
a81,mcs_mmg,1.0,0.551282,1.0,0.5,0.666667,Cl2,2
a82,mcs_mmg,0.072727,0.038462,0.333333,0.0,1.0,Cl1,1
a83,mcs_mmg,0.036364,0.858974,1.0,0.75,0.0,Cl2,2
a84,mcs_mmg,0.072727,1.0,0.0,1.0,0.333333,Cl2,2
a85,mcs_mmg,0.072727,0.871795,0.0,0.25,1.0,Cl2,2
a86,mcs_mmg,0.109091,0.192308,0.666667,0.0,0.0,Cl1,1
a87,mcs_mmg,0.090909,1.0,1.0,1.0,1.0,Cl2,2
a88,mcs_mmg,0.072727,0.217949,0.666667,0.25,1.0,Cl1,1
a89,mcs_mmg,0.109091,0.512821,1.0,0.5,0.0,Cl2,2
a90,mcs_mmg,0.054545,0.653846,1.0,0.0,0.666667,Cl2,2
a91,mcs_mmg,0.072727,0.897436,1.0,0.75,1.0,Cl2,2
a92,mcs_mmg,0.072727,0.320513,0.0,0.25,0.666667,Cl1,1
a93,mcs_mmg,0.0,0.564103,1.0,0.0,0.666667,Cl2,2
a94,mcs_mmg,0.054545,0.833333,0.0,0.25,0.333333,Cl1,1
a95,mcs_mmg,0.0,0.076923,0.0,0.25,1.0,Cl1,1
a96,mcs_mmg,0.090909,0.064103,0.666667,0.25,1.0,Cl1,1
a97,mcs_mmg,0.072727,0.371795,0.666667,0.0,0.0,Cl1,1
a98,mcs_mmg,0.090909,0.871795,1.0,0.75,0.666667,Cl2,2
a99,mcs_mmg,0.036364,0.333333,0.0,0.25,0.666667,Cl1,1
a100,mcs_mmg,0.072727,0.564103,0.333333,0.25,1.0,Cl1,1
a101,mcs_mmg,0.054545,0.423077,1.0,1.0,0.0,Cl2,2
a102,mcs_mmg,1.0,0.269231,0.333333,0.0,0.666667,Cl1,1
a103,mcs_mmg,0.072727,0.666667,0.0,1.0,0.0,Cl2,2
a104,mcs_mmg,0.0,0.769231,1.0,1.0,0.666667,Cl2,2
a105,mcs_mmg,0.036364,0.487179,0.333333,0.0,0.666667,Cl1,1
a106,mcs_mmg,0.036364,0.448718,1.0,0.0,1.0,Cl1,1
a107,mcs_mmg,0.054545,0.74359,0.666667,0.25,0.0,Cl2,2
a108,mcs_mmg,0.036364,0.115385,0.0,0.25,0.0,Cl1,1
a109,mcs_mmg,0.090909,0.512821,0.666667,0.25,1.0,Cl2,2
a110,mcs_mmg,0.054545,0.012821,1.0,0.25,0.333333,Cl1,1
a111,mcs_mmg,0.072727,0.961538,1.0,0.75,0.0,Cl2,2
a112,mcs_mmg,0.109091,0.064103,0.333333,1.0,0.0,Cl1,1
a113,mcs_mmg,0.036364,0.358974,0.0,1.0,1.0,Cl2,2
a114,mcs_mmg,0.054545,0.730769,0.333333,0.0,0.0,Cl1,1
a115,mcs_mmg,0.054545,0.153846,0.333333,0.5,0.0,Cl1,1
a116,mcs_mmg,0.0,0.192308,0.0,0.75,0.333333,Cl1,1
a117,mcs_mmg,0.090909,0.179487,0.0,1.0,0.666667,Cl1,1
a118,mcs_mmg,0.0,0.307692,0.333333,0.25,1.0,Cl1,1
a119,mcs_mmg,0.109091,0.679487,0.333333,0.0,0.0,Cl1,1
a120,mcs_mmg,0.109091,0.205128,0.0,0.5,0.666667,Cl1,1
a121,mcs_mmg,0.072727,0.230769,0.333333,0.25,1.0,Cl1,1
a122,mcs_mmg,0.072727,0.128205,0.333333,0.25,1.0,Cl1,1
a123,mcs_mmg,0.054545,0.461538,0.666667,0.25,0.333333,Cl1,1
a124,mcs_mmg,1.0,0.692308,1.0,1.0,0.666667,Cl2,2
a125,mcs_mmg,0.072727,0.269231,0.666667,0.75,0.666667,Cl2,2
a126,mcs_mmg,0.0,0.371795,0.333333,0.0,0.333333,Cl1,1
a127,mcs_mmg,0.036364,0.512821,0.666667,0.75,0.666667,Cl2,2
a128,mcs_mmg,0.054545,0.384615,0.666667,1.0,0.333333,Cl2,2
a129,mcs_mmg,1.0,0.551282,0.333333,0.75,1.0,Cl2,2
a130,mcs_mmg,0.072727,0.576923,0.0,0.75,0.666667,Cl2,2
a131,mcs_mmg,0.090909,0.089744,0.666667,0.0,1.0,Cl1,1
a132,mcs_mmg,0.109091,0.653846,0.666667,0.0,0.666667,Cl1,1
a133,mcs_mmg,0.109091,0.217949,0.666667,0.75,1.0,Cl2,2
a134,mcs_mmg,0.054545,0.346154,0.333333,0.25,0.666667,Cl1,1
a135,mcs_mmg,0.054545,0.551282,0.666667,1.0,1.0,Cl2,2
a136,mcs_mmg,0.036364,0.192308,0.0,1.0,0.666667,Cl1,1
a137,mcs_mmg,0.109091,0.679487,1.0,0.0,0.333333,Cl2,2
a138,mcs_mmg,1.0,0.153846,1.0,0.5,0.666667,Cl2,2
a139,mcs_mmg,0.0,0.692308,0.0,1.0,0.0,Cl2,2
a140,mcs_mmg,0.0,0.858974,0.333333,1.0,0.0,Cl2,2
a141,mcs_mmg,0.054545,0.512821,0.666667,0.75,0.333333,Cl2,2
a142,mcs_mmg,0.072727,0.153846,0.333333,0.0,1.0,Cl1,1
a143,mcs_mmg,0.072727,0.576923,1.0,0.5,1.0,Cl2,2
a144,mcs_mmg,0.0,0.730769,0.333333,0.25,0.666667,Cl2,2
a145,mcs_mmg,0.036364,0.166667,0.0,0.75,1.0,Cl1,1
a146,mcs_mmg,1.0,0.576923,1.0,0.75,0.333333,Cl2,2
a147,mcs_mmg,0.054545,0.205128,0.666667,0.0,0.333333,Cl1,1
a148,mcs_mmg,0.072727,0.730769,0.666667,0.0,0.0,Cl1,1
a149,mcs_mmg,0.090909,0.294872,0.666667,0.5,1.0,Cl1,1
a150,mcs_mmg,0.054545,0.461538,0.0,0.25,0.666667,Cl1,1
a151,mcs_mmg,0.054545,0.064103,0.666667,0.75,1.0,Cl1,1
a152,mcs_mmg,0.072727,0.653846,0.666667,0.5,0.666667,Cl2,2
a153,mcs_mmg,0.072727,0.192308,1.0,1.0,0.0,Cl2,2
a154,mcs_mmg,0.054545,0.628205,1.0,0.25,0.333333,Cl2,2
a155,mcs_mmg,0.0,0.448718,0.666667,0.25,1.0,Cl1,1
a156,mcs_mmg,0.090909,0.410256,0.666667,1.0,1.0,Cl2,2
a157,mcs_mmg,0.109091,0.641026,1.0,0.25,0.666667,Cl2,2
a158,mcs_mmg,1.0,0.615385,0.333333,0.75,0.666667,Cl2,2
a159,mcs_mmg,0.090909,0.602564,0.333333,0.0,0.0,Cl1,1
a160,mcs_mmg,0.054545,0.333333,0.666667,0.0,0.666667,Cl1,1
a161,mcs_mmg,0.072727,0.474359,1.0,0.75,0.0,Cl2,2
a162,mcs_mmg,0.036364,0.294872,1.0,0.75,1.0,Cl2,2
a163,mcs_mmg,0.054545,0.128205,0.666667,0.5,0.0,Cl1,1
a164,mcs_mmg,1.0,0.012821,1.0,0.75,0.0,Cl2,2
a165,mcs_mmg,0.072727,0.423077,0.666667,0.25,0.0,Cl1,1
a166,mcs_mmg,0.090909,0.551282,0.666667,1.0,0.0,Cl2,2
a167,mcs_mmg,0.090909,0.333333,1.0,0.75,1.0,Cl2,2
a168,mcs_mmg,1.0,0.115385,0.666667,0.5,1.0,Cl2,2
a169,mcs_mmg,0.090909,0.435897,0.333333,0.0,0.333333,Cl1,1
a170,mcs_mmg,0.036364,0.897436,0.0,0.0,0.666667,Cl1,1
a171,mcs_mmg,1.0,0.692308,1.0,0.75,0.0,Cl2,2
a172,mcs_mmg,1.0,0.858974,0.333333,0.5,0.0,Cl2,2
a173,mcs_mmg,0.109091,0.730769,0.333333,0.5,0.0,Cl2,2
a174,mcs_mmg,0.090909,0.346154,0.666667,0.5,1.0,Cl2,2
a175,mcs_mmg,0.090909,0.205128,0.0,0.25,0.666667,Cl1,1
a176,mcs_mmg,0.072727,0.089744,1.0,0.5,0.0,Cl1,1
a177,mcs_mmg,0.090909,0.897436,0.333333,0.25,0.666667,Cl2,2
a178,mcs_mmg,0.036364,0.051282,0.666667,0.75,1.0,Cl1,1
a179,mcs_mmg,0.036364,0.564103,0.333333,0.25,0.666667,Cl1,1
a180,mcs_mmg,0.054545,0.74359,1.0,0.0,0.0,Cl2,2
a181,mcs_mmg,0.054545,0.615385,0.0,0.25,0.333333,Cl1,1
a182,mcs_mmg,0.109091,0.102564,0.333333,1.0,1.0,Cl1,1
a183,mcs_mmg,0.036364,0.358974,1.0,0.75,0.333333,Cl2,2
a184,mcs_mmg,0.090909,0.128205,0.333333,0.25,0.333333,Cl1,1
a185,mcs_mmg,0.054545,0.346154,0.333333,0.5,1.0,Cl1,1
a186,mcs_mmg,1.0,0.461538,0.0,1.0,0.666667,Cl2,2
a187,mcs_mmg,0.0,0.615385,1.0,0.75,1.0,Cl2,2
a188,mcs_mmg,0.036364,0.089744,0.666667,1.0,0.333333,Cl1,1
a189,mcs_mmg,0.0,0.846154,0.666667,0.75,0.666667,Cl2,2
a190,mcs_mmg,0.072727,0.551282,1.0,1.0,0.0,Cl2,2
a191,mcs_mmg,0.0,0.205128,0.0,0.0,0.333333,Cl1,1
a192,mcs_mmg,0.054545,0.166667,0.0,0.25,1.0,Cl1,1
a193,mcs_mmg,0.109091,0.705128,1.0,0.25,0.666667,Cl2,2
a194,mcs_mmg,0.109091,0.858974,0.0,0.25,0.333333,Cl1,1
a195,mcs_mmg,1.0,0.089744,0.0,0.75,0.0,Cl1,1
a196,mcs_mmg,0.054545,0.217949,0.666667,0.25,0.0,Cl1,1
a197,mcs_mmg,0.0,0.205128,0.666667,0.25,0.333333,Cl1,1
a198,mcs_mmg,0.109091,0.294872,0.333333,0.5,0.0,Cl1,1
a199,mcs_mmg,0.090909,0.564103,0.666667,0.5,0.333333,Cl2,2
a200,mcs_mmg,0.0,0.230769,1.0,1.0,0.333333,Cl2,2
a201,mcs_mmg,1.0,0.25641,0.333333,0.25,0.0,Cl1,1
a202,mcs_mmg,0.036364,0.858974,0.333333,0.25,0.0,Cl2,2
a203,mcs_mmg,1.0,0.269231,0.0,0.25,0.0,Cl1,1
a204,mcs_mmg,1.0,0.166667,0.0,0.75,0.333333,Cl1,1
a205,mcs_mmg,0.0,0.602564,0.0,0.25,0.333333,Cl1,1
a206,mcs_mmg,0.109091,0.782051,0.666667,0.25,0.666667,Cl2,2
a207,mcs_mmg,0.036364,0.474359,0.666667,0.75,0.0,Cl2,2
a208,mcs_mmg,0.072727,0.269231,0.0,0.0,1.0,Cl1,1
a209,mcs_mmg,0.0,0.25641,1.0,0.5,1.0,Cl2,2
a210,mcs_mmg,0.109091,0.794872,0.666667,0.25,0.0,Cl2,2
a211,mcs_mmg,0.072727,0.448718,0.0,1.0,0.0,Cl1,1
a212,mcs_mmg,0.109091,0.076923,0.0,0.75,0.0,Cl1,1
a213,mcs_mmg,0.036364,0.782051,0.0,0.75,0.0,Cl2,2
a214,mcs_mmg,0.109091,0.435897,0.0,0.5,0.333333,Cl1,1
a215,mcs_mmg,0.054545,0.74359,1.0,0.25,0.666667,Cl2,2
a216,mcs_mmg,1.0,0.602564,1.0,0.0,0.0,Cl2,2
a217,mcs_mmg,0.036364,0.192308,0.0,1.0,0.0,Cl1,1
a218,mcs_mmg,0.072727,0.24359,0.333333,0.0,1.0,Cl1,1
a219,mcs_mmg,0.054545,0.538462,0.666667,0.75,0.666667,Cl2,2
a220,mcs_mmg,0.036364,0.166667,0.0,1.0,0.333333,Cl1,1
a221,mcs_mmg,0.072727,0.782051,0.666667,0.0,0.666667,Cl2,2
a222,mcs_mmg,0.109091,0.012821,1.0,0.75,0.666667,Cl1,1
a223,mcs_mmg,0.090909,0.089744,0.0,0.5,0.666667,Cl1,1
a224,mcs_mmg,0.109091,0.551282,0.0,0.25,0.333333,Cl1,1
a225,mcs_mmg,0.072727,0.653846,1.0,0.25,0.333333,Cl2,2
a226,mcs_mmg,0.0,0.807692,0.333333,0.5,0.333333,Cl2,2
a227,mcs_mmg,0.0,0.089744,0.0,1.0,0.0,Cl1,1
a228,mcs_mmg,1.0,0.102564,1.0,1.0,0.333333,Cl2,2
a229,mcs_mmg,0.0,0.397436,0.333333,0.25,0.333333,Cl1,1
a230,mcs_mmg,0.036364,0.038462,0.0,1.0,0.333333,Cl1,1
a231,mcs_mmg,0.072727,0.705128,0.666667,0.25,1.0,Cl2,2
a232,mcs_mmg,0.109091,0.0,0.666667,0.25,0.666667,Cl1,1
a233,mcs_mmg,0.090909,0.525641,1.0,0.5,0.333333,Cl2,2
a234,mcs_mmg,1.0,0.512821,1.0,0.75,0.0,Cl2,2
a235,mcs_mmg,0.0,0.397436,1.0,0.75,0.0,Cl2,2
a236,mcs_mmg,0.0,0.858974,1.0,0.0,0.666667,Cl2,2
a237,mcs_mmg,0.072727,0.307692,0.666667,0.5,1.0,Cl1,1
a238,mcs_mmg,0.054545,1.0,1.0,0.5,0.666667,Cl2,2
a239,mcs_mmg,0.109091,1.0,1.0,1.0,0.666667,Cl2,2
a240,mcs_mmg,0.109091,0.628205,0.333333,0.75,0.0,Cl2,2
a241,mcs_mmg,0.054545,0.602564,0.0,0.75,1.0,Cl2,2
a242,mcs_mmg,1.0,0.153846,0.0,0.0,0.666667,Cl1,1
a243,mcs_mmg,1.0,0.384615,0.666667,0.0,0.333333,Cl1,1
a244,mcs_mmg,0.072727,0.397436,0.666667,0.25,0.333333,Cl1,1
a245,mcs_mmg,0.072727,0.961538,0.333333,1.0,1.0,Cl2,2
a246,mcs_mmg,1.0,0.435897,0.666667,0.0,0.666667,Cl2,2
a247,mcs_mmg,0.072727,0.782051,0.0,0.0,1.0,Cl1,1
a248,mcs_mmg,0.0,0.602564,0.0,0.0,1.0,Cl1,1
a249,mcs_mmg,0.072727,0.564103,0.666667,0.75,0.666667,Cl2,2
a250,mcs_mmg,0.109091,0.282051,0.333333,0.5,0.666667,Cl1,1
a251,mcs_mmg,1.0,0.166667,0.333333,0.25,0.666667,Cl1,1
a252,mcs_mmg,0.036364,0.564103,0.333333,0.0,0.333333,Cl1,1
a253,mcs_mmg,0.0,0.166667,0.666667,0.0,1.0,Cl1,1
a254,mcs_mmg,0.036364,0.75641,0.333333,0.75,0.666667,Cl2,2
a255,mcs_mmg,0.090909,0.74359,1.0,0.25,1.0,Cl2,2
a256,mcs_mmg,0.054545,1.0,0.0,0.75,0.0,Cl2,2
a257,mcs_mmg,0.054545,0.474359,0.333333,0.75,0.333333,Cl1,1
a258,mcs_mmg,1.0,0.371795,1.0,0.75,0.333333,Cl2,2
a259,mcs_mmg,0.072727,0.807692,1.0,0.75,0.0,Cl2,2
a260,mcs_mmg,0.072727,0.064103,0.333333,0.25,0.666667,Cl1,1
a261,mcs_mmg,0.109091,0.166667,0.333333,0.75,1.0,Cl1,1
a262,mcs_mmg,0.090909,0.705128,1.0,0.25,1.0,Cl2,2
a263,mcs_mmg,0.054545,0.897436,1.0,0.25,0.333333,Cl2,2
a264,mcs_mmg,0.072727,0.346154,1.0,1.0,0.666667,Cl2,2
a265,mcs_mmg,0.054545,0.833333,0.333333,0.0,0.0,Cl1,1
a266,mcs_mmg,0.054545,0.064103,1.0,0.0,0.666667,Cl1,1
a267,mcs_mmg,0.090909,0.846154,1.0,1.0,0.0,Cl2,2
a268,mcs_mmg,1.0,0.833333,1.0,0.5,0.333333,Cl2,2
a269,mcs_mmg,0.109091,0.320513,0.0,0.5,0.333333,Cl1,1
a270,mcs_mmg,0.090909,0.282051,1.0,0.75,0.333333,Cl2,2
a271,mcs_mmg,0.036364,0.089744,1.0,0.5,0.666667,Cl1,1
a272,mcs_mmg,0.0,0.282051,0.333333,0.75,0.333333,Cl1,1
a273,mcs_mmg,0.090909,0.333333,0.0,0.75,0.666667,Cl1,1
a274,mcs_mmg,0.054545,0.858974,0.0,0.0,0.666667,Cl1,1
a275,mcs_mmg,0.109091,0.282051,1.0,0.75,0.333333,Cl2,2
a276,mcs_mmg,0.109091,0.512821,0.0,0.5,0.333333,Cl1,1
a277,mcs_mmg,0.0,0.24359,0.333333,1.0,0.333333,Cl1,1
a278,mcs_mmg,0.109091,0.102564,0.0,0.5,0.666667,Cl1,1
a279,mcs_mmg,0.109091,0.769231,1.0,1.0,0.666667,Cl2,2
a280,mcs_mmg,0.054545,0.846154,1.0,0.5,0.333333,Cl2,2
a281,mcs_mmg,0.054545,0.641026,0.0,0.75,0.333333,Cl2,2
a282,mcs_mmg,0.0,1.0,1.0,0.75,0.666667,Cl2,2
a283,mcs_mmg,0.109091,0.679487,0.0,1.0,0.333333,Cl2,2
a284,mcs_mmg,0.109091,0.089744,0.666667,0.0,0.0,Cl1,1
a285,mcs_mmg,0.054545,0.884615,1.0,0.0,0.333333,Cl2,2
a286,mcs_mmg,0.054545,0.692308,0.333333,0.25,1.0,Cl2,2
a287,mcs_mmg,0.109091,0.358974,0.0,0.5,0.333333,Cl1,1
a288,mcs_mmg,0.072727,0.538462,0.333333,0.75,0.0,Cl1,1
a289,mcs_mmg,0.090909,0.423077,0.333333,0.0,0.666667,Cl1,1
a290,mcs_mmg,0.090909,0.846154,1.0,0.75,0.333333,Cl2,2
a291,mcs_mmg,0.090909,0.166667,0.666667,0.75,1.0,Cl2,2
a292,mcs_mmg,0.090909,0.833333,0.0,1.0,0.333333,Cl2,2
a293,mcs_mmg,0.054545,0.102564,0.0,0.5,0.0,Cl1,1
a294,mcs_mmg,0.090909,0.064103,0.666667,0.0,0.666667,Cl1,1
a295,mcs_mmg,0.036364,0.807692,0.666667,0.25,1.0,Cl2,2
a296,mcs_mmg,1.0,0.064103,0.333333,1.0,0.666667,Cl2,2
a297,mcs_mmg,0.109091,0.782051,0.0,0.0,1.0,Cl1,1
a298,mcs_mmg,0.054545,0.269231,1.0,0.25,0.333333,Cl1,1
a299,mcs_mmg,0.109091,0.038462,1.0,1.0,0.0,Cl1,1
a300,mcs_mmg,0.109091,0.858974,0.0,0.75,0.0,Cl2,2
a301,mcs_mmg,0.072727,0.230769,0.0,0.0,0.333333,Cl1,1
a302,mcs_mmg,1.0,0.294872,1.0,0.25,1.0,Cl2,2
a303,mcs_mmg,0.090909,0.487179,0.0,0.75,0.333333,Cl1,1
a304,mcs_mmg,0.109091,0.320513,0.666667,1.0,0.666667,Cl2,2
a305,mcs_mmg,0.036364,0.269231,1.0,0.75,1.0,Cl2,2
a306,mcs_mmg,0.090909,0.371795,0.666667,0.75,0.666667,Cl2,2
a307,mcs_mmg,0.109091,0.384615,0.333333,1.0,0.0,Cl1,1
a308,mcs_mmg,1.0,0.576923,0.666667,1.0,1.0,Cl2,2
a309,mcs_mmg,0.054545,0.576923,1.0,0.5,1.0,Cl2,2
a310,mcs_mmg,0.036364,0.666667,0.666667,0.5,1.0,Cl2,2
a311,mcs_mmg,0.109091,0.807692,1.0,0.5,0.0,Cl2,2
a312,mcs_mmg,0.036364,0.807692,0.333333,1.0,1.0,Cl2,2
a313,mcs_mmg,0.036364,0.794872,1.0,0.75,0.333333,Cl2,2
a314,mcs_mmg,0.072727,0.807692,0.666667,0.0,0.666667,Cl2,2
a315,mcs_mmg,1.0,0.320513,0.0,1.0,0.333333,Cl2,2
a316,mcs_mmg,0.036364,0.0,0.0,1.0,0.333333,Cl1,1
a317,mcs_mmg,0.036364,0.230769,1.0,0.0,0.0,Cl1,1
a318,mcs_mmg,1.0,0.871795,0.333333,1.0,1.0,Cl2,2
a319,mcs_mmg,0.054545,0.153846,0.333333,0.5,0.0,Cl1,1
a320,mcs_mmg,0.036364,0.384615,0.333333,0.25,0.0,Cl1,1
a321,mcs_mmg,0.0,0.794872,0.666667,0.5,1.0,Cl2,2
a322,mcs_mmg,0.0,0.679487,0.666667,0.25,0.333333,Cl2,2
a323,mcs_mmg,0.090909,0.564103,0.666667,0.75,0.666667,Cl2,2
a324,mcs_mmg,0.036364,0.448718,1.0,0.25,0.666667,Cl2,2
a325,mcs_mmg,0.0,0.230769,0.333333,0.5,0.333333,Cl1,1
a326,mcs_mmg,0.072727,0.320513,0.666667,0.0,0.333333,Cl1,1
a327,mcs_mmg,1.0,0.294872,1.0,0.25,0.333333,Cl2,2
a328,mcs_mmg,0.109091,0.75641,1.0,1.0,0.333333,Cl2,2
a329,mcs_mmg,0.036364,0.102564,0.333333,0.75,0.666667,Cl1,1
a330,mcs_mmg,0.0,0.230769,0.333333,0.25,0.666667,Cl1,1
a331,mcs_mmg,0.072727,0.858974,0.666667,0.5,0.333333,Cl2,2
a332,mcs_mmg,0.036364,0.474359,0.0,0.5,0.666667,Cl1,1
a333,mcs_mmg,0.072727,0.435897,1.0,0.5,1.0,Cl2,2
a334,mcs_mmg,0.072727,0.448718,0.0,0.0,1.0,Cl1,1
a335,mcs_mmg,0.0,0.576923,0.0,0.25,0.666667,Cl1,1
a336,mcs_mmg,0.109091,0.730769,0.333333,1.0,1.0,Cl2,2
a337,mcs_mmg,0.054545,0.064103,1.0,0.5,0.0,Cl1,1
a338,mcs_mmg,0.072727,0.74359,0.333333,0.5,0.666667,Cl2,2
a339,mcs_mmg,1.0,0.717949,0.0,0.75,0.666667,Cl2,2
a340,mcs_mmg,0.109091,0.282051,1.0,0.75,0.0,Cl2,2
a341,mcs_mmg,0.090909,0.423077,0.333333,1.0,0.666667,Cl2,2
a342,mcs_mmg,1.0,0.461538,0.666667,0.25,0.0,Cl2,2
a343,mcs_mmg,0.054545,0.5,0.0,1.0,0.666667,Cl2,2
a344,mcs_mmg,1.0,0.179487,0.333333,0.5,0.333333,Cl1,1
a345,mcs_mmg,0.109091,0.435897,0.666667,0.0,0.333333,Cl1,1
a346,mcs_mmg,0.072727,0.794872,0.333333,0.5,0.666667,Cl2,2
a347,mcs_mmg,0.072727,0.230769,0.0,1.0,1.0,Cl1,1
a348,mcs_mmg,0.090909,0.25641,0.0,0.25,0.666667,Cl1,1
a349,mcs_mmg,0.090909,0.24359,0.333333,0.0,1.0,Cl1,1
a350,mcs_mmg,0.054545,0.628205,1.0,0.25,0.0,Cl2,2
a351,mcs_mmg,0.0,0.602564,1.0,0.75,1.0,Cl2,2
a352,mcs_mmg,0.036364,0.102564,0.333333,0.5,0.666667,Cl1,1
a353,mcs_mmg,0.036364,0.564103,0.666667,0.0,0.333333,Cl1,1
a354,mcs_mmg,0.090909,0.846154,0.333333,0.25,1.0,Cl2,2
a355,mcs_mmg,0.090909,0.205128,0.666667,0.5,0.333333,Cl1,1
a356,mcs_mmg,1.0,0.5,0.0,0.5,1.0,Cl2,2
a357,mcs_mmg,0.109091,0.5,0.333333,0.25,0.0,Cl1,1
a358,mcs_mmg,1.0,0.666667,0.333333,1.0,0.333333,Cl2,2
a359,mcs_mmg,0.072727,0.307692,0.0,0.5,0.666667,Cl1,1
a360,mcs_mmg,0.090909,0.410256,0.0,0.25,0.666667,Cl1,1
a361,mcs_mmg,0.0,0.589744,1.0,1.0,0.333333,Cl2,2
a362,mcs_mmg,0.036364,0.576923,0.333333,0.0,0.666667,Cl1,1
a363,mcs_mmg,0.072727,0.75641,0.0,0.5,0.666667,Cl2,2
a364,mcs_mmg,0.109091,0.410256,0.0,0.25,0.0,Cl1,1
a365,mcs_mmg,0.090909,0.666667,0.333333,1.0,1.0,Cl2,2
a366,mcs_mmg,1.0,0.705128,0.0,0.25,0.333333,Cl2,2
a367,mcs_mmg,0.0,0.564103,1.0,0.25,1.0,Cl2,2
a368,mcs_mmg,0.0,0.564103,0.666667,0.25,1.0,Cl2,2
a369,mcs_mmg,0.072727,1.0,0.0,0.75,1.0,Cl2,2
a370,mcs_mmg,0.072727,0.423077,1.0,0.0,0.333333,Cl1,1
a371,mcs_mmg,0.0,0.769231,0.666667,0.75,1.0,Cl2,2
a372,mcs_mmg,0.072727,0.307692,0.0,0.0,1.0,Cl1,1
a373,mcs_mmg,0.109091,0.038462,0.333333,1.0,0.333333,Cl1,1
a374,mcs_mmg,1.0,0.24359,0.0,0.75,0.0,Cl1,1
a375,mcs_mmg,0.090909,0.846154,1.0,0.0,1.0,Cl2,2
a376,mcs_mmg,0.036364,0.0,0.0,1.0,0.666667,Cl1,1
a377,mcs_mmg,0.054545,0.589744,1.0,1.0,1.0,Cl2,2
a378,mcs_mmg,0.090909,0.461538,1.0,0.5,1.0,Cl2,2
a379,mcs_mmg,0.036364,0.75641,0.0,1.0,0.0,Cl2,2
a380,mcs_mmg,0.036364,0.192308,1.0,0.5,0.0,Cl1,1
a381,mcs_mmg,1.0,0.512821,0.666667,0.0,0.333333,Cl2,2
a382,mcs_mmg,0.072727,0.141026,1.0,1.0,0.0,Cl2,2
a383,mcs_mmg,0.0,0.102564,0.666667,0.5,0.333333,Cl1,1
a384,mcs_mmg,0.072727,0.141026,1.0,0.75,0.333333,Cl1,1
a385,mcs_mmg,1.0,0.448718,0.333333,0.75,0.333333,Cl2,2
a386,mcs_mmg,0.109091,0.217949,0.666667,1.0,0.0,Cl1,1
a387,mcs_mmg,0.090909,0.525641,0.0,1.0,1.0,Cl2,2
a388,mcs_mmg,0.0,0.384615,1.0,0.5,1.0,Cl2,2
a389,mcs_mmg,0.109091,0.269231,0.333333,0.0,0.0,Cl1,1
a390,mcs_mmg,0.054545,0.525641,0.666667,0.25,0.666667,Cl1,1
a391,mcs_mmg,0.090909,0.089744,1.0,0.5,0.333333,Cl1,1
a392,mcs_mmg,0.090909,0.512821,0.666667,0.5,0.666667,Cl2,2
a393,mcs_mmg,0.109091,0.74359,1.0,0.0,0.333333,Cl2,2
a394,mcs_mmg,0.109091,0.730769,0.666667,0.75,1.0,Cl2,2
a395,mcs_mmg,0.036364,0.884615,1.0,0.25,0.666667,Cl2,2
a396,mcs_mmg,0.0,0.628205,0.666667,0.0,0.666667,Cl1,1
a397,mcs_mmg,0.072727,0.602564,0.0,0.0,0.0,Cl1,1
a398,mcs_mmg,0.0,0.192308,1.0,0.75,0.666667,Cl2,2
a399,mcs_mmg,0.090909,0.576923,0.666667,0.75,0.666667,Cl2,2
a400,mcs_mmg,0.090909,0.371795,0.0,0.25,0.333333,Cl1,1
a401,mcs_mmg,0.036364,0.871795,1.0,0.5,0.0,Cl2,2
a402,mcs_mmg,0.072727,0.294872,0.333333,1.0,0.0,Cl1,1
a403,mcs_mmg,0.054545,0.346154,1.0,0.25,0.333333,Cl1,1
a404,mcs_mmg,0.109091,0.461538,1.0,0.5,0.333333,Cl2,2
a405,mcs_mmg,0.090909,0.141026,0.0,1.0,1.0,Cl1,1
a406,mcs_mmg,1.0,0.217949,0.333333,0.75,0.666667,Cl2,2
a407,mcs_mmg,0.036364,0.794872,0.0,0.0,0.0,Cl1,1
a408,mcs_mmg,0.090909,0.153846,0.666667,0.25,0.0,Cl1,1
a409,mcs_mmg,1.0,0.333333,0.666667,1.0,0.0,Cl2,2
a410,mcs_mmg,0.0,0.371795,1.0,0.25,0.0,Cl1,1
a411,mcs_mmg,1.0,0.615385,0.0,0.25,0.666667,Cl2,2
a412,mcs_mmg,0.109091,0.346154,1.0,1.0,1.0,Cl2,2
a413,mcs_mmg,1.0,1.0,0.333333,0.5,0.666667,Cl2,2
a414,mcs_mmg,0.090909,0.397436,0.0,0.25,0.0,Cl1,1
a415,mcs_mmg,0.054545,0.692308,1.0,0.75,0.333333,Cl2,2
a416,mcs_mmg,0.109091,0.628205,0.333333,0.5,0.0,Cl1,1
a417,mcs_mmg,0.0,0.653846,0.666667,0.5,0.333333,Cl2,2
a418,mcs_mmg,0.0,0.448718,0.666667,1.0,0.333333,Cl2,2
a419,mcs_mmg,0.072727,0.474359,1.0,0.75,0.0,Cl2,2
a420,mcs_mmg,0.036364,0.884615,0.666667,0.0,0.0,Cl2,2
a421,mcs_mmg,0.036364,0.435897,0.333333,0.25,0.666667,Cl1,1
a422,mcs_mmg,1.0,0.717949,1.0,0.5,0.666667,Cl2,2
a423,mcs_mmg,0.036364,0.794872,1.0,0.5,0.666667,Cl2,2
a424,mcs_mmg,0.090909,0.192308,0.333333,1.0,0.0,Cl1,1
a425,mcs_mmg,1.0,0.102564,0.666667,0.5,0.666667,Cl2,2
a426,mcs_mmg,0.090909,0.064103,0.0,1.0,0.333333,Cl1,1
a427,mcs_mmg,0.109091,0.397436,0.333333,1.0,1.0,Cl2,2
a428,mcs_mmg,0.090909,0.602564,1.0,0.25,0.333333,Cl2,2
a429,mcs_mmg,0.109091,0.012821,0.333333,1.0,1.0,Cl1,1
a430,mcs_mmg,0.054545,0.282051,0.333333,0.25,0.333333,Cl1,1
a431,mcs_mmg,0.054545,0.064103,1.0,0.0,0.0,Cl1,1
a432,mcs_mmg,0.109091,0.564103,0.0,0.5,0.333333,Cl1,1
a433,mcs_mmg,0.036364,0.217949,0.333333,0.0,0.0,Cl1,1
a434,mcs_mmg,0.054545,0.705128,1.0,1.0,0.0,Cl2,2
a435,mcs_mmg,1.0,0.294872,1.0,1.0,1.0,Cl2,2
a436,mcs_mmg,0.054545,0.025641,0.666667,0.25,0.0,Cl1,1
a437,mcs_mmg,1.0,0.038462,0.0,0.5,0.0,Cl1,1
a438,mcs_mmg,0.054545,0.692308,0.333333,1.0,0.0,Cl2,2
a439,mcs_mmg,0.090909,0.333333,0.666667,0.5,0.666667,Cl1,1
a440,mcs_mmg,0.072727,0.884615,0.0,0.0,1.0,Cl1,1
a441,mcs_mmg,0.072727,0.576923,1.0,1.0,0.0,Cl2,2
a442,mcs_mmg,1.0,0.589744,1.0,1.0,0.0,Cl2,2
a443,mcs_mmg,0.090909,0.782051,0.666667,0.75,1.0,Cl2,2
a444,mcs_mmg,0.090909,0.153846,0.666667,0.75,0.666667,Cl1,1
a445,mcs_mmg,0.090909,0.858974,0.0,0.5,0.666667,Cl2,2
a446,mcs_mmg,0.0,0.141026,0.666667,0.5,0.0,Cl1,1
a447,mcs_mmg,0.109091,0.128205,0.666667,0.0,0.333333,Cl1,1
a448,mcs_mmg,0.072727,0.846154,1.0,1.0,0.0,Cl2,2
a449,mcs_mmg,0.054545,0.333333,0.0,0.75,1.0,Cl1,1
a450,mcs_mmg,0.036364,0.269231,0.333333,1.0,1.0,Cl2,2
a451,mcs_mmg,0.054545,0.884615,1.0,0.0,1.0,Cl2,2
a452,mcs_mmg,0.036364,0.410256,0.333333,0.0,0.333333,Cl1,1
a453,mcs_mmg,0.109091,0.794872,0.666667,0.25,0.333333,Cl2,2
a454,mcs_mmg,0.054545,0.5,1.0,0.0,1.0,Cl2,2
a455,mcs_mmg,0.054545,0.192308,1.0,0.75,0.0,Cl1,1
a456,mcs_mmg,0.090909,0.051282,0.333333,0.25,1.0,Cl1,1
a457,mcs_mmg,1.0,0.628205,0.333333,0.0,0.0,Cl1,1
a458,mcs_mmg,0.109091,0.384615,0.666667,1.0,0.0,Cl2,2
a459,mcs_mmg,0.036364,0.75641,0.333333,0.5,0.0,Cl2,2
a460,mcs_mmg,1.0,0.641026,1.0,0.25,0.333333,Cl2,2
a461,mcs_mmg,1.0,0.653846,0.666667,1.0,0.333333,Cl2,2
a462,mcs_mmg,0.090909,0.384615,0.666667,0.5,0.666667,Cl1,1
a463,mcs_mmg,1.0,0.307692,1.0,0.0,1.0,Cl2,2
a464,mcs_mmg,0.090909,0.269231,0.666667,0.5,0.333333,Cl1,1
a465,mcs_mmg,0.036364,0.102564,0.333333,0.0,0.333333,Cl1,1
a466,mcs_mmg,0.109091,0.564103,0.666667,0.75,0.0,Cl2,2
a467,mcs_mmg,0.109091,0.294872,0.0,0.5,1.0,Cl1,1
a468,mcs_mmg,0.072727,0.410256,0.333333,1.0,0.333333,Cl2,2
a469,mcs_mmg,1.0,0.641026,0.666667,1.0,0.0,Cl2,2
a470,mcs_mmg,0.109091,0.576923,0.0,1.0,0.666667,Cl2,2
a471,mcs_mmg,0.109091,0.217949,0.333333,0.0,0.666667,Cl1,1
a472,mcs_mmg,0.054545,0.692308,0.666667,0.75,0.0,Cl2,2
a473,mcs_mmg,0.090909,0.294872,1.0,0.25,0.0,Cl1,1
a474,mcs_mmg,1.0,0.346154,0.333333,0.0,0.333333,Cl1,1
a475,mcs_mmg,0.072727,0.025641,1.0,0.25,1.0,Cl1,1
a476,mcs_mmg,0.0,0.384615,0.0,1.0,0.666667,Cl1,1
a477,mcs_mmg,1.0,0.371795,1.0,0.75,0.666667,Cl2,2
a478,mcs_mmg,0.054545,0.141026,0.333333,0.25,0.666667,Cl1,1
a479,mcs_mmg,0.0,0.448718,0.666667,0.0,0.333333,Cl1,1
a480,mcs_mmg,0.109091,0.076923,0.0,1.0,0.0,Cl1,1
a481,mcs_mmg,0.054545,0.717949,0.333333,0.75,0.0,Cl2,2
a482,mcs_mmg,0.072727,0.653846,0.666667,0.0,0.333333,Cl1,1
a483,mcs_mmg,0.109091,0.602564,0.0,0.5,0.333333,Cl1,1
a484,mcs_mmg,1.0,0.74359,0.0,0.0,0.333333,Cl1,1
a485,mcs_mmg,0.0,0.75641,0.333333,0.0,0.333333,Cl1,1
a486,mcs_mmg,0.072727,0.551282,0.0,1.0,1.0,Cl2,2
a487,mcs_mmg,1.0,0.602564,0.333333,0.0,0.0,Cl1,1
a488,mcs_mmg,0.090909,0.525641,1.0,1.0,0.666667,Cl2,2
a489,mcs_mmg,0.109091,0.717949,0.333333,1.0,1.0,Cl2,2
a490,mcs_mmg,0.054545,0.576923,1.0,1.0,1.0,Cl2,2
a491,mcs_mmg,0.036364,0.205128,0.666667,0.75,1.0,Cl2,2
a492,mcs_mmg,1.0,0.794872,0.333333,0.0,0.333333,Cl2,2
a493,mcs_mmg,1.0,0.423077,1.0,1.0,0.0,Cl2,2
a494,mcs_mmg,0.109091,0.692308,0.666667,0.0,0.333333,Cl1,1
a495,mcs_mmg,1.0,0.794872,0.0,0.0,0.666667,Cl2,2
a496,mcs_mmg,0.0,0.576923,1.0,0.5,0.333333,Cl2,2
a497,mcs_mmg,0.072727,0.512821,0.333333,1.0,0.666667,Cl2,2
a498,mcs_mmg,1.0,0.320513,0.333333,0.5,1.0,Cl2,2
a499,mcs_mmg,0.072727,0.666667,0.666667,0.75,1.0,Cl2,2
a500,mcs_mmg,0.090909,0.051282,0.0,0.25,0.333333,Cl1,1
a501,mcs_mmg,0.090909,0.141026,0.333333,0.0,1.0,Cl1,1
a502,mcs_mmg,0.072727,0.74359,0.0,1.0,0.333333,Cl2,2
a503,mcs_mmg,0.090909,0.679487,0.666667,0.25,1.0,Cl2,2
a504,mcs_mmg,0.109091,0.653846,0.333333,0.5,1.0,Cl2,2
a505,mcs_mmg,0.0,0.846154,0.333333,1.0,1.0,Cl2,2
a506,mcs_mmg,0.072727,0.346154,0.0,1.0,0.333333,Cl1,1
a507,mcs_mmg,0.072727,0.051282,0.0,0.5,0.666667,Cl1,1
a508,mcs_mmg,0.090909,0.538462,0.0,0.75,0.666667,Cl1,1
a509,mcs_mmg,0.054545,0.051282,0.0,0.5,0.0,Cl1,1
a510,mcs_mmg,0.090909,0.615385,0.0,0.0,1.0,Cl1,1
a511,mcs_mmg,0.090909,0.102564,0.0,0.5,0.666667,Cl1,1
a512,mcs_mmg,1.0,0.217949,0.0,0.5,0.333333,Cl1,1
a513,mcs_mmg,0.036364,0.75641,0.0,0.25,1.0,Cl1,1
a514,mcs_mmg,0.109091,0.320513,0.333333,0.25,1.0,Cl1,1
a515,mcs_mmg,0.036364,0.564103,0.666667,0.75,1.0,Cl2,2
a516,mcs_mmg,1.0,0.551282,1.0,0.5,0.333333,Cl2,2
a517,mcs_mmg,0.090909,0.102564,0.666667,1.0,0.333333,Cl1,1
a518,mcs_mmg,0.072727,0.371795,1.0,0.75,0.333333,Cl2,2
a519,mcs_mmg,1.0,0.205128,1.0,0.25,0.0,Cl1,1
a520,mcs_mmg,0.072727,0.397436,1.0,0.25,0.666667,Cl2,2
a521,mcs_mmg,0.0,0.589744,0.666667,1.0,1.0,Cl2,2
a522,mcs_mmg,0.054545,0.653846,0.0,0.75,0.333333,Cl2,2
a523,mcs_mmg,0.036364,0.769231,0.0,1.0,0.666667,Cl2,2
a524,mcs_mmg,0.109091,0.769231,0.0,0.5,1.0,Cl2,2
a525,mcs_mmg,0.0,0.166667,0.0,0.0,1.0,Cl1,1
a526,mcs_mmg,0.090909,0.038462,0.0,0.25,0.0,Cl1,1
a527,mcs_mmg,0.072727,0.012821,1.0,0.25,0.666667,Cl1,1
a528,mcs_mmg,0.109091,0.410256,1.0,0.5,0.0,Cl2,2
a529,mcs_mmg,0.0,0.371795,0.333333,0.25,0.666667,Cl1,1
a530,mcs_mmg,0.054545,0.307692,0.666667,0.5,0.333333,Cl1,1
a531,mcs_mmg,0.109091,0.564103,0.0,0.25,0.0,Cl1,1
a532,mcs_mmg,0.0,0.435897,1.0,0.25,0.666667,Cl2,2
a533,mcs_mmg,0.054545,0.884615,0.0,1.0,1.0,Cl2,2
a534,mcs_mmg,0.0,0.269231,0.0,0.25,0.666667,Cl1,1
a535,mcs_mmg,0.090909,0.448718,0.333333,0.75,0.0,Cl1,1
a536,mcs_mmg,0.072727,0.076923,0.333333,0.0,0.666667,Cl1,1
a537,mcs_mmg,0.054545,0.115385,0.0,0.25,1.0,Cl1,1
a538,mcs_mmg,0.054545,0.769231,0.333333,0.0,0.0,Cl1,1
a539,mcs_mmg,0.109091,0.423077,0.333333,0.5,0.0,Cl1,1
a540,mcs_mmg,0.090909,0.858974,0.333333,1.0,0.0,Cl2,2
a541,mcs_mmg,1.0,0.269231,0.666667,0.75,1.0,Cl2,2
a542,mcs_mmg,0.054545,0.666667,0.0,1.0,0.333333,Cl2,2
a543,mcs_mmg,0.090909,0.589744,0.333333,0.25,1.0,Cl1,1
a544,mcs_mmg,1.0,0.24359,0.0,0.25,0.0,Cl1,1
a545,mcs_mmg,0.0,0.358974,0.666667,0.25,0.666667,Cl1,1
a546,mcs_mmg,0.036364,0.871795,0.333333,0.5,0.0,Cl2,2
a547,mcs_mmg,0.036364,0.025641,1.0,0.5,0.0,Cl1,1
a548,mcs_mmg,0.072727,0.141026,0.333333,0.0,0.0,Cl1,1
a549,mcs_mmg,0.0,0.051282,0.333333,0.75,1.0,Cl1,1
a550,mcs_mmg,0.072727,0.230769,1.0,0.0,1.0,Cl1,1
a551,mcs_mmg,0.072727,0.846154,0.666667,0.25,1.0,Cl2,2
a552,mcs_mmg,1.0,0.474359,0.333333,0.5,0.666667,Cl2,2
a553,mcs_mmg,0.036364,0.692308,0.333333,0.75,0.333333,Cl2,2
a554,mcs_mmg,0.0,0.602564,1.0,0.25,0.333333,Cl2,2
a555,mcs_mmg,0.0,0.564103,0.0,0.25,1.0,Cl1,1
a556,mcs_mmg,1.0,0.230769,1.0,0.25,0.0,Cl1,1
a557,mcs_mmg,0.072727,0.076923,0.666667,0.25,0.0,Cl1,1
a558,mcs_mmg,0.0,0.833333,1.0,0.25,0.666667,Cl2,2
a559,mcs_mmg,0.109091,0.192308,0.666667,0.25,0.333333,Cl1,1
a560,mcs_mmg,0.0,0.525641,1.0,1.0,0.333333,Cl2,2
a561,mcs_mmg,0.036364,1.0,0.0,0.75,0.333333,Cl2,2
a562,mcs_mmg,0.036364,0.410256,1.0,0.25,0.0,Cl1,1
a563,mcs_mmg,0.109091,0.141026,0.0,0.25,1.0,Cl1,1
a564,mcs_mmg,0.036364,0.192308,0.333333,1.0,0.0,Cl1,1
a565,mcs_mmg,0.054545,0.666667,0.0,0.0,0.0,Cl1,1
a566,mcs_mmg,0.090909,0.833333,0.333333,0.75,0.666667,Cl2,2
a567,mcs_mmg,0.054545,0.307692,0.0,0.25,0.333333,Cl1,1
a568,mcs_mmg,0.054545,0.141026,0.0,0.75,0.333333,Cl1,1
a569,mcs_mmg,0.054545,0.692308,0.666667,0.75,0.0,Cl2,2
a570,mcs_mmg,0.109091,0.717949,0.0,0.75,0.333333,Cl2,2
a571,mcs_mmg,0.109091,0.833333,0.0,0.0,0.0,Cl1,1
a572,mcs_mmg,0.0,0.641026,0.0,0.0,0.666667,Cl1,1
a573,mcs_mmg,0.109091,0.5,0.333333,0.0,1.0,Cl1,1
a574,mcs_mmg,0.090909,0.435897,1.0,1.0,0.666667,Cl2,2
a575,mcs_mmg,1.0,0.576923,0.0,0.0,0.333333,Cl1,1
a576,mcs_mmg,0.072727,0.858974,0.333333,0.75,0.0,Cl2,2
a577,mcs_mmg,1.0,0.679487,1.0,0.75,0.333333,Cl2,2
a578,mcs_mmg,0.072727,0.397436,0.0,0.5,0.333333,Cl1,1
a579,mcs_mmg,0.109091,0.128205,0.0,0.25,0.0,Cl1,1
a580,mcs_mmg,0.090909,0.384615,1.0,0.0,1.0,Cl1,1
a581,mcs_mmg,0.090909,0.051282,0.333333,0.0,0.666667,Cl1,1
a582,mcs_mmg,0.054545,0.5,0.0,0.5,0.0,Cl1,1
a583,mcs_mmg,0.072727,0.320513,0.0,1.0,0.666667,Cl1,1
a584,mcs_mmg,0.072727,0.589744,0.0,0.0,0.0,Cl1,1
a585,mcs_mmg,0.109091,0.141026,1.0,0.75,0.0,Cl1,1
a586,mcs_mmg,0.0,0.448718,0.0,0.0,0.666667,Cl1,1
a587,mcs_mmg,0.072727,0.24359,0.333333,0.5,0.333333,Cl1,1
a588,mcs_mmg,0.036364,0.679487,0.333333,1.0,0.0,Cl2,2
a589,mcs_mmg,0.090909,0.5,1.0,1.0,0.666667,Cl2,2
a590,mcs_mmg,0.036364,0.538462,1.0,0.25,0.666667,Cl2,2
a591,mcs_mmg,0.072727,0.871795,0.0,0.75,0.333333,Cl2,2
a592,mcs_mmg,0.054545,0.461538,1.0,1.0,1.0,Cl2,2
a593,mcs_mmg,0.036364,0.448718,1.0,0.25,0.666667,Cl2,2
a594,mcs_mmg,0.090909,0.038462,1.0,0.75,0.333333,Cl1,1
a595,mcs_mmg,0.109091,0.205128,0.333333,0.25,0.666667,Cl1,1
a596,mcs_mmg,0.090909,0.884615,1.0,0.0,1.0,Cl2,2
a597,mcs_mmg,0.109091,0.602564,0.666667,0.0,1.0,Cl2,2
a598,mcs_mmg,1.0,0.320513,0.0,0.75,0.0,Cl1,1
a599,mcs_mmg,1.0,0.807692,0.333333,1.0,0.333333,Cl2,2
a600,mcs_mmg,0.090909,0.538462,0.333333,1.0,1.0,Cl2,2
a601,mcs_mmg,0.090909,0.538462,0.333333,0.0,0.666667,Cl1,1
a602,mcs_mmg,0.0,0.089744,1.0,0.75,0.666667,Cl1,1
a603,mcs_mmg,0.090909,0.897436,1.0,1.0,0.666667,Cl2,2
a604,mcs_mmg,0.036364,0.705128,1.0,0.75,1.0,Cl2,2
a605,mcs_mmg,1.0,0.730769,0.333333,0.0,1.0,Cl2,2
a606,mcs_mmg,0.072727,0.961538,1.0,0.5,0.0,Cl2,2
a607,mcs_mmg,0.036364,0.282051,0.666667,0.0,1.0,Cl1,1
a608,mcs_mmg,0.109091,0.551282,1.0,0.75,0.0,Cl2,2
a609,mcs_mmg,0.054545,0.012821,1.0,0.5,1.0,Cl1,1
a610,mcs_mmg,0.109091,0.75641,0.333333,1.0,1.0,Cl2,2
a611,mcs_mmg,0.054545,0.769231,1.0,0.0,0.333333,Cl2,2
a612,mcs_mmg,0.036364,0.320513,0.666667,0.5,0.666667,Cl1,1
a613,mcs_mmg,0.036364,0.74359,0.0,0.5,0.666667,Cl2,2
a614,mcs_mmg,0.090909,0.358974,1.0,0.5,0.333333,Cl2,2
a615,mcs_mmg,0.054545,0.961538,1.0,0.5,0.0,Cl2,2
a616,mcs_mmg,0.0,0.653846,0.666667,0.0,0.666667,Cl1,1
a617,mcs_mmg,0.109091,0.0,0.0,1.0,1.0,Cl1,1
a618,mcs_mmg,0.054545,0.012821,0.666667,0.0,0.0,Cl1,1
a619,mcs_mmg,0.072727,0.064103,0.0,0.5,0.0,Cl1,1
a620,mcs_mmg,0.109091,0.794872,1.0,0.75,0.0,Cl2,2
a621,mcs_mmg,0.072727,0.897436,0.0,0.0,0.0,Cl1,1
a622,mcs_mmg,0.072727,0.25641,0.666667,1.0,0.666667,Cl2,2
a623,mcs_mmg,0.0,0.307692,1.0,0.25,1.0,Cl1,1
a624,mcs_mmg,1.0,0.333333,0.0,0.0,0.666667,Cl1,1
a625,mcs_mmg,0.0,0.538462,0.666667,0.5,0.333333,Cl2,2
a626,mcs_mmg,0.090909,0.74359,0.0,0.5,0.0,Cl1,1
a627,mcs_mmg,1.0,0.705128,0.666667,0.0,1.0,Cl2,2
a628,mcs_mmg,0.054545,0.064103,0.333333,1.0,0.0,Cl1,1
a629,mcs_mmg,0.036364,0.128205,0.0,1.0,0.666667,Cl1,1
a630,mcs_mmg,0.054545,0.705128,0.0,0.25,1.0,Cl1,1
a631,mcs_mmg,0.109091,0.74359,0.666667,0.75,0.333333,Cl2,2
a632,mcs_mmg,0.036364,0.025641,1.0,0.75,1.0,Cl1,1
a633,mcs_mmg,1.0,0.141026,1.0,0.75,0.333333,Cl2,2
a634,mcs_mmg,0.090909,0.512821,0.333333,0.0,1.0,Cl1,1
a635,mcs_mmg,0.036364,0.0,0.0,0.5,1.0,Cl1,1
a636,mcs_mmg,0.0,0.692308,0.666667,0.75,0.666667,Cl2,2
a637,mcs_mmg,0.054545,0.589744,1.0,1.0,0.0,Cl2,2
a638,mcs_mmg,1.0,0.589744,1.0,0.5,1.0,Cl2,2
a639,mcs_mmg,0.054545,0.833333,1.0,0.75,0.333333,Cl2,2
a640,mcs_mmg,0.0,0.961538,0.666667,0.0,0.666667,Cl2,2
a641,mcs_mmg,0.109091,0.589744,0.333333,0.0,0.333333,Cl1,1
a642,mcs_mmg,0.0,0.192308,1.0,0.75,0.333333,Cl1,1
a643,mcs_mmg,0.0,0.615385,0.666667,0.25,1.0,Cl2,2
a644,mcs_mmg,1.0,0.846154,0.333333,0.25,1.0,Cl2,2
a645,mcs_mmg,0.054545,0.012821,1.0,0.5,0.666667,Cl1,1
a646,mcs_mmg,1.0,0.410256,0.0,0.0,0.666667,Cl1,1
a647,mcs_mmg,0.090909,0.0,0.666667,0.75,0.0,Cl1,1
a648,mcs_mmg,0.090909,0.692308,0.0,0.75,0.666667,Cl2,2
a649,mcs_mmg,1.0,0.025641,1.0,0.0,1.0,Cl1,1
a650,mcs_mmg,0.0,0.166667,0.0,0.0,0.333333,Cl1,1
a651,mcs_mmg,0.054545,0.397436,1.0,0.25,0.0,Cl1,1
a652,mcs_mmg,0.054545,0.576923,1.0,1.0,0.666667,Cl2,2
a653,mcs_mmg,0.109091,0.435897,0.333333,0.25,1.0,Cl1,1
a654,mcs_mmg,0.0,0.192308,0.333333,1.0,0.0,Cl1,1
a655,mcs_mmg,0.109091,0.192308,1.0,0.5,0.333333,Cl1,1
a656,mcs_mmg,0.0,0.961538,1.0,0.75,1.0,Cl2,2
a657,mcs_mmg,1.0,0.833333,1.0,0.5,0.0,Cl2,2
a658,mcs_mmg,0.054545,0.384615,1.0,0.0,0.0,Cl1,1
a659,mcs_mmg,0.090909,0.025641,0.333333,0.5,1.0,Cl1,1
a660,mcs_mmg,0.036364,0.205128,1.0,0.5,1.0,Cl2,2
a661,mcs_mmg,0.054545,0.076923,1.0,0.75,0.666667,Cl1,1
a662,mcs_mmg,0.090909,0.089744,1.0,0.0,1.0,Cl1,1
a663,mcs_mmg,0.090909,0.602564,0.333333,0.0,1.0,Cl1,1
a664,mcs_mmg,0.109091,0.871795,0.0,0.25,0.666667,Cl2,2
a665,mcs_mmg,0.0,0.564103,1.0,0.25,1.0,Cl2,2
a666,mcs_mmg,0.090909,0.423077,0.333333,0.0,0.0,Cl1,1
a667,mcs_mmg,0.054545,0.320513,0.666667,1.0,1.0,Cl2,2
a668,mcs_mmg,0.036364,0.961538,0.0,1.0,1.0,Cl2,2
a669,mcs_mmg,0.090909,0.153846,0.666667,0.25,0.0,Cl1,1
a670,mcs_mmg,1.0,0.333333,0.0,0.5,0.666667,Cl1,1
a671,mcs_mmg,0.109091,0.833333,0.333333,1.0,0.666667,Cl2,2
a672,mcs_mmg,0.072727,0.230769,0.666667,0.5,0.333333,Cl1,1
a673,mcs_mmg,0.109091,0.423077,0.333333,0.5,0.333333,Cl1,1
a674,mcs_mmg,0.072727,0.538462,1.0,0.5,0.333333,Cl2,2
a675,mcs_mmg,1.0,0.025641,0.333333,0.25,0.333333,Cl1,1
a676,mcs_mmg,0.0,0.397436,0.666667,0.75,0.666667,Cl2,2
a677,mcs_mmg,0.036364,0.397436,1.0,0.75,0.333333,Cl2,2
a678,mcs_mmg,0.0,0.24359,0.0,0.0,0.0,Cl1,1
a679,mcs_mmg,0.109091,0.538462,0.0,1.0,0.333333,Cl2,2
a680,mcs_mmg,0.0,0.525641,0.333333,0.75,0.333333,Cl2,2
a681,mcs_mmg,0.054545,0.615385,0.333333,0.0,0.0,Cl1,1
a682,mcs_mmg,0.090909,0.320513,0.0,0.25,0.333333,Cl1,1
a683,mcs_mmg,0.054545,0.782051,0.0,0.25,0.666667,Cl1,1
a684,mcs_mmg,0.054545,0.461538,0.333333,0.0,0.666667,Cl1,1
a685,mcs_mmg,0.0,0.064103,1.0,0.5,0.333333,Cl1,1
a686,mcs_mmg,0.036364,0.217949,1.0,0.5,0.333333,Cl1,1
a687,mcs_mmg,0.054545,0.179487,0.0,0.5,1.0,Cl1,1
a688,mcs_mmg,0.072727,0.564103,0.333333,0.0,1.0,Cl1,1
a689,mcs_mmg,0.090909,0.012821,0.666667,0.75,1.0,Cl1,1
a690,mcs_mmg,0.0,0.628205,0.0,1.0,0.0,Cl2,2
a691,mcs_mmg,1.0,0.769231,0.333333,0.0,0.666667,Cl2,2
a692,mcs_mmg,0.090909,0.25641,1.0,0.75,0.333333,Cl2,2
a693,mcs_mmg,0.072727,0.884615,1.0,0.25,0.333333,Cl2,2
a694,mcs_mmg,1.0,0.705128,0.666667,0.0,0.666667,Cl2,2
a695,mcs_mmg,0.0,0.192308,0.666667,0.5,0.666667,Cl1,1
a696,mcs_mmg,1.0,0.012821,0.666667,0.5,0.0,Cl1,1
a697,mcs_mmg,1.0,0.179487,0.333333,0.75,0.666667,Cl2,2
a698,mcs_mmg,0.109091,0.384615,0.333333,0.5,0.0,Cl1,1
a699,mcs_mmg,1.0,0.833333,0.0,1.0,0.333333,Cl2,2
a700,mcs_mmg,0.054545,0.205128,0.666667,1.0,0.0,Cl1,1
a701,mcs_mmg,0.054545,0.641026,0.0,0.0,0.0,Cl1,1
a702,mcs_mmg,0.090909,0.679487,1.0,0.25,0.0,Cl2,2
a703,mcs_mmg,0.109091,0.474359,0.0,0.25,0.0,Cl1,1
a704,mcs_mmg,0.072727,0.038462,1.0,1.0,0.666667,Cl2,2
a705,mcs_mmg,1.0,0.666667,0.0,0.0,1.0,Cl2,2
a706,mcs_mmg,0.054545,0.333333,0.666667,0.0,0.333333,Cl1,1
a707,mcs_mmg,0.0,0.679487,0.0,0.75,0.666667,Cl2,2
a708,mcs_mmg,0.036364,0.487179,1.0,0.25,0.0,Cl1,1
a709,mcs_mmg,0.072727,0.705128,0.666667,0.5,0.333333,Cl2,2
a710,mcs_mmg,0.109091,0.192308,0.666667,0.25,1.0,Cl1,1
a711,mcs_mmg,0.109091,0.410256,0.333333,0.5,0.333333,Cl1,1
a712,mcs_mmg,0.054545,0.782051,0.666667,0.5,0.0,Cl2,2
a713,mcs_mmg,0.072727,0.525641,1.0,0.75,1.0,Cl2,2
a714,mcs_mmg,0.054545,0.564103,0.666667,0.25,1.0,Cl2,2
a715,mcs_mmg,0.072727,0.0,0.0,0.75,1.0,Cl1,1
a716,mcs_mmg,0.109091,0.807692,0.0,0.25,0.333333,Cl1,1
a717,mcs_mmg,0.090909,0.666667,0.666667,0.25,0.333333,Cl2,2
a718,mcs_mmg,0.109091,0.141026,0.666667,0.5,0.0,Cl1,1
a719,mcs_mmg,0.054545,0.012821,0.666667,0.25,0.333333,Cl1,1
a720,mcs_mmg,1.0,0.24359,0.666667,0.75,0.666667,Cl2,2
a721,mcs_mmg,0.090909,0.038462,0.0,0.75,0.333333,Cl1,1
a722,mcs_mmg,0.0,0.410256,0.333333,1.0,0.333333,Cl2,2
a723,mcs_mmg,0.072727,0.461538,0.0,0.25,0.0,Cl1,1
a724,mcs_mmg,1.0,0.448718,0.0,0.75,0.0,Cl2,2
a725,mcs_mmg,0.0,0.179487,0.0,0.75,0.666667,Cl1,1
a726,mcs_mmg,0.072727,0.24359,0.666667,1.0,0.666667,Cl2,2
a727,mcs_mmg,0.072727,0.692308,1.0,0.0,1.0,Cl2,2
a728,mcs_mmg,1.0,0.615385,1.0,1.0,1.0,Cl2,2
a729,mcs_mmg,1.0,0.205128,1.0,0.25,0.333333,Cl2,2
a730,mcs_mmg,0.0,0.012821,1.0,0.0,0.0,Cl1,1
a731,mcs_mmg,0.109091,0.858974,0.666667,0.75,0.333333,Cl2,2
a732,mcs_mmg,0.109091,1.0,0.333333,0.25,1.0,Cl2,2
a733,mcs_mmg,0.072727,0.461538,0.333333,0.5,0.666667,Cl1,1
a734,mcs_mmg,0.090909,0.794872,1.0,0.5,0.333333,Cl2,2
a735,mcs_mmg,0.072727,0.628205,0.333333,0.0,1.0,Cl1,1
a736,mcs_mmg,0.109091,0.564103,0.0,0.0,0.0,Cl1,1
a737,mcs_mmg,0.072727,0.717949,1.0,0.25,0.0,Cl2,2
a738,mcs_mmg,0.090909,0.589744,1.0,0.5,0.0,Cl2,2
a739,mcs_mmg,0.054545,0.269231,1.0,0.0,0.666667,Cl1,1
a740,mcs_mmg,1.0,0.769231,0.0,0.25,0.333333,Cl2,2
a741,mcs_mmg,0.109091,0.807692,0.0,0.0,0.666667,Cl1,1
a742,mcs_mmg,1.0,0.435897,0.666667,0.75,0.333333,Cl2,2
a743,mcs_mmg,0.0,0.0,1.0,0.5,0.0,Cl1,1
a744,mcs_mmg,0.036364,0.602564,0.0,0.5,0.666667,Cl1,1
a745,mcs_mmg,0.054545,0.730769,0.333333,1.0,0.0,Cl2,2
a746,mcs_mmg,0.072727,0.025641,1.0,0.25,1.0,Cl1,1
a747,mcs_mmg,0.036364,0.012821,0.666667,0.5,0.666667,Cl1,1
a748,mcs_mmg,0.0,0.397436,0.666667,0.5,1.0,Cl2,2
a749,mcs_mmg,1.0,0.102564,0.666667,0.75,0.333333,Cl2,2
a750,mcs_mmg,0.072727,0.371795,0.666667,0.0,0.0,Cl1,1
a751,mcs_mmg,0.109091,0.448718,0.0,0.5,0.666667,Cl1,1
a752,mcs_mmg,0.090909,0.666667,0.666667,0.0,1.0,Cl2,2
a753,mcs_mmg,1.0,0.25641,0.333333,0.0,0.0,Cl1,1
a754,mcs_mmg,0.054545,0.576923,0.666667,0.25,1.0,Cl2,2
a755,mcs_mmg,0.0,0.807692,1.0,0.5,1.0,Cl2,2
a756,mcs_mmg,0.109091,0.525641,0.0,0.75,0.333333,Cl1,1
a757,mcs_mmg,1.0,0.294872,0.666667,0.25,0.0,Cl1,1
a758,mcs_mmg,0.054545,0.794872,0.0,0.25,1.0,Cl2,2
a759,mcs_mmg,0.0,0.846154,0.666667,0.75,0.0,Cl2,2
a760,mcs_mmg,1.0,0.679487,1.0,0.75,1.0,Cl2,2
a761,mcs_mmg,0.054545,0.217949,0.666667,0.0,0.666667,Cl1,1
a762,mcs_mmg,0.036364,0.0,0.333333,0.0,0.666667,Cl1,1
a763,mcs_mmg,1.0,0.269231,0.333333,0.0,1.0,Cl1,1
a764,mcs_mmg,0.109091,0.230769,0.0,0.0,0.0,Cl1,1
a765,mcs_mmg,0.054545,0.358974,0.0,0.75,0.333333,Cl1,1
a766,mcs_mmg,0.109091,0.961538,0.0,0.5,0.333333,Cl2,2
a767,mcs_mmg,0.090909,0.435897,0.0,0.5,0.0,Cl1,1
a768,mcs_mmg,0.0,0.615385,0.0,0.0,0.333333,Cl1,1
a769,mcs_mmg,1.0,0.294872,1.0,0.75,0.666667,Cl2,2
a770,mcs_mmg,1.0,0.397436,1.0,1.0,0.0,Cl2,2
a771,mcs_mmg,0.036364,0.833333,0.0,1.0,0.333333,Cl2,2
a772,mcs_mmg,1.0,0.871795,0.0,0.75,0.0,Cl2,2
a773,mcs_mmg,0.054545,0.153846,0.0,0.0,0.666667,Cl1,1
a774,mcs_mmg,1.0,0.769231,1.0,0.75,1.0,Cl2,2
a775,mcs_mmg,0.036364,0.615385,0.0,0.75,0.0,Cl1,1
a776,mcs_mmg,0.090909,0.75641,1.0,1.0,0.333333,Cl2,2
a777,mcs_mmg,0.036364,0.012821,0.666667,0.25,0.0,Cl1,1
a778,mcs_mmg,0.0,0.192308,1.0,0.0,0.0,Cl1,1
a779,mcs_mmg,0.036364,0.397436,0.666667,1.0,0.0,Cl2,2
a780,mcs_mmg,0.0,0.24359,0.0,1.0,0.0,Cl1,1
a781,mcs_mmg,0.109091,0.089744,0.666667,0.0,0.333333,Cl1,1
a782,mcs_mmg,0.0,0.833333,0.333333,0.75,1.0,Cl2,2
a783,mcs_mmg,0.090909,0.128205,0.333333,0.75,0.0,Cl1,1
a784,mcs_mmg,0.054545,0.5,0.0,0.75,0.333333,Cl1,1
a785,mcs_mmg,0.0,0.141026,0.0,0.0,1.0,Cl1,1
a786,mcs_mmg,0.109091,0.717949,0.0,0.25,0.0,Cl1,1
a787,mcs_mmg,0.054545,0.410256,1.0,0.0,1.0,Cl1,1
a788,mcs_mmg,1.0,0.230769,0.0,1.0,0.666667,Cl2,2
a789,mcs_mmg,0.072727,0.538462,0.333333,0.25,0.666667,Cl1,1
a790,mcs_mmg,0.036364,0.5,1.0,0.0,0.666667,Cl1,1
a791,mcs_mmg,0.090909,0.166667,0.666667,1.0,1.0,Cl2,2
a792,mcs_mmg,0.054545,0.871795,0.0,1.0,0.666667,Cl2,2
a793,mcs_mmg,0.090909,0.282051,0.0,0.5,1.0,Cl1,1
a794,mcs_mmg,0.090909,0.423077,0.0,0.25,1.0,Cl1,1
a795,mcs_mmg,0.054545,0.025641,1.0,0.75,1.0,Cl2,2
a796,mcs_mmg,1.0,0.025641,1.0,0.5,1.0,Cl2,2
a797,mcs_mmg,0.109091,0.576923,1.0,0.5,0.666667,Cl2,2
a798,mcs_mmg,0.072727,0.115385,0.0,0.25,0.0,Cl1,1
a799,mcs_mmg,0.072727,0.576923,0.0,0.75,0.666667,Cl2,2
a800,mcs_mmg,0.109091,0.384615,0.333333,0.0,0.666667,Cl1,1
a801,mcs_mmg,1.0,0.128205,0.666667,0.75,0.666667,Cl2,2
a802,mcs_mmg,0.054545,0.025641,1.0,0.0,0.666667,Cl1,1
a803,mcs_mmg,0.036364,0.730769,0.0,0.5,0.666667,Cl2,2
a804,mcs_mmg,0.054545,0.205128,0.666667,1.0,0.333333,Cl2,2
a805,mcs_mmg,0.090909,0.602564,0.333333,0.0,0.666667,Cl1,1
a806,mcs_mmg,0.036364,0.320513,0.333333,0.5,0.333333,Cl1,1
a807,mcs_mmg,1.0,0.230769,0.0,0.5,1.0,Cl1,1
a808,mcs_mmg,1.0,0.794872,1.0,1.0,0.0,Cl2,2
a809,mcs_mmg,0.109091,0.410256,0.0,1.0,0.0,Cl1,1
a810,mcs_mmg,0.036364,0.153846,1.0,0.75,0.0,Cl1,1
a811,mcs_mmg,0.109091,0.307692,1.0,0.5,0.0,Cl1,1
a812,mcs_mmg,0.072727,0.294872,0.0,0.5,1.0,Cl1,1
a813,mcs_mmg,0.036364,0.538462,0.0,1.0,1.0,Cl2,2
a814,mcs_mmg,0.036364,0.525641,0.666667,0.0,0.0,Cl1,1
a815,mcs_mmg,0.109091,0.371795,1.0,0.5,0.0,Cl1,1
a816,mcs_mmg,0.036364,0.666667,0.666667,0.0,0.333333,Cl1,1
a817,mcs_mmg,0.0,0.782051,0.0,0.5,0.0,Cl1,1
a818,mcs_mmg,0.0,0.679487,0.666667,1.0,0.0,Cl2,2
a819,mcs_mmg,1.0,0.448718,0.666667,1.0,1.0,Cl2,2
a820,mcs_mmg,0.109091,0.75641,0.0,0.75,0.333333,Cl2,2
a821,mcs_mmg,0.036364,0.846154,0.666667,0.5,0.0,Cl2,2
a822,mcs_mmg,0.0,0.653846,1.0,0.5,0.333333,Cl2,2
a823,mcs_mmg,1.0,0.448718,1.0,0.75,0.0,Cl2,2
a824,mcs_mmg,1.0,0.435897,0.0,0.0,1.0,Cl1,1
a825,mcs_mmg,1.0,0.358974,1.0,0.0,0.333333,Cl2,2
a826,mcs_mmg,0.036364,0.179487,0.666667,0.25,1.0,Cl1,1
a827,mcs_mmg,0.109091,0.589744,1.0,1.0,1.0,Cl2,2
a828,mcs_mmg,0.054545,0.871795,1.0,1.0,1.0,Cl2,2
a829,mcs_mmg,0.109091,0.512821,0.333333,1.0,0.0,Cl2,2
a830,mcs_mmg,0.0,0.538462,0.666667,0.75,0.666667,Cl2,2
