alternative_id,dataset_id,rank,university_name_raw,g1,g2,g3,g4,g5,g6,class_index,class_label
qs_2022_top500_common6_1,qs_2022_top500_common6,1,麻省理工学院,0.914,1.0,1.0,1.0,1.0,1.0,5,Cl5
qs_2022_top500_common6_2,qs_2022_top500_common6,2,牛津大学,0.985,0.995,1.0,0.96,1.0,1.0,5,Cl5
qs_2022_top500_common6_3,qs_2022_top500_common6,3,斯坦福大学,0.67,0.998,1.0,0.9990000000000001,1.0,1.0,5,Cl5
qs_2022_top500_common6_3,qs_2022_top500_common6,3,剑桥大学,0.977,1.0,1.0,0.9209999999999999,1.0,1.0,5,Cl5
qs_2022_top500_common6_5,qs_2022_top500_common6,5,哈佛大学,0.701,0.8420000000000001,0.991,1.0,1.0,1.0,5,Cl5
qs_2022_top500_common6_6,qs_2022_top500_common6,6,加州理工大学（Caltech),0.877,0.9940000000000001,1.0,1.0,0.9670000000000001,0.899,5,Cl5
qs_2022_top500_common6_7,qs_2022_top500_common6,7,帝国理工学院,1.0,1.0,0.998,0.8809999999999999,0.9840000000000001,0.998,5,Cl5
qs_2022_top500_common6_8,qs_2022_top500_common6,8,苏黎世联邦理工大学（瑞士联邦理工学院）,0.982,1.0,0.804,0.998,0.987,0.953,5,Cl5
qs_2022_top500_common6_8,qs_2022_top500_common6,8,伦敦大学学院,1.0,0.995,0.99,0.78,0.9940000000000001,0.9890000000000001,5,Cl5
qs_2022_top500_common6_10,qs_2022_top500_common6,10,芝加哥大学,0.8490000000000001,0.7190000000000001,0.955,0.9059999999999999,0.992,0.935,5,Cl5
qs_2022_top500_common6_11,qs_2022_top500_common6,11,新加坡国立大学,0.703,1.0,0.868,0.9059999999999999,0.996,0.971,5,Cl5
qs_2022_top500_common6_12,qs_2022_top500_common6,12,南洋理工大学,0.696,1.0,0.895,0.955,0.9109999999999999,0.85,5,Cl5
qs_2022_top500_common6_13,qs_2022_top500_common6,13,宾夕法尼亚大学,0.581,0.941,1.0,0.74,0.9620000000000001,0.938,5,Cl5
qs_2022_top500_common6_14,qs_2022_top500_common6,14,洛桑联邦理工学院（EPFL),1.0,1.0,0.948,0.998,0.8240000000000001,0.797,5,Cl5
qs_2022_top500_common6_14,qs_2022_top500_common6,14,耶鲁大学,0.698,0.879,1.0,0.599,0.9990000000000001,1.0,5,Cl5
qs_2022_top500_common6_16,qs_2022_top500_common6,16,爱丁堡大学,0.996,0.993,0.835,0.695,0.98,0.973,5,Cl5
qs_2022_top500_common6_17,qs_2022_top500_common6,17,清华大学,0.263,0.153,0.9059999999999999,0.96,0.986,0.976,5,Cl5
qs_2022_top500_common6_18,qs_2022_top500_common6,18,北京大学,0.385,0.456,0.835,0.895,0.9940000000000001,0.982,5,Cl5
qs_2022_top500_common6_19,qs_2022_top500_common6,19,哥伦比亚大学,0.9840000000000001,0.527,1.0,0.556,0.996,0.9840000000000001,5,Cl5
qs_2022_top500_common6_20,qs_2022_top500_common6,20,普林斯顿大学,0.632,0.281,0.687,1.0,0.9990000000000001,0.992,5,Cl5
qs_2022_top500_common6_21,qs_2022_top500_common6,21,康奈尔大学,0.6609999999999999,0.7559999999999999,0.613,0.9890000000000001,0.9840000000000001,0.9390000000000001,5,Cl5
qs_2022_top500_common6_22,qs_2022_top500_common6,22,香港大学（HKU）,0.9890000000000001,1.0,0.8540000000000001,0.621,0.9790000000000001,0.731,5,Cl5
qs_2022_top500_common6_23,qs_2022_top500_common6,23,东京大学,0.285,0.033,0.924,0.79,1.0,0.996,5,Cl5
qs_2022_top500_common6_23,qs_2022_top500_common6,23,密歇根大学,0.349,0.634,0.902,0.705,0.986,0.93,5,Cl5
qs_2022_top500_common6_25,qs_2022_top500_common6,25,约翰霍普金斯大学,0.917,0.551,1.0,0.899,0.8759999999999999,0.516,5,Cl5
qs_2022_top500_common6_26,qs_2022_top500_common6,26,多伦多大学,0.9490000000000001,0.986,0.6940000000000001,0.588,0.995,0.982,5,Cl5
qs_2022_top500_common6_27,qs_2022_top500_common6,27,麦吉尔大学,0.966,0.922,0.733,0.655,0.925,0.9440000000000001,5,Cl5
qs_2022_top500_common6_27,qs_2022_top500_common6,27,澳大利亚国立大学（ANU),0.988,1.0,0.444,0.9540000000000001,0.946,0.7929999999999999,5,Cl5
qs_2022_top500_common6_27,qs_2022_top500_common6,27,曼彻斯特大学,0.993,0.94,0.725,0.581,0.9520000000000001,0.98,5,Cl5
qs_2022_top500_common6_30,qs_2022_top500_common6,30,西北大学,0.496,0.3,0.993,0.871,0.8440000000000001,0.747,5,Cl5
qs_2022_top500_common6_31,qs_2022_top500_common6,31,复旦大学,0.455,0.9329999999999999,0.915,0.711,0.848,0.8909999999999999,5,Cl5
qs_2022_top500_common6_32,qs_2022_top500_common6,32,加州大学伯克利分校,0.5529999999999999,0.9540000000000001,0.233,0.9990000000000001,1.0,1.0,5,Cl5
qs_2022_top500_common6_33,qs_2022_top500_common6,33,京都大学,0.22699999999999998,0.054000000000000006,0.96,0.603,0.987,0.978,5,Cl5
qs_2022_top500_common6_34,qs_2022_top500_common6,34,香港科技大学（HKUST),0.892,1.0,0.648,0.982,0.8420000000000001,0.607,5,Cl5
qs_2022_top500_common6_35,qs_2022_top500_common6,35,伦敦国王学院,1.0,0.992,0.8340000000000001,0.539,0.889,0.862,5,Cl5
qs_2022_top500_common6_36,qs_2022_top500_common6,36,首尔国立大学,0.08900000000000001,0.04,0.8390000000000001,0.75,0.983,0.965,5,Cl5
qs_2022_top500_common6_37,qs_2022_top500_common6,37,墨尔本大学,0.9990000000000001,0.971,0.19899999999999998,0.897,0.9890000000000001,0.973,5,Cl5
qs_2022_top500_common6_38,qs_2022_top500_common6,38,悉尼大学,1.0,1.0,0.209,0.879,0.968,0.9540000000000001,5,Cl5
qs_2022_top500_common6_39,qs_2022_top500_common6,39,香港中文大学,0.9179999999999999,1.0,0.626,0.8320000000000001,0.888,0.5670000000000001,5,Cl5
qs_2022_top500_common6_40,qs_2022_top500_common6,40,加州大学洛杉矶分校,0.267,0.289,0.425,0.905,1.0,0.9990000000000001,5,Cl5
qs_2022_top500_common6_41,qs_2022_top500_common6,41,韩国科学技术研究所,0.12,0.085,0.731,0.988,0.875,0.831,5,Cl5
qs_2022_top500_common6_42,qs_2022_top500_common6,42,纽约大学（NYU）,0.956,0.146,0.966,0.27699999999999997,0.9590000000000001,0.986,5,Cl5
qs_2022_top500_common6_43,qs_2022_top500_common6,43,新南威尔士大学（UNSW）,0.998,1.0,0.152,0.935,0.904,0.9440000000000001,5,Cl5
qs_2022_top500_common6_44,qs_2022_top500_common6,44,巴黎科学艺术人文大学,0.705,0.575,0.9990000000000001,0.551,0.758,0.9590000000000001,5,Cl5
qs_2022_top500_common6_45,qs_2022_top500_common6,45,浙江大学,0.63,0.985,0.88,0.69,0.7120000000000001,0.915,5,Cl5
qs_2022_top500_common6_46,qs_2022_top500_common6,46,不列颠哥伦比亚大学,0.79,0.8909999999999999,0.527,0.46799999999999997,0.976,0.9420000000000001,5,Cl5
qs_2022_top500_common6_47,qs_2022_top500_common6,47,昆士兰大学（UQ）,1.0,1.0,0.254,0.894,0.882,0.802,5,Cl5
qs_2022_top500_common6_48,qs_2022_top500_common6,48,加州大学圣地亚哥分校,0.618,0.392,0.626,0.784,0.91,0.611,5,Cl5
qs_2022_top500_common6_49,qs_2022_top500_common6,49,巴黎理工学院,0.981,0.943,0.996,0.9159999999999999,0.44799999999999995,0.986,5,Cl5
qs_2022_top500_common6_49,qs_2022_top500_common6,49,伦敦经济政治学院,1.0,1.0,0.45,0.878,0.7240000000000001,0.992,5,Cl5
qs_2022_top500_common6_50,qs_2022_top500_common6,50,上海交通大学,0.363,0.25,0.552,0.956,0.8340000000000001,0.867,5,Cl5
qs_2022_top500_common6_50,qs_2022_top500_common6,50,慕尼黑工业大学,0.912,0.569,0.945,0.272,0.845,0.976,5,Cl5
qs_2022_top500_common6_53,qs_2022_top500_common6,53,卡内基梅隆大学,0.991,0.34600000000000003,0.55,0.9990000000000001,0.727,0.75,5,Cl5
qs_2022_top500_common6_53,qs_2022_top500_common6,53,香港城市大学,0.9990000000000001,1.0,0.897,0.965,0.594,0.33,5,Cl5
qs_2022_top500_common6_55,qs_2022_top500_common6,55,阿姆斯特丹大学,0.7290000000000001,0.887,0.336,0.995,0.831,0.556,5,Cl5
qs_2022_top500_common6_56,qs_2022_top500_common6,56,东京工业大学,0.36200000000000004,0.13699999999999998,0.8759999999999999,0.711,0.746,0.9109999999999999,5,Cl5
qs_2022_top500_common6_57,qs_2022_top500_common6,57,代尔夫特理工大学,0.8590000000000001,1.0,0.418,0.878,0.7190000000000001,0.879,5,Cl5
qs_2022_top500_common6_58,qs_2022_top500_common6,58,蒙纳士大学,1.0,1.0,0.139,0.7390000000000001,0.889,0.872,5,Cl5
qs_2022_top500_common6_60,qs_2022_top500_common6,60,布朗大学,0.54,0.782,0.8320000000000001,0.945,0.581,0.563,5,Cl5
qs_2022_top500_common6_61,qs_2022_top500_common6,61,华威大学,0.9940000000000001,0.99,0.521,0.614,0.731,0.9079999999999999,5,Cl5
qs_2022_top500_common6_62,qs_2022_top500_common6,62,布里斯托大学,0.836,0.9129999999999999,0.675,0.507,0.747,0.843,5,Cl5
qs_2022_top500_common6_63,qs_2022_top500_common6,63,鲁普莱希特-卡尔斯-海德堡大学,0.547,0.366,0.997,0.47,0.8009999999999999,0.457,5,Cl5
qs_2022_top500_common6_64,qs_2022_top500_common6,64,路德维希 - 马克西米利安 - 慕尼黑大学,0.38,0.491,0.527,0.5,0.9279999999999999,0.775,5,Cl5
qs_2022_top500_common6_65,qs_2022_top500_common6,65,马来亚大学（UM）,0.426,0.436,0.765,0.496,0.769,0.917,5,Cl5
qs_2022_top500_common6_66,qs_2022_top500_common6,66,香港理工大学,0.813,1.0,0.792,0.638,0.6709999999999999,0.429,5,Cl5
qs_2022_top500_common6_67,qs_2022_top500_common6,67,德克萨斯大学奥斯汀分校,0.154,0.021,0.095,0.966,0.9359999999999999,0.861,5,Cl5
qs_2022_top500_common6_68,qs_2022_top500_common6,68,台湾大学,0.392,0.07,0.408,0.5870000000000001,0.9229999999999999,0.8740000000000001,5,Cl5
qs_2022_top500_common6_69,qs_2022_top500_common6,69,布宜诺斯艾利斯大学,0.711,0.528,0.782,0.019,0.902,0.934,5,Cl5
qs_2022_top500_common6_70,qs_2022_top500_common6,70,鲁汶大学,0.414,0.903,0.081,0.9690000000000001,0.8440000000000001,0.561,5,Cl5
qs_2022_top500_common6_70,qs_2022_top500_common6,70,苏黎世大学,0.578,1.0,0.966,0.5329999999999999,0.593,0.528,5,Cl5
qs_2022_top500_common6_72,qs_2022_top500_common6,72,索邦大学,0.542,0.145,0.374,0.754,0.902,0.474,5,Cl5
qs_2022_top500_common6_73,qs_2022_top500_common6,73,格拉斯哥大学,0.9790000000000001,0.958,0.596,0.387,0.7440000000000001,0.74,5,Cl5
qs_2022_top500_common6_74,qs_2022_top500_common6,74,高丽大学,0.34,0.043,0.895,0.306,0.7759999999999999,0.904,5,Cl5
qs_2022_top500_common6_75,qs_2022_top500_common6,75,大阪大学,0.151,0.077,0.7909999999999999,0.434,0.8059999999999999,0.8059999999999999,5,Cl5
qs_2022_top500_common6_75,qs_2022_top500_common6,75,威斯康星大学麦迪逊分校,0.275,0.081,0.6920000000000001,0.584,0.8340000000000001,0.528,5,Cl5
qs_2022_top500_common6_77,qs_2022_top500_common6,77,南安普敦大学,0.9690000000000001,0.9790000000000001,0.598,0.8540000000000001,0.515,0.601,5,Cl5
qs_2022_top500_common6_78,qs_2022_top500_common6,78,罗蒙诺索夫莫斯科国立大学,0.878,0.073,0.998,0.059000000000000004,0.795,0.765,5,Cl5
qs_2022_top500_common6_79,qs_2022_top500_common6,79,哥本哈根大学,0.259,0.917,1.0,0.275,0.735,0.442,5,Cl5
qs_2022_top500_common6_79,qs_2022_top500_common6,79,延世大学,0.441,0.071,0.8959999999999999,0.344,0.716,0.9259999999999999,5,Cl5
qs_2022_top500_common6_81,qs_2022_top500_common6,81,浦项科技大学,0.03,0.17600000000000002,1.0,0.997,0.44299999999999995,0.6409999999999999,5,Cl5
qs_2022_top500_common6_82,qs_2022_top500_common6,82,杜伦大学,0.915,0.978,0.358,0.8059999999999999,0.583,0.8859999999999999,5,Cl5
qs_2022_top500_common6_82,qs_2022_top500_common6,82,东北大学,0.165,0.036000000000000004,0.9840000000000001,0.413,0.7140000000000001,0.738,5,Cl5
qs_2022_top500_common6_82,qs_2022_top500_common6,82,伊利诺伊大学香槟分校,0.581,0.08,0.098,0.938,0.8640000000000001,0.635,5,Cl5
qs_2022_top500_common6_85,qs_2022_top500_common6,85,奥克兰大学,0.943,0.995,0.237,0.551,0.838,0.573,5,Cl5
qs_2022_top500_common6_85,qs_2022_top500_common6,85,华盛顿大学,0.38799999999999996,0.17,0.122,1.0,0.8540000000000001,0.53,5,Cl5
qs_2022_top500_common6_86,qs_2022_top500_common6,86,巴黎第十一大学,0.465,0.247,0.992,0.462,0.555,0.981,5,Cl5
qs_2022_top500_common6_87,qs_2022_top500_common6,87,隆德大学,0.6829999999999999,0.924,0.526,0.552,0.705,0.5720000000000001,5,Cl5
qs_2022_top500_common6_88,qs_2022_top500_common6,88,乔治亚理工学院(Georgia Tech),0.6409999999999999,0.713,0.069,1.0,0.6779999999999999,0.794,5,Cl5
qs_2022_top500_common6_89,qs_2022_top500_common6,89,皇家理工学院,0.627,0.97,0.698,0.782,0.473,0.6409999999999999,5,Cl5
qs_2022_top500_common6_90,qs_2022_top500_common6,90,伯明翰大学,0.9,0.9159999999999999,0.519,0.474,0.655,0.746,5,Cl5
qs_2022_top500_common6_91,qs_2022_top500_common6,91,圣安德鲁斯大学,0.997,0.991,0.6759999999999999,0.6970000000000001,0.467,0.647,5,Cl5
qs_2022_top500_common6_92,qs_2022_top500_common6,92,利兹大学,0.894,0.8390000000000001,0.44,0.434,0.706,0.795,5,Cl5
qs_2022_top500_common6_93,qs_2022_top500_common6,93,西澳大学（UWA）,0.9990000000000001,1.0,0.204,0.9490000000000001,0.585,0.581,5,Cl5
qs_2022_top500_common6_94,qs_2022_top500_common6,94,赖斯大学,0.885,0.8909999999999999,0.78,0.9309999999999999,0.4,0.294,5,Cl5
qs_2022_top500_common6_95,qs_2022_top500_common6,95,谢菲尔德大学,0.981,0.8370000000000001,0.6679999999999999,0.445,0.604,0.579,5,Cl5
qs_2022_top500_common6_96,qs_2022_top500_common6,96,宾夕法尼亚州立大学,0.326,0.1,0.325,0.7440000000000001,0.759,0.732,5,Cl5
qs_2022_top500_common6_97,qs_2022_top500_common6,97,成均馆大学,0.385,0.07200000000000001,0.8540000000000001,0.46799999999999997,0.615,0.688,5,Cl5
qs_2022_top500_common6_98,qs_2022_top500_common6,98,中国科学技术大学,0.064,0.084,0.836,0.9990000000000001,0.524,0.14400000000000002,5,Cl5
qs_2022_top500_common6_99,qs_2022_top500_common6,99,丹麦技术大学,0.7659999999999999,1.0,1.0,0.75,0.321,0.3,5,Cl5
qs_2022_top500_common6_100,qs_2022_top500_common6,100,北卡罗来纳大学教堂山,0.111,0.11800000000000001,0.809,0.539,0.6629999999999999,0.47200000000000003,5,Cl5
qs_2022_top500_common6_101,qs_2022_top500_common6,101,都柏林三一学院,0.9420000000000001,0.9990000000000001,0.27699999999999997,0.589,0.682,0.489,4,Cl4
qs_2022_top500_common6_102,qs_2022_top500_common6,102,奥斯陆大学,0.29,0.85,0.855,0.61,0.5539999999999999,0.163,4,Cl4
qs_2022_top500_common6_103,qs_2022_top500_common6,103,诺丁汉大学,0.836,0.903,0.435,0.51,0.591,0.742,4,Cl4
qs_2022_top500_common6_104,qs_2022_top500_common6,104,赫尔辛基大学,0.062,0.565,0.685,0.496,0.672,0.45799999999999996,4,Cl4
qs_2022_top500_common6_105,qs_2022_top500_common6,105,墨西哥国立自治大学,0.035,0.028999999999999998,0.499,0.03,0.946,0.932,4,Cl4
qs_2022_top500_common6_105,qs_2022_top500_common6,105,日内瓦大学,0.973,1.0,0.474,0.8370000000000001,0.48700000000000004,0.244,4,Cl4
qs_2022_top500_common6_107,qs_2022_top500_common6,107,华盛顿大学在圣路易斯,0.6859999999999999,0.79,0.9990000000000001,0.61,0.413,0.163,4,Cl4
qs_2022_top500_common6_108,qs_2022_top500_common6,108,阿德莱德大学,0.997,1.0,0.21899999999999997,0.9009999999999999,0.5329999999999999,0.39799999999999996,4,Cl4
qs_2022_top500_common6_108,qs_2022_top500_common6,108,加州大学戴维斯分校,0.648,0.764,0.297,0.659,0.669,0.47200000000000003,4,Cl4
qs_2022_top500_common6_109,qs_2022_top500_common6,109,阿卜杜勒·阿齐兹国王大学（KAU）,0.563,0.995,0.6890000000000001,0.638,0.413,0.657,4,Cl4
qs_2022_top500_common6_110,qs_2022_top500_common6,110,乌得勒支大学,0.244,0.455,0.374,0.8220000000000001,0.6609999999999999,0.344,4,Cl4
qs_2022_top500_common6_111,qs_2022_top500_common6,111,蒙特利尔大学,0.532,0.883,0.741,0.361,0.5660000000000001,0.525,4,Cl4
qs_2022_top500_common6_112,qs_2022_top500_common6,112,阿尔托大学,0.375,0.96,0.47700000000000004,0.884,0.457,0.45799999999999996,4,Cl4
qs_2022_top500_common6_112,qs_2022_top500_common6,112,波士顿大学,0.8759999999999999,0.14400000000000002,0.41,0.637,0.62,0.589,4,Cl4
qs_2022_top500_common6_112,qs_2022_top500_common6,112,莱顿大学,0.473,0.7809999999999999,0.24100000000000002,0.735,0.693,0.32299999999999995,4,Cl4
qs_2022_top500_common6_112,qs_2022_top500_common6,112,南加州大学,0.8170000000000001,0.23399999999999999,0.371,0.775,0.562,0.609,4,Cl4
qs_2022_top500_common6_116,qs_2022_top500_common6,116,普渡大学,0.506,0.5579999999999999,0.14800000000000002,0.7759999999999999,0.633,0.7490000000000001,4,Cl4
qs_2022_top500_common6_117,qs_2022_top500_common6,117,伦敦大学皇后玛丽学院（QMUL）,0.995,0.998,0.515,0.6,0.507,0.39399999999999996,4,Cl4
qs_2022_top500_common6_118,qs_2022_top500_common6,118,名古屋大学,0.205,0.051,0.92,0.374,0.5920000000000001,0.511,4,Cl4
qs_2022_top500_common6_119,qs_2022_top500_common6,119,伯尔尼大学,0.44,1.0,0.675,0.976,0.304,0.35,4,Cl4
qs_2022_top500_common6_120,qs_2022_top500_common6,120,俄亥俄州立大学,0.23199999999999998,0.769,0.5870000000000001,0.39299999999999996,0.619,0.642,4,Cl4
qs_2022_top500_common6_121,qs_2022_top500_common6,121,查尔姆斯理工大学,0.7240000000000001,1.0,0.7020000000000001,0.7609999999999999,0.28800000000000003,0.629,4,Cl4
qs_2022_top500_common6_121,qs_2022_top500_common6,121,圣保罗大学,0.03,0.024,0.188,0.423,0.9009999999999999,0.713,4,Cl4
qs_2022_top500_common6_123,qs_2022_top500_common6,123,瓦赫宁根大学,0.785,0.35700000000000004,0.9790000000000001,0.534,0.428,0.249,4,Cl4
qs_2022_top500_common6_124,qs_2022_top500_common6,124,乌普萨拉大学,0.604,0.863,0.389,0.534,0.6509999999999999,0.33,4,Cl4
qs_2022_top500_common6_125,qs_2022_top500_common6,125,埃因霍芬理工大学,0.441,1.0,0.5429999999999999,0.8590000000000001,0.299,0.789,4,Cl4
qs_2022_top500_common6_126,qs_2022_top500_common6,126,阿尔伯塔大学,0.8140000000000001,0.9,0.48200000000000004,0.527,0.537,0.474,4,Cl4
qs_2022_top500_common6_127,qs_2022_top500_common6,127,柏林自由大学,0.465,0.505,0.035,0.578,0.809,0.518,4,Cl4
qs_2022_top500_common6_128,qs_2022_top500_common6,128,柏林洪堡大学,0.33,0.39799999999999996,0.092,0.331,0.903,0.635,4,Cl4
qs_2022_top500_common6_128,qs_2022_top500_common6,128,格罗宁根大学,0.862,0.9259999999999999,0.622,0.493,0.511,0.29100000000000004,4,Cl4
qs_2022_top500_common6_130,qs_2022_top500_common6,130,里昂高等师范学院,0.185,0.518,0.972,0.853,0.32799999999999996,0.124,4,Cl4
qs_2022_top500_common6_131,qs_2022_top500_common6,131,南京大学,0.092,0.52,0.301,0.9640000000000001,0.596,0.177,4,Cl4
qs_2022_top500_common6_132,qs_2022_top500_common6,132,兰卡斯特大学,0.971,0.946,0.392,0.826,0.41200000000000003,0.332,4,Cl4
qs_2022_top500_common6_133,qs_2022_top500_common6,133,悉尼科技大学（UTS）,0.9520000000000001,0.986,0.08900000000000001,0.863,0.444,0.718,4,Cl4
qs_2022_top500_common6_134,qs_2022_top500_common6,134,纽卡斯尔大学,0.858,0.922,0.433,0.48200000000000004,0.45799999999999996,0.8079999999999999,4,Cl4
qs_2022_top500_common6_135,qs_2022_top500_common6,135,智利天主教大学,0.038,0.065,0.22399999999999998,0.14,0.8959999999999999,0.976,4,Cl4
qs_2022_top500_common6_136,qs_2022_top500_common6,136,卡尔斯鲁厄理工学院,0.677,0.589,0.305,0.74,0.45299999999999996,0.785,4,Cl4
qs_2022_top500_common6_137,qs_2022_top500_common6,137,九州大学,0.18899999999999997,0.044000000000000004,0.862,0.31,0.561,0.602,4,Cl4
qs_2022_top500_common6_138,qs_2022_top500_common6,138,巴塞尔大学,0.867,1.0,0.49700000000000005,0.972,0.287,0.259,4,Cl4
qs_2022_top500_common6_140,qs_2022_top500_common6,140,麦克马斯特大学,0.5529999999999999,0.995,0.865,0.314,0.39899999999999997,0.516,4,Cl4
qs_2022_top500_common6_141,qs_2022_top500_common6,141,根特大学,0.21100000000000002,0.617,0.848,0.34299999999999997,0.545,0.258,4,Cl4
qs_2022_top500_common6_142,qs_2022_top500_common6,142,米兰理工大学,0.552,0.409,0.051,0.593,0.6609999999999999,0.81,4,Cl4
qs_2022_top500_common6_143,qs_2022_top500_common6,143,马来西亚博特拉大学（UPM）,0.87,0.32899999999999996,0.7390000000000001,0.205,0.536,0.564,4,Cl4
qs_2022_top500_common6_144,qs_2022_top500_common6,144,马来西亚国民大学（UKM）,0.284,0.205,0.946,0.092,0.5670000000000001,0.594,4,Cl4
qs_2022_top500_common6_145,qs_2022_top500_common6,145,北海道大学,0.179,0.081,0.792,0.325,0.5479999999999999,0.56,4,Cl4
qs_2022_top500_common6_146,qs_2022_top500_common6,146,加州大学圣芭芭拉分校,0.37200000000000005,0.441,0.107,0.956,0.578,0.253,4,Cl4
qs_2022_top500_common6_147,qs_2022_top500_common6,147,马来西亚理科大学（USM）,0.606,0.16,0.696,0.16,0.589,0.63,4,Cl4
qs_2022_top500_common6_148,qs_2022_top500_common6,148,斯德哥尔摩大学,0.631,0.875,0.273,0.655,0.556,0.203,4,Cl4
qs_2022_top500_common6_149,qs_2022_top500_common6,149,埃克塞特大学,0.8290000000000001,0.9420000000000001,0.373,0.585,0.414,0.575,4,Cl4
qs_2022_top500_common6_149,qs_2022_top500_common6,149,滑铁卢大学,0.838,0.747,0.075,0.857,0.396,0.792,4,Cl4
qs_2022_top500_common6_151,qs_2022_top500_common6,151,卡迪夫大学,0.794,0.816,0.486,0.44299999999999995,0.47200000000000003,0.47100000000000003,4,Cl4
qs_2022_top500_common6_151,qs_2022_top500_common6,151,维也纳大学,0.899,0.988,0.226,0.172,0.7020000000000001,0.474,4,Cl4
qs_2022_top500_common6_151,qs_2022_top500_common6,151,约克大学,0.74,0.9179999999999999,0.544,0.502,0.43200000000000005,0.37200000000000005,4,Cl4
qs_2022_top500_common6_154,qs_2022_top500_common6,154,罗切斯特大学,0.953,0.57,0.998,0.526,0.252,0.18899999999999997,4,Cl4
qs_2022_top500_common6_155,qs_2022_top500_common6,155,奥胡斯大学,0.158,0.8390000000000001,0.326,0.601,0.56,0.402,4,Cl4
qs_2022_top500_common6_156,qs_2022_top500_common6,156,汉阳大学,0.317,0.08900000000000001,0.8009999999999999,0.301,0.452,0.743,4,Cl4
qs_2022_top500_common6_157,qs_2022_top500_common6,157,密歇根州立大学,0.23600000000000002,0.505,0.135,0.633,0.61,0.607,4,Cl4
qs_2022_top500_common6_158,qs_2022_top500_common6,158,马里兰大学，学院公园,0.21899999999999997,0.132,0.43,0.731,0.519,0.359,4,Cl4
qs_2022_top500_common6_159,qs_2022_top500_common6,159,柏林工业大学,0.8029999999999999,0.23600000000000002,0.433,0.307,0.557,0.6859999999999999,4,Cl4
qs_2022_top500_common6_160,qs_2022_top500_common6,160,埃默里大学,0.381,0.305,0.9940000000000001,0.667,0.25,0.17300000000000001,4,Cl4
qs_2022_top500_common6_161,qs_2022_top500_common6,161,凯斯西储大学,0.741,0.413,0.863,0.759,0.19,0.217,4,Cl4
qs_2022_top500_common6_161,qs_2022_top500_common6,161,蒙特雷科技大学,0.08900000000000001,0.736,0.815,0.025,0.45,0.904,4,Cl4
qs_2022_top500_common6_163,qs_2022_top500_common6,163,法赫德法国石油和矿物大学（KFUPM）,0.165,1.0,0.8590000000000001,0.545,0.287,0.254,4,Cl4
qs_2022_top500_common6_163,qs_2022_top500_common6,163,匹兹堡大学,0.146,0.026000000000000002,0.975,0.439,0.423,0.188,4,Cl4
qs_2022_top500_common6_165,qs_2022_top500_common6,165,亚琛工业大学,0.7559999999999999,0.21899999999999997,0.065,0.608,0.502,0.9329999999999999,4,Cl4
qs_2022_top500_common6_166,qs_2022_top500_common6,166,博洛尼亚大学,0.10300000000000001,0.047,0.038,0.518,0.775,0.466,4,Cl4
qs_2022_top500_common6_166,qs_2022_top500_common6,166,巴斯大学,0.895,0.987,0.22399999999999998,0.633,0.348,0.698,4,Cl4
qs_2022_top500_common6_168,qs_2022_top500_common6,168,德州农工大学,0.156,0.11,0.06,0.6859999999999999,0.615,0.65,4,Cl4
qs_2022_top500_common6_168,qs_2022_top500_common6,168,巴塞罗那大学,0.322,0.039,0.161,0.51,0.713,0.365,4,Cl4
qs_2022_top500_common6_170,qs_2022_top500_common6,170,韦仕敦大学（西安大略大学）,0.604,0.9940000000000001,0.055,0.9740000000000001,0.308,0.639,4,Cl4
qs_2022_top500_common6_171,qs_2022_top500_common6,171,萨皮恩扎 - 罗马大学,0.1,0.013999999999999999,0.042,0.5589999999999999,0.765,0.384,4,Cl4
qs_2022_top500_common6_172,qs_2022_top500_common6,172,弗莱堡大学,0.431,0.489,0.341,0.665,0.499,0.20800000000000002,4,Cl4
qs_2022_top500_common6_173,qs_2022_top500_common6,173,都柏林大学,0.76,0.992,0.259,0.42100000000000004,0.496,0.446,4,Cl4
qs_2022_top500_common6_173,qs_2022_top500_common6,173,佛罗里达大学,0.125,0.062,0.764,0.289,0.49700000000000005,0.479,4,Cl4
qs_2022_top500_common6_175,qs_2022_top500_common6,175,哈拉克国立大学,0.244,0.134,0.972,0.013000000000000001,0.455,0.677,4,Cl4
qs_2022_top500_common6_176,qs_2022_top500_common6,176,洛桑大学,0.617,0.998,0.524,0.639,0.32799999999999996,0.19,4,Cl4
qs_2022_top500_common6_177,qs_2022_top500_common6,177,蒂宾根大学,0.24,0.43799999999999994,0.946,0.163,0.46,0.221,4,Cl4
qs_2022_top500_common6_177,qs_2022_top500_common6,177,印度理工学院孟买分校,0.016,0.015,0.325,0.555,0.513,0.7959999999999999,4,Cl4
qs_2022_top500_common6_179,qs_2022_top500_common6,179,鹿特丹伊拉斯谟大学,0.537,0.8190000000000001,0.35,0.611,0.35600000000000004,0.5820000000000001,4,Cl4
qs_2022_top500_common6_180,qs_2022_top500_common6,180,国立清华大学,0.204,0.07200000000000001,0.37799999999999995,0.53,0.512,0.593,4,Cl4
qs_2022_top500_common6_180,qs_2022_top500_common6,180,维也纳技术大学,0.828,0.705,0.115,0.904,0.326,0.48,4,Cl4
qs_2022_top500_common6_180,qs_2022_top500_common6,180,哥德堡大学,0.631,0.735,0.7170000000000001,0.37200000000000005,0.379,0.21600000000000003,4,Cl4
qs_2022_top500_common6_183,qs_2022_top500_common6,183,哈利法大学,0.597,1.0,0.9129999999999999,0.6509999999999999,0.13699999999999998,0.105,4,Cl4
qs_2022_top500_common6_183,qs_2022_top500_common6,183,智利大学,0.049,0.027999999999999997,0.122,0.153,0.767,0.9229999999999999,4,Cl4
qs_2022_top500_common6_185,qs_2022_top500_common6,185,印度理工学院德里分校,0.017,0.012,0.309,0.7,0.45799999999999996,0.708,4,Cl4
qs_2022_top500_common6_186,qs_2022_top500_common6,186,印度科学研究所班加罗尔,0.018000000000000002,0.012,0.488,1.0,0.342,0.192,4,Cl4
qs_2022_top500_common6_186,qs_2022_top500_common6,186,明尼苏达大学,0.14800000000000002,0.023,0.306,0.541,0.618,0.301,4,Cl4
qs_2022_top500_common6_188,qs_2022_top500_common6,188,法语天主教鲁汶大学,0.42,0.898,0.067,0.6679999999999999,0.508,0.38,4,Cl4
qs_2022_top500_common6_189,qs_2022_top500_common6,189,利物浦大学,0.9490000000000001,0.868,0.44799999999999995,0.322,0.42700000000000005,0.373,4,Cl4
qs_2022_top500_common6_189,qs_2022_top500_common6,189,特温特大学,0.8909999999999999,0.988,0.371,0.7929999999999999,0.21,0.423,4,Cl4
qs_2022_top500_common6_191,qs_2022_top500_common6,191,达特茅斯学院,0.325,0.017,0.718,0.9009999999999999,0.195,0.301,4,Cl4
qs_2022_top500_common6_191,qs_2022_top500_common6,191,马来西亚工艺大学（UTM）,0.6829999999999999,0.065,0.552,0.392,0.424,0.534,4,Cl4
qs_2022_top500_common6_193,qs_2022_top500_common6,193,伍伦贡大学,0.764,0.9079999999999999,0.201,0.823,0.304,0.375,4,Cl4
qs_2022_top500_common6_194,qs_2022_top500_common6,194,科廷大学,0.46,1.0,0.152,0.846,0.312,0.48200000000000004,4,Cl4
qs_2022_top500_common6_194,qs_2022_top500_common6,194,德累斯顿工业大学,0.371,0.252,0.866,0.195,0.38,0.51,4,Cl4
qs_2022_top500_common6_194,qs_2022_top500_common6,194,奥塔哥大学,0.474,1.0,0.16,0.495,0.506,0.392,4,Cl4
qs_2022_top500_common6_197,qs_2022_top500_common6,197,纽卡斯尔大学,0.305,1.0,0.32899999999999996,0.8059999999999999,0.308,0.28600000000000003,4,Cl4
qs_2022_top500_common6_198,qs_2022_top500_common6,198,希伯来大学,0.094,0.518,0.845,0.36700000000000005,0.349,0.308,4,Cl4
qs_2022_top500_common6_199,qs_2022_top500_common6,199,卑尔根大学,0.085,0.855,0.7809999999999999,0.45,0.342,0.1,4,Cl4
qs_2022_top500_common6_200,qs_2022_top500_common6,200,麦考瑞大学,0.9520000000000001,0.988,0.17300000000000001,0.609,0.332,0.528,4,Cl4
qs_2022_top500_common6_201,qs_2022_top500_common6,201,庆应义塾大学,0.132,0.036000000000000004,0.628,0.071,0.502,0.877,3,Cl3
qs_2022_top500_common6_202,qs_2022_top500_common6,202,雷丁大学,0.877,0.938,0.23800000000000002,0.629,0.33799999999999997,0.341,3,Cl3
qs_2022_top500_common6_203,qs_2022_top500_common6,203,早稻田大学,0.37200000000000005,0.135,0.298,0.052000000000000005,0.603,0.941,3,Cl3
qs_2022_top500_common6_204,qs_2022_top500_common6,204,乔治奥古斯特哥廷根大学,0.231,0.332,0.6509999999999999,0.248,0.505,0.201,3,Cl3
qs_2022_top500_common6_205,qs_2022_top500_common6,205,阿伯丁大学,0.992,0.9490000000000001,0.314,0.584,0.293,0.35100000000000003,3,Cl3
qs_2022_top500_common6_206,qs_2022_top500_common6,206,皇家墨尔本理工大学,0.95,1.0,0.083,0.513,0.371,0.609,3,Cl3
qs_2022_top500_common6_207,qs_2022_top500_common6,207,马德里自治大学,0.11699999999999999,0.026000000000000002,0.409,0.22699999999999998,0.585,0.5670000000000001,3,Cl3
qs_2022_top500_common6_207,qs_2022_top500_common6,207,布鲁塞尔自由大学,0.894,0.945,0.05,0.701,0.33799999999999997,0.478,3,Cl3
qs_2022_top500_common6_209,qs_2022_top500_common6,209,巴塞罗那自治大学,0.23199999999999998,0.08,0.136,0.527,0.608,0.32299999999999995,3,Cl3
qs_2022_top500_common6_209,qs_2022_top500_common6,209,阿姆斯特丹自由大学,0.309,0.375,0.373,0.6709999999999999,0.41,0.17600000000000002,3,Cl3
qs_2022_top500_common6_211,qs_2022_top500_common6,211,同济大学,0.371,0.7040000000000001,0.245,0.8440000000000001,0.354,0.10400000000000001,3,Cl3
qs_2022_top500_common6_212,qs_2022_top500_common6,212,蔚山国立科学技术院,0.131,0.354,0.7609999999999999,1.0,0.099,0.065,3,Cl3
qs_2022_top500_common6_213,qs_2022_top500_common6,213,昆士兰科技大学（QUT）,0.433,0.983,0.087,0.59,0.42,0.44799999999999995,3,Cl3
qs_2022_top500_common6_214,qs_2022_top500_common6,214,汉堡大学,0.223,0.275,0.204,0.623,0.508,0.245,3,Cl3
qs_2022_top500_common6_215,qs_2022_top500_common6,215,朱拉隆功大学,0.03,0.026000000000000002,0.319,0.062,0.677,0.674,3,Cl3
qs_2022_top500_common6_216,qs_2022_top500_common6,216,亚利桑那州立大学,0.392,0.584,0.091,0.634,0.45299999999999996,0.414,3,Cl3
qs_2022_top500_common6_216,qs_2022_top500_common6,216,贝尔法斯特女王大学,0.9740000000000001,1.0,0.425,0.4,0.301,0.317,3,Cl3
qs_2022_top500_common6_218,qs_2022_top500_common6,218,范德比尔特大学,0.359,0.141,1.0,0.317,0.259,0.231,3,Cl3
qs_2022_top500_common6_219,qs_2022_top500_common6,219,金边大学,0.035,0.026000000000000002,0.13,0.434,0.653,0.34299999999999997,3,Cl3
qs_2022_top500_common6_220,qs_2022_top500_common6,220,雷德布德大学奈梅亨,0.222,0.44299999999999995,0.34299999999999997,0.8390000000000001,0.303,0.179,3,Cl3
qs_2022_top500_common6_221,qs_2022_top500_common6,221,布鲁塞尔大学,0.627,0.902,0.8290000000000001,0.264,0.24,0.172,3,Cl3
qs_2022_top500_common6_222,qs_2022_top500_common6,222,圣母大学,0.203,0.10400000000000001,0.665,0.511,0.28,0.44799999999999995,3,Cl3
qs_2022_top500_common6_223,qs_2022_top500_common6,223,马德里康普顿斯大学（UCM）,0.20800000000000002,0.013000000000000001,0.215,0.114,0.6779999999999999,0.584,3,Cl3
qs_2022_top500_common6_224,qs_2022_top500_common6,224,卡塔尔大学,0.946,1.0,0.703,0.281,0.21600000000000003,0.244,3,Cl3
qs_2022_top500_common6_225,qs_2022_top500_common6,225,武汉大学,0.081,0.265,0.154,0.7509999999999999,0.392,0.46799999999999997,3,Cl3
qs_2022_top500_common6_226,qs_2022_top500_common6,226,波恩大学,0.293,0.326,0.562,0.18,0.511,0.177,3,Cl3
qs_2022_top500_common6_226,qs_2022_top500_common6,226,开普敦大学,0.317,0.507,0.19899999999999998,0.512,0.441,0.41700000000000004,3,Cl3
qs_2022_top500_common6_226,qs_2022_top500_common6,226,苏塞克斯大学,0.946,0.97,0.17300000000000001,0.787,0.262,0.086,3,Cl3
qs_2022_top500_common6_226,qs_2022_top500_common6,226,弗吉尼亚大学,0.139,0.024,0.609,0.42,0.365,0.409,3,Cl3
qs_2022_top500_common6_230,qs_2022_top500_common6,230,渥太华大学,0.6779999999999999,0.905,0.049,0.862,0.25,0.387,3,Cl3
qs_2022_top500_common6_231,qs_2022_top500_common6,231,拉夫堡大学,0.758,0.831,0.26,0.392,0.313,0.638,3,Cl3
qs_2022_top500_common6_232,qs_2022_top500_common6,232,加州大学欧文分校,0.7490000000000001,0.513,0.11599999999999999,0.629,0.415,0.203,3,Cl3
qs_2022_top500_common6_233,qs_2022_top500_common6,233,马斯特里赫特大学,1.0,0.988,0.184,0.718,0.21899999999999997,0.28600000000000003,3,Cl3
qs_2022_top500_common6_233,qs_2022_top500_common6,233,安特卫普大学,0.37,0.774,0.6509999999999999,0.523,0.231,0.11699999999999999,3,Cl3
qs_2022_top500_common6_235,qs_2022_top500_common6,235,卡尔加里大学,0.563,0.79,0.254,0.46799999999999997,0.348,0.442,3,Cl3
qs_2022_top500_common6_236,qs_2022_top500_common6,236,哈尔滨工业大学,0.085,0.027999999999999997,0.48200000000000004,0.9329999999999999,0.24100000000000002,0.096,3,Cl3
qs_2022_top500_common6_236,qs_2022_top500_common6,236,洛斯安第斯哥伦比亚大学,0.016,0.11,0.223,0.064,0.588,0.9520000000000001,3,Cl3
qs_2022_top500_common6_236,qs_2022_top500_common6,236,莱斯特大学,0.915,0.8059999999999999,0.446,0.53,0.23399999999999999,0.19,3,Cl3
qs_2022_top500_common6_236,qs_2022_top500_common6,236,惠灵顿维多利亚大学,0.524,0.998,0.11,0.375,0.467,0.345,3,Cl3
qs_2022_top500_common6_240,qs_2022_top500_common6,240,女王大学,0.337,0.636,0.069,0.562,0.37,0.7040000000000001,3,Cl3
qs_2022_top500_common6_240,qs_2022_top500_common6,240,提契诺大学,1.0,1.0,0.866,0.474,0.052000000000000005,0.048,3,Cl3
qs_2022_top500_common6_242,qs_2022_top500_common6,242,贝鲁特美国大学（AUB）,0.5670000000000001,0.7859999999999999,0.62,0.16899999999999998,0.27699999999999997,0.542,3,Cl3
qs_2022_top500_common6_242,qs_2022_top500_common6,242,圣彼得堡州立大学,0.494,0.02,0.773,0.067,0.428,0.252,3,Cl3
qs_2022_top500_common6_242,qs_2022_top500_common6,242,帕多瓦大学（UNIPD）,0.064,0.033,0.099,0.5579999999999999,0.557,0.309,3,Cl3
qs_2022_top500_common6_245,qs_2022_top500_common6,245,国立路桥学校,0.9840000000000001,0.157,0.9590000000000001,0.298,0.086,0.46799999999999997,3,Cl3
qs_2022_top500_common6_246,qs_2022_top500_common6,246,新西伯利亚州立大学,0.579,0.023,0.929,0.195,0.289,0.162,3,Cl3
qs_2022_top500_common6_246,qs_2022_top500_common6,246,马萨诸塞大学，阿默斯特,0.266,0.376,0.14800000000000002,0.701,0.414,0.187,3,Cl3
qs_2022_top500_common6_248,qs_2022_top500_common6,248,乔治城大学,0.515,0.055999999999999994,0.655,0.242,0.324,0.47600000000000003,3,Cl3
qs_2022_top500_common6_248,qs_2022_top500_common6,248,庞培法布拉大学,0.235,0.578,0.10800000000000001,0.872,0.308,0.258,3,Cl3
qs_2022_top500_common6_250,qs_2022_top500_common6,250,文莱达鲁萨兰国大学,0.6559999999999999,1.0,0.968,0.076,0.2,0.12300000000000001,3,Cl3
qs_2022_top500_common6_251,qs_2022_top500_common6,251,科罗拉多大学博尔德分校,0.091,0.077,0.369,0.688,0.368,0.162,3,Cl3
qs_2022_top500_common6_252,qs_2022_top500_common6,252,国立成功大学,0.242,0.07200000000000001,0.39399999999999996,0.252,0.439,0.619,3,Cl3
qs_2022_top500_common6_254,qs_2022_top500_common6,254,加札马达大学,0.023,0.213,0.654,0.015,0.478,0.444,3,Cl3
qs_2022_top500_common6_255,qs_2022_top500_common6,255,印度理工学院马德拉斯分校,0.016,0.012,0.32299999999999995,0.602,0.361,0.483,3,Cl3
qs_2022_top500_common6_255,qs_2022_top500_common6,255,玛希隆大学,0.054000000000000006,0.023,0.754,0.055999999999999994,0.42,0.46,3,Cl3
qs_2022_top500_common6_255,qs_2022_top500_common6,255,特拉维夫大学,0.064,0.151,0.05,0.998,0.331,0.26899999999999996,3,Cl3
qs_2022_top500_common6_258,qs_2022_top500_common6,258,坎特伯雷大学,0.514,0.996,0.09699999999999999,0.41100000000000003,0.392,0.41,3,Cl3
qs_2022_top500_common6_258,qs_2022_top500_common6,258,爱尔兰国立高威大学,0.5870000000000001,0.9059999999999999,0.6920000000000001,0.128,0.263,0.303,3,Cl3
qs_2022_top500_common6_258,qs_2022_top500_common6,258,哥伦比亚国立大学,0.013999999999999999,0.024,0.075,0.038,0.639,0.9420000000000001,3,Cl3
qs_2022_top500_common6_260,qs_2022_top500_common6,260,中山大学,0.059000000000000004,0.022000000000000002,0.619,0.36200000000000004,0.36200000000000004,0.275,3,Cl3
qs_2022_top500_common6_261,qs_2022_top500_common6,261,巴黎政治学院,0.992,0.37,0.915,0.040999999999999995,0.20199999999999999,0.315,3,Cl3
qs_2022_top500_common6_261,qs_2022_top500_common6,261,巴黎大学,0.33299999999999996,0.066,0.155,0.792,0.386,0.075,3,Cl3
qs_2022_top500_common6_264,qs_2022_top500_common6,264,庆熙大学,0.519,0.042,0.855,0.152,0.264,0.349,3,Cl3
qs_2022_top500_common6_264,qs_2022_top500_common6,264,罗格斯大学 - 新泽西州立大学新不伦瑞克分校,0.415,0.094,0.535,0.22399999999999998,0.392,0.368,3,Cl3
qs_2022_top500_common6_266,qs_2022_top500_common6,266,布拉格查理大学,0.49200000000000005,0.086,0.499,0.114,0.457,0.355,3,Cl3
qs_2022_top500_common6_266,qs_2022_top500_common6,266,纳瓦拉大学,0.726,0.099,0.563,0.172,0.289,0.657,3,Cl3
qs_2022_top500_common6_268,qs_2022_top500_common6,268,国立阳明交通大学,0.126,0.071,0.46799999999999997,0.341,0.326,0.649,3,Cl3
qs_2022_top500_common6_268,qs_2022_top500_common6,268,亚利桑那大学,0.14300000000000002,0.09,0.614,0.22399999999999998,0.413,0.231,3,Cl3
qs_2022_top500_common6_269,qs_2022_top500_common6,269,达姆施塔特技术大学,0.708,0.40700000000000003,0.057999999999999996,0.836,0.201,0.521,3,Cl3
qs_2022_top500_common6_270,qs_2022_top500_common6,270,北京师范大学,0.267,0.042,0.297,0.6409999999999999,0.385,0.084,3,Cl3
qs_2022_top500_common6_270,qs_2022_top500_common6,270,赫里瓦特大学,0.9520000000000001,1.0,0.23600000000000002,0.648,0.153,0.302,3,Cl3
qs_2022_top500_common6_272,qs_2022_top500_common6,272,戴尔豪斯大学,0.813,1.0,0.16899999999999998,0.703,0.187,0.244,3,Cl3
qs_2022_top500_common6_272,qs_2022_top500_common6,272,托木斯克州立大学,0.938,0.095,0.998,0.059000000000000004,0.226,0.11,3,Cl3
qs_2022_top500_common6_272,qs_2022_top500_common6,272,萨里大学,0.943,0.983,0.19899999999999998,0.556,0.223,0.284,3,Cl3
qs_2022_top500_common6_275,qs_2022_top500_common6,275,南方科技大学,0.021,0.297,0.985,0.61,0.068,0.017,3,Cl3
qs_2022_top500_common6_275,qs_2022_top500_common6,275,塔夫茨大学,0.35700000000000004,0.17800000000000002,0.7390000000000001,0.507,0.196,0.086,3,Cl3
qs_2022_top500_common6_277,qs_2022_top500_common6,277,格拉茨大学,0.575,0.68,0.983,0.19399999999999998,0.14,0.08199999999999999,3,Cl3
qs_2022_top500_common6_277,qs_2022_top500_common6,277,印度理工学院坎普尔分校,0.012,0.013000000000000001,0.183,0.816,0.301,0.41100000000000003,3,Cl3
qs_2022_top500_common6_277,qs_2022_top500_common6,277,沙特国王大学（KSU）,0.17,0.963,0.588,0.23600000000000002,0.32,0.133,3,Cl3
qs_2022_top500_common6_280,qs_2022_top500_common6,280,印度理工学院克勒格布尔分校,0.011000000000000001,0.015,0.16699999999999998,0.88,0.28,0.38799999999999996,3,Cl3
qs_2022_top500_common6_281,qs_2022_top500_common6,281,鲍曼莫斯科国立技术大学,0.205,0.07,1.0,0.013000000000000001,0.239,0.48700000000000004,3,Cl3
qs_2022_top500_common6_281,qs_2022_top500_common6,281,因斯布鲁克大学,0.998,1.0,0.71,0.141,0.204,0.08900000000000001,3,Cl3
qs_2022_top500_common6_283,qs_2022_top500_common6,283,迪肯大学,0.7240000000000001,0.987,0.044000000000000004,0.5710000000000001,0.281,0.38,3,Cl3
qs_2022_top500_common6_284,qs_2022_top500_common6,284,梅西大学,0.992,0.991,0.336,0.237,0.299,0.244,3,Cl3
qs_2022_top500_common6_285,qs_2022_top500_common6,285,伊利诺伊大学芝加哥分校,0.2,0.034,0.37799999999999995,0.304,0.435,0.321,3,Cl3
qs_2022_top500_common6_285,qs_2022_top500_common6,285,筑波大学,0.284,0.055999999999999994,0.685,0.214,0.35200000000000004,0.171,3,Cl3
qs_2022_top500_common6_287,qs_2022_top500_common6,287,香港浸会大学,0.996,0.9620000000000001,0.44299999999999995,0.395,0.185,0.138,3,Cl3
qs_2022_top500_common6_288,qs_2022_top500_common6,288,阿联酋大学,0.401,1.0,0.675,0.09699999999999999,0.252,0.27699999999999997,3,Cl3
qs_2022_top500_common6_290,qs_2022_top500_common6,290,格里菲斯大学,0.41600000000000004,0.998,0.094,0.642,0.278,0.201,3,Cl3
qs_2022_top500_common6_290,qs_2022_top500_common6,290,物理莫斯科与技术研究所州立大学,0.47100000000000003,0.166,0.9790000000000001,0.151,0.17800000000000002,0.20600000000000002,3,Cl3
qs_2022_top500_common6_290,qs_2022_top500_common6,290,印度尼西亚大学,0.035,0.747,0.391,0.018000000000000002,0.441,0.518,3,Cl3
qs_2022_top500_common6_290,qs_2022_top500_common6,290,巴黎第一大学,0.529,0.214,0.053,0.031,0.628,0.445,3,Cl3
qs_2022_top500_common6_290,qs_2022_top500_common6,290,西安交通大学,0.055999999999999994,0.025,0.254,0.802,0.231,0.41700000000000004,3,Cl3
qs_2022_top500_common6_295,qs_2022_top500_common6,295,白俄罗斯州立大学,0.43,0.013999999999999999,0.98,0.013999999999999999,0.215,0.402,3,Cl3
qs_2022_top500_common6_295,qs_2022_top500_common6,295,波尔图大学,0.24100000000000002,0.021,0.146,0.617,0.386,0.27699999999999997,3,Cl3
qs_2022_top500_common6_295,qs_2022_top500_common6,295,图尔库大学,0.051,0.11800000000000001,0.611,0.385,0.278,0.285,3,Cl3
qs_2022_top500_common6_298,qs_2022_top500_common6,298,西蒙弗雷泽大学,0.898,0.9420000000000001,0.053,0.617,0.247,0.221,3,Cl3
qs_2022_top500_common6_298,qs_2022_top500_common6,298,考克大学,0.469,0.9540000000000001,0.44,0.218,0.276,0.335,3,Cl3
qs_2022_top500_common6_300,qs_2022_top500_common6,300,北卡罗来纳州立大学,0.165,0.515,0.14300000000000002,0.687,0.304,0.23800000000000002,3,Cl3
qs_2022_top500_common6_300,qs_2022_top500_common6,300,塔尔图大学,0.249,0.175,0.883,0.152,0.26,0.135,3,Cl3
qs_2022_top500_common6_302,qs_2022_top500_common6,302,斯特拉斯克莱德大学,0.7829999999999999,0.9329999999999999,0.204,0.317,0.266,0.46299999999999997,2,Cl2
qs_2022_top500_common6_303,qs_2022_top500_common6,303,万隆理工学院,0.034,0.177,0.578,0.027000000000000003,0.41200000000000003,0.44,2,Cl2
qs_2022_top500_common6_303,qs_2022_top500_common6,303,斯马尼亚大学,0.9840000000000001,0.6809999999999999,0.187,0.6940000000000001,0.17800000000000002,0.09699999999999999,2,Cl2
qs_2022_top500_common6_305,qs_2022_top500_common6,305,光州科技学院（GIST）,0.076,0.057,0.364,1.0,0.134,0.061,2,Cl2
qs_2022_top500_common6_305,qs_2022_top500_common6,305,俄罗斯国家研究型高等经济大学（HSE）,0.165,0.023,0.941,0.019,0.27399999999999997,0.281,2,Cl2
qs_2022_top500_common6_307,qs_2022_top500_common6,307,东英吉利大学（UEA）,0.599,0.591,0.195,0.75,0.19699999999999998,0.109,2,Cl2
qs_2022_top500_common6_308,qs_2022_top500_common6,308,华沙大学,0.1,0.027000000000000003,0.396,0.062,0.465,0.539,2,Cl2
qs_2022_top500_common6_309,qs_2022_top500_common6,309,雅盖隆大学,0.11699999999999999,0.017,0.608,0.061,0.376,0.45799999999999996,2,Cl2
qs_2022_top500_common6_309,qs_2022_top500_common6,309,丹麦南部大学,0.282,0.778,0.39399999999999996,0.516,0.195,0.23800000000000002,2,Cl2
qs_2022_top500_common6_311,qs_2022_top500_common6,311,印第安纳大学伯明顿分校,0.124,0.265,0.33,0.35200000000000004,0.37799999999999995,0.281,2,Cl2
qs_2022_top500_common6_311,qs_2022_top500_common6,311,科隆大学,0.33299999999999996,0.466,0.28600000000000003,0.267,0.37799999999999995,0.33899999999999997,2,Cl2
qs_2022_top500_common6_311,qs_2022_top500_common6,311,迈阿密大学,0.36,0.165,0.625,0.293,0.242,0.289,2,Cl2
qs_2022_top500_common6_314,qs_2022_top500_common6,314,台湾科技大学,0.40299999999999997,0.138,0.561,0.317,0.258,0.289,2,Cl2
qs_2022_top500_common6_314,qs_2022_top500_common6,314,格勒诺布尔阿尔卑斯大学（UGA）,0.38799999999999996,0.115,0.095,0.503,0.444,0.122,2,Cl2
qs_2022_top500_common6_316,qs_2022_top500_common6,316,米兰大学,0.077,0.028999999999999998,0.062,0.499,0.49700000000000005,0.174,2,Cl2
qs_2022_top500_common6_317,qs_2022_top500_common6,317,IE大学,1.0,0.94,0.764,0.027000000000000003,0.073,0.48,2,Cl2
qs_2022_top500_common6_317,qs_2022_top500_common6,317,俄罗斯人民友谊大学,0.932,0.035,0.917,0.016,0.17,0.293,2,Cl2
qs_2022_top500_common6_319,qs_2022_top500_common6,319,国立核研究院“MEPhI”,0.892,0.37200000000000005,0.99,0.1,0.094,0.11,2,Cl2
qs_2022_top500_common6_319,qs_2022_top500_common6,319,加泰罗尼亚理工大学,0.26899999999999996,0.042,0.535,0.22899999999999998,0.331,0.28800000000000003,2,Cl2
qs_2022_top500_common6_321,qs_2022_top500_common6,321,斯温本科技大学,0.851,0.986,0.153,0.659,0.139,0.19,2,Cl2
qs_2022_top500_common6_322,qs_2022_top500_common6,322,邓迪大学,0.6459999999999999,0.97,0.47,0.294,0.19399999999999998,0.159,2,Cl2
qs_2022_top500_common6_322,qs_2022_top500_common6,322,埃尔朗根-纽伦堡大学,0.264,0.102,0.022000000000000002,0.993,0.228,0.154,2,Cl2
qs_2022_top500_common6_322,qs_2022_top500_common6,322,阿根廷天主教大学（UCA）,0.07400000000000001,0.012,0.996,0.011000000000000001,0.18899999999999997,0.45799999999999996,2,Cl2
qs_2022_top500_common6_322,qs_2022_top500_common6,322,澳门大学,0.971,1.0,0.187,0.708,0.107,0.068,2,Cl2
qs_2022_top500_common6_326,qs_2022_top500_common6,326,奥尔堡大学,0.293,0.649,0.424,0.413,0.19899999999999998,0.326,2,Cl2
qs_2022_top500_common6_326,qs_2022_top500_common6,326,南澳大学（UniSA）,0.7040000000000001,1.0,0.20600000000000002,0.456,0.231,0.16699999999999998,2,Cl2
qs_2022_top500_common6_328,qs_2022_top500_common6,328,法律公告古美利诺夫欧洲国立大学,0.073,0.21899999999999997,0.986,0.013000000000000001,0.21,0.272,2,Cl2
qs_2022_top500_common6_329,qs_2022_top500_common6,329,林雪平大学,0.265,0.536,0.298,0.578,0.201,0.27899999999999997,2,Cl2
qs_2022_top500_common6_330,qs_2022_top500_common6,330,伦敦大学城市学院,0.9990000000000001,0.97,0.102,0.496,0.204,0.23399999999999999,2,Cl2
qs_2022_top500_common6_330,qs_2022_top500_common6,330,以色列理工学院,0.042,0.617,0.27399999999999997,0.51,0.262,0.284,2,Cl2
qs_2022_top500_common6_332,qs_2022_top500_common6,332,伦敦的伯克贝克学院，大学,0.982,0.987,0.151,0.698,0.125,0.036000000000000004,2,Cl2
qs_2022_top500_common6_332,qs_2022_top500_common6,332,泰勒大学,0.948,0.365,0.486,0.048,0.18899999999999997,0.7340000000000001,2,Cl2
qs_2022_top500_common6_334,qs_2022_top500_common6,334,华中科技大学,0.05,0.02,0.132,0.866,0.212,0.326,2,Cl2
qs_2022_top500_common6_334,qs_2022_top500_common6,334,台湾师范大学,0.28300000000000003,0.040999999999999995,0.732,0.077,0.321,0.142,2,Cl2
qs_2022_top500_common6_334,qs_2022_top500_common6,334,都灵理工大学,0.405,0.015,0.026000000000000002,0.524,0.34700000000000003,0.504,2,Cl2
qs_2022_top500_common6_334,qs_2022_top500_common6,334,伦敦皇家霍洛威大学,0.9359999999999999,0.965,0.201,0.522,0.177,0.1,2,Cl2
qs_2022_top500_common6_334,qs_2022_top500_common6,334,天津大学,0.12300000000000001,0.034,0.27,0.88,0.196,0.046,2,Cl2
qs_2022_top500_common6_334,qs_2022_top500_common6,334,维多利亚大学,0.763,0.929,0.033,0.7490000000000001,0.17300000000000001,0.102,2,Cl2
qs_2022_top500_common6_340,qs_2022_top500_common6,340,夏威夷大学马诺亚分校,0.172,0.409,0.541,0.518,0.162,0.13699999999999998,2,Cl2
qs_2022_top500_common6_342,qs_2022_top500_common6,342,东北大学,0.9490000000000001,0.682,0.22699999999999998,0.467,0.207,0.149,2,Cl2
qs_2022_top500_common6_343,qs_2022_top500_common6,343,广岛大学,0.17800000000000002,0.042,0.899,0.11900000000000001,0.225,0.125,2,Cl2
qs_2022_top500_common6_344,qs_2022_top500_common6,344,文莱理工大学,0.09,0.997,0.934,0.07400000000000001,0.126,0.09300000000000001,2,Cl2
qs_2022_top500_common6_346,qs_2022_top500_common6,346,弗吉尼亚理工学院（Virginia Tech）,0.245,0.56,0.24600000000000002,0.41100000000000003,0.285,0.289,2,Cl2
qs_2022_top500_common6_347,qs_2022_top500_common6,347,喀山联邦大学,0.863,0.036000000000000004,0.884,0.038,0.19,0.076,2,Cl2
qs_2022_top500_common6_347,qs_2022_top500_common6,347,UCSI大学,0.768,0.425,0.61,0.036000000000000004,0.17800000000000002,0.522,2,Cl2
qs_2022_top500_common6_347,qs_2022_top500_common6,347,加州大学圣克鲁兹分校,0.17800000000000002,0.526,0.075,0.8909999999999999,0.19699999999999998,0.057,2,Cl2
qs_2022_top500_common6_347,qs_2022_top500_common6,347,斯图加特大学,0.462,0.255,0.051,0.664,0.243,0.366,2,Cl2
qs_2022_top500_common6_351,qs_2022_top500_common6,351,布鲁内尔大学,0.9790000000000001,0.998,0.11699999999999999,0.64,0.115,0.156,2,Cl2
qs_2022_top500_common6_351,qs_2022_top500_common6,351,马德里大学卡洛斯三世大学,0.20199999999999999,0.16,0.5479999999999999,0.064,0.309,0.475,2,Cl2
qs_2022_top500_common6_351,qs_2022_top500_common6,351,乌拉尔联邦大学,0.387,0.035,0.946,0.02,0.214,0.12,2,Cl2
qs_2022_top500_common6_354,qs_2022_top500_common6,354,林茨大学,0.266,0.769,0.752,0.245,0.113,0.146,2,Cl2
qs_2022_top500_common6_355,qs_2022_top500_common6,355,乔治华盛顿大学,0.46,0.20800000000000002,0.34299999999999997,0.335,0.272,0.32,2,Cl2
qs_2022_top500_common6_356,qs_2022_top500_common6,356,蒂尔堡大学,0.5,0.9329999999999999,0.136,0.5589999999999999,0.154,0.363,2,Cl2
qs_2022_top500_common6_356,qs_2022_top500_common6,356,里斯本大学,0.41200000000000003,0.027999999999999997,0.133,0.392,0.40299999999999997,0.20199999999999999,2,Cl2
qs_2022_top500_common6_358,qs_2022_top500_common6,358,南开大学,0.053,0.057,0.319,0.71,0.22899999999999998,0.052000000000000005,2,Cl2
qs_2022_top500_common6_358,qs_2022_top500_common6,358,国立科技大学（NUST）伊斯兰堡,0.052000000000000005,0.013000000000000001,0.7809999999999999,0.091,0.18100000000000002,0.5770000000000001,2,Cl2
qs_2022_top500_common6_358,qs_2022_top500_common6,358,于韦斯屈莱大学,0.034,0.21899999999999997,0.872,0.204,0.166,0.13699999999999998,2,Cl2
qs_2022_top500_common6_358,qs_2022_top500_common6,358,犹他大学,0.10099999999999999,0.08900000000000001,0.649,0.46,0.168,0.087,2,Cl2
qs_2022_top500_common6_362,qs_2022_top500_common6,362,梨花女子大学,0.212,0.023,0.8109999999999999,0.10400000000000001,0.23,0.201,2,Cl2
qs_2022_top500_common6_362,qs_2022_top500_common6,362,乐卓博大学,0.975,0.953,0.064,0.455,0.207,0.23800000000000002,2,Cl2
qs_2022_top500_common6_362,qs_2022_top500_common6,362,莫斯科国际关系研究所,0.542,0.055999999999999994,1.0,0.013000000000000001,0.133,0.214,2,Cl2
qs_2022_top500_common6_365,qs_2022_top500_common6,365,ITMO大学,0.5760000000000001,0.136,0.9470000000000001,0.07400000000000001,0.124,0.142,2,Cl2
qs_2022_top500_common6_365,qs_2022_top500_common6,365,乌梅大学,0.11199999999999999,0.11599999999999999,0.7929999999999999,0.20199999999999999,0.201,0.124,2,Cl2
qs_2022_top500_common6_365,qs_2022_top500_common6,365,乌尔姆大学,0.223,0.26899999999999996,0.8290000000000001,0.381,0.081,0.049,2,Cl2
qs_2022_top500_common6_368,qs_2022_top500_common6,368,苏丹卡布斯大学,0.039,1.0,0.769,0.121,0.14800000000000002,0.13699999999999998,2,Cl2
qs_2022_top500_common6_369,qs_2022_top500_common6,369,挪威科技大学,0.105,0.638,0.26899999999999996,0.271,0.32899999999999996,0.25,2,Cl2
qs_2022_top500_common6_369,qs_2022_top500_common6,369,里约热内卢联邦大学,0.018000000000000002,0.031,0.179,0.102,0.545,0.251,2,Cl2
qs_2022_top500_common6_371,qs_2022_top500_common6,371,瓦伦西亚政治大学,0.212,0.022000000000000002,0.728,0.135,0.255,0.12300000000000001,2,Cl2
qs_2022_top500_common6_372,qs_2022_top500_common6,372,林肯大学,0.991,0.992,0.47600000000000003,0.302,0.083,0.085,2,Cl2
qs_2022_top500_common6_373,qs_2022_top500_common6,373,北京理工大学,0.05,0.013999999999999999,0.337,0.613,0.215,0.153,2,Cl2
qs_2022_top500_common6_373,qs_2022_top500_common6,373,布拉格化学技术研究所,0.574,0.069,0.998,0.139,0.066,0.087,2,Cl2
qs_2022_top500_common6_373,qs_2022_top500_common6,373,康涅狄格大学,0.311,0.449,0.153,0.754,0.158,0.11699999999999999,2,Cl2
qs_2022_top500_common6_373,qs_2022_top500_common6,373,怀卡托大学,0.765,0.992,0.111,0.445,0.19899999999999998,0.16399999999999998,2,Cl2
qs_2022_top500_common6_377,qs_2022_top500_common6,377,奥卢大学,0.068,0.401,0.315,0.606,0.16399999999999998,0.209,2,Cl2
qs_2022_top500_common6_378,qs_2022_top500_common6,378,维多利亚州立大学,0.11599999999999999,0.301,0.044000000000000004,0.951,0.165,0.066,2,Cl2
qs_2022_top500_common6_378,qs_2022_top500_common6,378,奎德阿萨姆大学,0.013999999999999999,0.013000000000000001,0.021,0.983,0.151,0.297,2,Cl2
qs_2022_top500_common6_378,qs_2022_top500_common6,378,石溪大学,0.708,0.317,0.34600000000000003,0.41,0.201,0.10300000000000001,2,Cl2
qs_2022_top500_common6_381,qs_2022_top500_common6,381,谢里夫理工大学,0.027000000000000003,0.025,0.098,0.981,0.121,0.251,2,Cl2
qs_2022_top500_common6_381,qs_2022_top500_common6,381,东京医科齿科大学,0.172,0.013000000000000001,1.0,0.16899999999999998,0.10800000000000001,0.055999999999999994,2,Cl2
qs_2022_top500_common6_383,qs_2022_top500_common6,383,美国沙迦大学,1.0,1.0,0.284,0.152,0.18899999999999997,0.272,2,Cl2
qs_2022_top500_common6_383,qs_2022_top500_common6,383,北京航空航天大学,0.057999999999999996,0.027000000000000003,0.257,0.8540000000000001,0.14400000000000002,0.053,2,Cl2
qs_2022_top500_common6_383,qs_2022_top500_common6,383,肯特大学,0.561,0.988,0.21600000000000003,0.402,0.2,0.08900000000000001,2,Cl2
qs_2022_top500_common6_386,qs_2022_top500_common6,386,神户大学,0.10099999999999999,0.025,0.59,0.11699999999999999,0.268,0.332,2,Cl2
qs_2022_top500_common6_387,qs_2022_top500_common6,387,堪萨斯大学,0.11,0.395,0.7859999999999999,0.133,0.153,0.168,2,Cl2
qs_2022_top500_common6_388,qs_2022_top500_common6,388,纽约州立大学布法罗分校,0.312,0.7390000000000001,0.069,0.662,0.188,0.11800000000000001,2,Cl2
qs_2022_top500_common6_388,qs_2022_top500_common6,388,比萨大学,0.049,0.02,0.078,0.441,0.405,0.165,2,Cl2
qs_2022_top500_common6_390,qs_2022_top500_common6,390,维多利亚大学圣拉斐尔大学,0.04,0.019,0.993,0.345,0.032,0.015,2,Cl2
qs_2022_top500_common6_391,qs_2022_top500_common6,391,SOAS伦敦大学东方与非洲研究学院,1.0,1.0,0.304,0.154,0.19899999999999998,0.128,2,Cl2
qs_2022_top500_common6_391,qs_2022_top500_common6,391,巴勒莫大学,0.971,0.141,0.893,0.011000000000000001,0.091,0.109,2,Cl2
qs_2022_top500_common6_393,qs_2022_top500_common6,393,圣彼得堡国立政治大学,0.885,0.059000000000000004,0.8320000000000001,0.038,0.131,0.09300000000000001,2,Cl2
qs_2022_top500_common6_393,qs_2022_top500_common6,393,鲁尔大学波鸿,0.316,0.11800000000000001,0.02,0.787,0.225,0.1,2,Cl2
qs_2022_top500_common6_395,qs_2022_top500_common6,395,印度理工学院古瓦哈提分校,0.013000000000000001,0.013999999999999999,0.12,0.948,0.132,0.145,2,Cl2
qs_2022_top500_common6_395,qs_2022_top500_common6,395,托木斯克理工大学,0.856,0.038,0.8909999999999999,0.062,0.096,0.081,2,Cl2
qs_2022_top500_common6_395,qs_2022_top500_common6,395,秘鲁天主大学,0.017,0.016,0.256,0.017,0.39899999999999997,0.6609999999999999,2,Cl2
qs_2022_top500_common6_399,qs_2022_top500_common6,399,菲律宾大学,0.013999999999999999,0.011000000000000001,0.483,0.019,0.33899999999999997,0.42100000000000004,2,Cl2
qs_2022_top500_common6_400,qs_2022_top500_common6,400,印度理工学院鲁尔基分校,0.026000000000000002,0.01,0.10300000000000001,0.888,0.14800000000000002,0.193,2,Cl2
qs_2022_top500_common6_400,qs_2022_top500_common6,400,奥斯特拉尔大学,0.09699999999999999,0.012,0.85,0.017,0.154,0.38799999999999996,2,Cl2
qs_2022_top500_common6_400,qs_2022_top500_common6,400,维尔纽斯大学,0.09300000000000001,0.036000000000000004,0.8029999999999999,0.038,0.207,0.212,2,Cl2
qs_2022_top500_common6_403,qs_2022_top500_common6,403,捷克技术大学在布拉格,0.495,0.10300000000000001,0.605,0.055999999999999994,0.198,0.36700000000000005,1,Cl1
qs_2022_top500_common6_403,qs_2022_top500_common6,403,山东大学,0.039,0.031,0.20800000000000002,0.733,0.149,0.263,1,Cl1
qs_2022_top500_common6_403,qs_2022_top500_common6,403,加州大学河滨分校,0.107,0.812,0.09699999999999999,0.659,0.179,0.09300000000000001,1,Cl1
qs_2022_top500_common6_407,qs_2022_top500_common6,407,佛林德斯大学,0.9420000000000001,0.991,0.059000000000000004,0.54,0.131,0.084,1,Cl1
qs_2022_top500_common6_407,qs_2022_top500_common6,407,华南理工大学,0.043,0.034,0.17300000000000001,0.929,0.121,0.038,1,Cl1
qs_2022_top500_common6_407,qs_2022_top500_common6,407,台北医科大学,0.16699999999999998,0.064,0.903,0.16699999999999998,0.09699999999999999,0.12,1,Cl1
qs_2022_top500_common6_407,qs_2022_top500_common6,407,厦门大学,0.04,0.02,0.235,0.5770000000000001,0.257,0.084,1,Cl1
qs_2022_top500_common6_411,qs_2022_top500_common6,411,威廉姆斯大学明斯特,0.076,0.131,0.37,0.16,0.337,0.249,1,Cl1
qs_2022_top500_common6_412,qs_2022_top500_common6,412,国立中山大学,0.141,0.094,0.34700000000000003,0.35100000000000003,0.255,0.2,1,Cl1
qs_2022_top500_common6_412,qs_2022_top500_common6,412,哈韦里亚纳主教大学,0.019,0.019,0.171,0.022000000000000002,0.375,0.836,1,Cl1
qs_2022_top500_common6_414,qs_2022_top500_common6,414,中央大学,0.321,0.048,0.732,0.092,0.155,0.27699999999999997,1,Cl1
qs_2022_top500_common6_414,qs_2022_top500_common6,414,拉彭兰塔理工大学,0.154,0.174,0.171,0.8809999999999999,0.073,0.16899999999999998,1,Cl1
qs_2022_top500_common6_414,qs_2022_top500_common6,414,坦佩雷大学,0.076,0.201,0.264,0.40399999999999997,0.252,0.242,1,Cl1
qs_2022_top500_common6_414,qs_2022_top500_common6,414,国油大学（Petronas）,0.228,0.726,0.285,0.369,0.16399999999999998,0.28800000000000003,1,Cl1
qs_2022_top500_common6_414,qs_2022_top500_common6,414,科罗拉多大学丹佛分校,0.106,0.015,1.0,0.127,0.083,0.085,1,Cl1
qs_2022_top500_common6_414,qs_2022_top500_common6,414,北京科技大学,0.035,0.015,0.128,0.904,0.15,0.043,1,Cl1
qs_2022_top500_common6_414,qs_2022_top500_common6,414,拉瓦尔大学,0.312,0.5670000000000001,0.317,0.318,0.20600000000000002,0.193,1,Cl1
qs_2022_top500_common6_421,qs_2022_top500_common6,421,雅典国立科技大学,0.071,0.01,0.061,0.691,0.192,0.405,1,Cl1
qs_2022_top500_common6_421,qs_2022_top500_common6,421,斯特拉斯堡大学,0.39299999999999996,0.214,0.055,0.27399999999999997,0.42200000000000004,0.073,1,Cl1
qs_2022_top500_common6_423,qs_2022_top500_common6,423,曼海姆大学,0.24100000000000002,0.156,0.022000000000000002,0.6459999999999999,0.172,0.483,1,Cl1
qs_2022_top500_common6_424,qs_2022_top500_common6,424,詹姆斯库克大学（JCU）,0.33799999999999997,0.647,0.095,0.6509999999999999,0.151,0.113,1,Cl1
qs_2022_top500_common6_424,qs_2022_top500_common6,424,那不勒斯腓特烈二世大学,0.011000000000000001,0.012,0.051,0.5710000000000001,0.325,0.146,1,Cl1
qs_2022_top500_common6_424,qs_2022_top500_common6,424,威特沃特斯兰德大学,0.095,0.7609999999999999,0.124,0.364,0.249,0.303,1,Cl1
qs_2022_top500_common6_427,qs_2022_top500_common6,427,美因茨大学,0.196,0.152,0.545,0.203,0.218,0.15,1,Cl1
qs_2022_top500_common6_427,qs_2022_top500_common6,427,华盛顿州立大学,0.073,0.494,0.151,0.38,0.27,0.262,1,Cl1
qs_2022_top500_common6_429,qs_2022_top500_common6,429,牛津布鲁克斯大学,0.654,0.5539999999999999,0.139,0.10300000000000001,0.266,0.531,1,Cl1
qs_2022_top500_common6_429,qs_2022_top500_common6,429,维克森林大学,0.14800000000000002,0.02,1.0,0.14,0.057999999999999996,0.081,1,Cl1
qs_2022_top500_common6_431,qs_2022_top500_common6,431,科罗拉多州立大学,0.066,0.1,0.594,0.20600000000000002,0.195,0.209,1,Cl1
qs_2022_top500_common6_431,qs_2022_top500_common6,431,伦斯勒理工学院,0.57,0.018000000000000002,0.267,0.6970000000000001,0.092,0.079,1,Cl1
qs_2022_top500_common6_431,qs_2022_top500_common6,431,新里斯本大学,0.57,0.083,0.251,0.264,0.271,0.22699999999999998,1,Cl1
qs_2022_top500_common6_434,qs_2022_top500_common6,434,圣保罗联邦大学（UNIFESP）,0.017,0.019,0.9740000000000001,0.08199999999999999,0.11900000000000001,0.055,1,Cl1
qs_2022_top500_common6_434,qs_2022_top500_common6,434,约翰内斯堡大学,0.5589999999999999,0.9209999999999999,0.40700000000000003,0.16899999999999998,0.145,0.18600000000000003,1,Cl1
qs_2022_top500_common6_436,qs_2022_top500_common6,436,上海大学,0.07400000000000001,0.371,0.505,0.183,0.24,0.08900000000000001,1,Cl1
qs_2022_top500_common6_436,qs_2022_top500_common6,436,杜兰大学,0.165,0.053,0.903,0.14300000000000002,0.10099999999999999,0.048,1,Cl1
qs_2022_top500_common6_436,qs_2022_top500_common6,436,堪培拉大学,0.851,0.997,0.032,0.49200000000000005,0.14,0.113,1,Cl1
qs_2022_top500_common6_439,qs_2022_top500_common6,439,埃克塞斯大学,0.9890000000000001,1.0,0.11599999999999999,0.304,0.175,0.109,1,Cl1
qs_2022_top500_common6_440,qs_2022_top500_common6,440,斯旺西大学,0.531,0.652,0.32299999999999995,0.25,0.158,0.245,1,Cl1
qs_2022_top500_common6_440,qs_2022_top500_common6,440,塞浦路斯大学,0.243,0.727,0.055,0.812,0.09,0.042,1,Cl1
qs_2022_top500_common6_440,qs_2022_top500_common6,440,特伦托大学,0.059000000000000004,0.133,0.166,0.5479999999999999,0.249,0.10099999999999999,1,Cl1
qs_2022_top500_common6_440,qs_2022_top500_common6,440,特罗姆瑟大学,0.09,0.633,0.754,0.091,0.132,0.04,1,Cl1
qs_2022_top500_common6_444,qs_2022_top500_common6,444,伊利诺伊理工学院,0.987,0.10300000000000001,0.142,0.5479999999999999,0.151,0.08,1,Cl1
qs_2022_top500_common6_445,qs_2022_top500_common6,445,韩国外国语大学,0.395,0.161,0.79,0.016,0.11699999999999999,0.23800000000000002,1,Cl1
qs_2022_top500_common6_445,qs_2022_top500_common6,445,开罗美国大学,0.037000000000000005,0.92,0.37799999999999995,0.042,0.268,0.209,1,Cl1
qs_2022_top500_common6_447,qs_2022_top500_common6,447,乌尔库拉大学（UQU）,0.201,1.0,0.625,0.018000000000000002,0.149,0.10400000000000001,1,Cl1
qs_2022_top500_common6_447,qs_2022_top500_common6,447,萨尔大学,0.425,0.019,0.825,0.09,0.11599999999999999,0.077,1,Cl1
qs_2022_top500_common6_451,qs_2022_top500_common6,451,奥克兰理工大学,1.0,1.0,0.11900000000000001,0.156,0.203,0.20600000000000002,1,Cl1
qs_2022_top500_common6_451,qs_2022_top500_common6,451,邦德大学,0.99,0.99,0.46299999999999997,0.191,0.048,0.075,1,Cl1
qs_2022_top500_common6_451,qs_2022_top500_common6,451,四川大学,0.061,0.032,0.18899999999999997,0.6970000000000001,0.177,0.047,1,Cl1
qs_2022_top500_common6_451,qs_2022_top500_common6,451,佛罗伦萨大学,0.19899999999999998,0.027000000000000003,0.06,0.48200000000000004,0.325,0.073,1,Cl1
qs_2022_top500_common6_455,qs_2022_top500_common6,455,布兰迪斯大学,0.815,0.106,0.521,0.28800000000000003,0.109,0.045,1,Cl1
qs_2022_top500_common6_455,qs_2022_top500_common6,455,科英布拉大学,0.488,0.036000000000000004,0.168,0.32,0.28600000000000003,0.17300000000000001,1,Cl1
qs_2022_top500_common6_455,qs_2022_top500_common6,455,University of Iowa,0.091,0.07,0.461,0.29100000000000004,0.207,0.149,1,Cl1
qs_2022_top500_common6_458,qs_2022_top500_common6,458,萨斯喀彻温大学,0.524,0.6779999999999999,0.267,0.41,0.11800000000000001,0.12,1,Cl1
qs_2022_top500_common6_459,qs_2022_top500_common6,459,马德里理工大学,0.35600000000000004,0.013999999999999999,0.193,0.114,0.302,0.532,1,Cl1
qs_2022_top500_common6_459,qs_2022_top500_common6,459,圣加仑大学（HSG）,0.785,1.0,0.063,0.321,0.092,0.506,1,Cl1
qs_2022_top500_common6_461,qs_2022_top500_common6,461,科罗拉多矿业学院,0.151,0.091,0.284,0.705,0.08199999999999999,0.105,1,Cl1
qs_2022_top500_common6_461,qs_2022_top500_common6,461,远东联邦大学,0.679,0.063,0.9059999999999999,0.02,0.068,0.032,1,Cl1
qs_2022_top500_common6_461,qs_2022_top500_common6,461,伦敦大学金史密斯学院,0.973,0.85,0.183,0.213,0.184,0.087,1,Cl1
qs_2022_top500_common6_465,qs_2022_top500_common6,465,艾尔朗加大学,0.022000000000000002,0.028999999999999998,0.44,0.012,0.27399999999999997,0.493,1,Cl1
qs_2022_top500_common6_465,qs_2022_top500_common6,465,技术Amirkabir大学,0.023,0.067,0.048,0.993,0.054000000000000006,0.18,1,Cl1
qs_2022_top500_common6_465,qs_2022_top500_common6,465,东南大学,0.043,0.027000000000000003,0.336,0.638,0.12,0.055999999999999994,1,Cl1
qs_2022_top500_common6_465,qs_2022_top500_common6,465,贝尔格拉诺大学,0.3,0.021,0.91,0.01,0.08,0.196,1,Cl1
qs_2022_top500_common6_469,qs_2022_top500_common6,469,国立台北理工大学,0.25,0.10400000000000001,0.32899999999999996,0.327,0.138,0.47100000000000003,1,Cl1
qs_2022_top500_common6_469,qs_2022_top500_common6,469,蒙得维的亚大学,0.038,0.11900000000000001,0.809,0.011000000000000001,0.147,0.198,1,Cl1
qs_2022_top500_common6_471,qs_2022_top500_common6,471,本·古里安大学,0.183,0.563,0.139,0.5579999999999999,0.14400000000000002,0.153,1,Cl1
qs_2022_top500_common6_471,qs_2022_top500_common6,471,哈瑟尔特大学,0.248,0.498,0.76,0.193,0.045,0.04,1,Cl1
qs_2022_top500_common6_471,qs_2022_top500_common6,471,乌拉圭大学,0.02,0.086,0.895,0.012,0.113,0.184,1,Cl1
qs_2022_top500_common6_471,qs_2022_top500_common6,471,斯特林大学,0.732,0.633,0.172,0.442,0.11599999999999999,0.126,1,Cl1
qs_2022_top500_common6_475,qs_2022_top500_common6,475,佛罗里达州立大学,0.045,0.057,0.098,0.36,0.28300000000000003,0.389,1,Cl1
qs_2022_top500_common6_476,qs_2022_top500_common6,476,密苏里大学,0.055999999999999994,0.41700000000000004,0.461,0.249,0.165,0.16699999999999998,1,Cl1
qs_2022_top500_common6_477,qs_2022_top500_common6,477,巴伊兰大学,0.067,0.40299999999999997,0.077,0.8170000000000001,0.094,0.07400000000000001,1,Cl1
qs_2022_top500_common6_477,qs_2022_top500_common6,477,千叶大学,0.06,0.022000000000000002,0.732,0.12,0.163,0.07,1,Cl1
qs_2022_top500_common6_477,qs_2022_top500_common6,477,德克萨斯大学达拉斯分校,0.461,0.026000000000000002,0.048,0.667,0.155,0.17800000000000002,1,Cl1
qs_2022_top500_common6_480,qs_2022_top500_common6,480,长庚大学,0.062,0.015,0.6559999999999999,0.441,0.047,0.043,1,Cl1
qs_2022_top500_common6_480,qs_2022_top500_common6,480,列日大学,0.528,0.336,0.19,0.341,0.19,0.20600000000000002,1,Cl1
qs_2022_top500_common6_482,qs_2022_top500_common6,482,南哈萨克斯坦国立大学（SKSU）,0.207,0.055,0.9079999999999999,0.01,0.096,0.099,1,Cl1
qs_2022_top500_common6_482,qs_2022_top500_common6,482,斯泰伦博斯大学,0.09699999999999999,0.08900000000000001,0.036000000000000004,0.517,0.245,0.27399999999999997,1,Cl1
qs_2022_top500_common6_482,qs_2022_top500_common6,482,韩国加图立大学,0.043,0.012,0.9790000000000001,0.122,0.048,0.025,1,Cl1
qs_2022_top500_common6_485,qs_2022_top500_common6,485,阿斯顿大学,0.314,0.9740000000000001,0.12,0.385,0.125,0.28800000000000003,1,Cl1
qs_2022_top500_common6_485,qs_2022_top500_common6,485,都灵大学（UNITO）,0.10800000000000001,0.023,0.035,0.429,0.342,0.079,1,Cl1
qs_2022_top500_common6_487,qs_2022_top500_common6,487,国立科技大学“MISIS”,0.633,0.046,0.706,0.113,0.085,0.113,1,Cl1
qs_2022_top500_common6_487,qs_2022_top500_common6,487,智利圣地亚哥大学,0.025,0.023,0.08800000000000001,0.048,0.376,0.631,1,Cl1
qs_2022_top500_common6_487,qs_2022_top500_common6,487,横滨市立大学,0.024,0.015,0.998,0.10099999999999999,0.046,0.028999999999999998,1,Cl1
qs_2022_top500_common6_490,qs_2022_top500_common6,490,都柏林城市大学,0.258,0.7070000000000001,0.307,0.138,0.187,0.301,1,Cl1
qs_2022_top500_common6_490,qs_2022_top500_common6,490,吉森大学,0.11599999999999999,0.052000000000000005,0.015,0.872,0.12,0.083,1,Cl1
qs_2022_top500_common6_492,qs_2022_top500_common6,492,圣保罗州立大学,0.04,0.019,0.253,0.155,0.337,0.21899999999999997,1,Cl1
qs_2022_top500_common6_492,qs_2022_top500_common6,492,格拉纳达大学,0.184,0.015,0.073,0.233,0.4,0.09699999999999999,1,Cl1
qs_2022_top500_common6_494,qs_2022_top500_common6,494,西悉尼大学,0.508,1.0,0.057,0.3,0.177,0.225,1,Cl1
qs_2022_top500_common6_494,qs_2022_top500_common6,494,波士顿学院,0.18100000000000002,0.049,0.298,0.29100000000000004,0.223,0.21600000000000003,1,Cl1
qs_2022_top500_common6_494,qs_2022_top500_common6,494,东国大学,0.212,0.036000000000000004,0.828,0.07400000000000001,0.094,0.094,1,Cl1
qs_2022_top500_common6_494,qs_2022_top500_common6,494,爱荷华州立大学,0.124,0.025,0.10099999999999999,0.604,0.193,0.14300000000000002,1,Cl1
qs_2022_top500_common6_494,qs_2022_top500_common6,494,西江大学,0.302,0.027999999999999997,0.47200000000000003,0.091,0.182,0.384,1,Cl1
qs_2022_top500_common6_494,qs_2022_top500_common6,494,罗马第二大学,0.289,0.021,0.06,0.377,0.307,0.146,1,Cl1
