alternative_id,dataset_id,rank,university_name_raw,g1,g2,g3,g4,g5,g6,g7,g8,g9,g10,class_index,class_label
qs_2026_top500_all10_1,qs_2026_top500_all10,1,麻省理工学院 United States,0.9159999999999999,0.941,1.0,1.0,1.0,1.0,1.0,1.0,0.938,0.9229999999999999,5,Cl5
qs_2026_top500_all10_2,qs_2026_top500_all10,2,帝国理工学院,1.0,0.975,1.0,0.993,0.95,0.996,1.0,0.9590000000000001,0.983,1.0,5,Cl5
qs_2026_top500_all10_3,qs_2026_top500_all10,3,斯坦福大学,0.735,0.965,0.9420000000000001,1.0,0.997,1.0,1.0,1.0,0.9540000000000001,0.7609999999999999,5,Cl5
qs_2026_top500_all10_4,qs_2026_top500_all10,4,牛津大学,0.986,1.0,0.988,1.0,0.91,1.0,1.0,1.0,0.779,0.987,5,Cl5
qs_2026_top500_all10_5,qs_2026_top500_all10,5,哈佛大学,0.8140000000000001,0.9940000000000001,0.7909999999999999,0.983,1.0,1.0,1.0,1.0,0.778,0.606,5,Cl5
qs_2026_top500_all10_6,qs_2026_top500_all10,6,剑桥大学,0.9309999999999999,0.992,1.0,1.0,0.8859999999999999,1.0,1.0,1.0,0.784,0.9359999999999999,5,Cl5
qs_2026_top500_all10_7,qs_2026_top500_all10,7,苏黎世联邦理工大学（瑞士联邦理工学院）,0.993,0.958,1.0,0.7170000000000001,0.988,0.997,0.963,0.95,0.996,0.7390000000000001,5,Cl5
qs_2026_top500_all10_8,qs_2026_top500_all10,8,新加坡国立大学,0.9690000000000001,0.924,1.0,0.715,0.9590000000000001,0.9990000000000001,0.982,1.0,0.9,0.721,5,Cl5
qs_2026_top500_all10_9,qs_2026_top500_all10,9,伦敦大学学院,1.0,0.9990000000000001,0.996,0.948,0.809,0.9990000000000001,0.9940000000000001,0.893,0.985,1.0,5,Cl5
qs_2026_top500_all10_10,qs_2026_top500_all10,10,加州理工大学（Caltech),0.907,0.618,1.0,1.0,1.0,0.983,0.992,0.491,0.792,0.914,5,Cl5
qs_2026_top500_all10_11,qs_2026_top500_all10,11,香港大学（HKU）,1.0,0.823,1.0,0.853,0.966,0.993,0.825,0.998,0.848,1.0,5,Cl5
qs_2026_top500_all10_12,qs_2026_top500_all10,12,南洋理工大学,0.9309999999999999,0.8690000000000001,1.0,0.8390000000000001,0.946,0.971,0.914,0.877,0.872,0.9359999999999999,5,Cl5
qs_2026_top500_all10_13,qs_2026_top500_all10,13,芝加哥大学,0.9279999999999999,0.877,0.861,0.973,0.7809999999999999,0.998,0.993,0.998,0.733,0.691,5,Cl5
qs_2026_top500_all10_14,qs_2026_top500_all10,14,北京大学,0.373,0.8320000000000001,0.599,0.9620000000000001,0.992,0.9990000000000001,0.996,0.97,0.706,0.27899999999999997,5,Cl5
qs_2026_top500_all10_15,qs_2026_top500_all10,15,宾夕法尼亚大学,0.763,0.894,0.9690000000000001,0.9990000000000001,0.72,0.9890000000000001,0.987,1.0,0.95,0.7859999999999999,5,Cl5
qs_2026_top500_all10_16,qs_2026_top500_all10,16,康奈尔大学,0.757,0.93,0.5760000000000001,0.643,0.98,0.995,0.988,0.993,0.768,0.564,5,Cl5
qs_2026_top500_all10_17,qs_2026_top500_all10,17,加州大学伯克利分校,0.706,0.9670000000000001,0.956,0.294,0.972,1.0,1.0,0.998,0.988,0.526,5,Cl5
qs_2026_top500_all10_18,qs_2026_top500_all10,18,清华大学,0.319,0.804,0.395,0.971,0.996,0.9990000000000001,0.997,0.97,0.687,0.239,5,Cl5
qs_2026_top500_all10_19,qs_2026_top500_all10,19,墨尔本大学,1.0,0.9690000000000001,0.9670000000000001,0.205,0.948,0.997,0.9740000000000001,0.983,0.982,0.7440000000000001,5,Cl5
qs_2026_top500_all10_20,qs_2026_top500_all10,20,新南威尔士大学（UNSW）,0.9990000000000001,0.976,1.0,0.299,0.9690000000000001,0.963,0.935,0.987,0.97,0.9990000000000001,5,Cl5
qs_2026_top500_all10_21,qs_2026_top500_all10,21,耶鲁大学,0.727,0.929,0.867,1.0,0.648,1.0,1.0,0.998,0.8240000000000001,0.754,5,Cl5
qs_2026_top500_all10_22,qs_2026_top500_all10,22,洛桑联邦理工学院（EPFL),1.0,0.836,1.0,0.9,0.9309999999999999,0.927,0.88,0.473,0.853,1.0,5,Cl5
qs_2026_top500_all10_23,qs_2026_top500_all10,23,慕尼黑工业大学,0.9890000000000001,0.9590000000000001,0.863,0.705,0.9259999999999999,0.92,0.997,0.573,0.878,0.9890000000000001,5,Cl5
qs_2026_top500_all10_24,qs_2026_top500_all10,24,约翰霍普金斯大学,0.9420000000000001,0.9740000000000001,0.708,1.0,0.858,0.932,0.792,0.841,0.93,0.946,5,Cl5
qs_2026_top500_all10_25,qs_2026_top500_all10,25,普林斯顿大学,0.7,0.826,0.127,0.6729999999999999,1.0,1.0,0.998,0.9890000000000001,0.76,0.522,5,Cl5
qs_2026_top500_all10_26,qs_2026_top500_all10,26,悉尼大学,1.0,0.955,0.9990000000000001,0.157,0.943,0.9890000000000001,0.9420000000000001,0.958,0.976,1.0,5,Cl5
qs_2026_top500_all10_27,qs_2026_top500_all10,27,麦吉尔大学,0.935,0.929,0.8859999999999999,0.6729999999999999,0.7240000000000001,0.981,0.935,0.9890000000000001,0.963,0.696,5,Cl5
qs_2026_top500_all10_28,qs_2026_top500_all10,28,巴黎科学艺术人文大学,0.755,0.997,0.696,0.986,0.851,0.826,0.985,0.975,0.878,0.779,5,Cl5
qs_2026_top500_all10_29,qs_2026_top500_all10,29,多伦多大学,0.9790000000000001,0.97,0.9790000000000001,0.457,0.688,1.0,0.991,0.9940000000000001,1.0,0.98,5,Cl5
qs_2026_top500_all10_30,qs_2026_top500_all10,30,复旦大学,0.46399999999999997,0.755,0.885,0.848,0.9279999999999999,0.937,0.951,0.733,0.831,0.514,5,Cl5
qs_2026_top500_all10_31,qs_2026_top500_all10,31,伦敦国王学院,0.99,0.9840000000000001,0.995,0.7440000000000001,0.7020000000000001,0.9620000000000001,0.9179999999999999,0.764,0.965,0.99,5,Cl5
qs_2026_top500_all10_32,qs_2026_top500_all10,32,澳大利亚国立大学（ANU),0.99,0.9309999999999999,1.0,0.409,0.917,0.9790000000000001,0.826,0.6709999999999999,0.9179999999999999,0.991,5,Cl5
qs_2026_top500_all10_33,qs_2026_top500_all10,33,香港中文大学,0.9329999999999999,0.682,1.0,0.759,0.95,0.9420000000000001,0.6729999999999999,0.912,0.841,0.903,5,Cl5
qs_2026_top500_all10_34,qs_2026_top500_all10,34,爱丁堡大学,0.9990000000000001,0.995,0.997,0.773,0.5429999999999999,0.996,0.982,0.6970000000000001,0.983,0.9990000000000001,5,Cl5
qs_2026_top500_all10_35,qs_2026_top500_all10,35,曼彻斯特大学,0.995,0.9940000000000001,0.953,0.5820000000000001,0.568,0.986,0.988,0.919,0.982,0.995,5,Cl5
qs_2026_top500_all10_36,qs_2026_top500_all10,36,东京大学,0.44,0.888,0.159,0.924,0.6990000000000001,1.0,0.9990000000000001,1.0,0.9229999999999999,0.49200000000000005,5,Cl5
qs_2026_top500_all10_37,qs_2026_top500_all10,37,蒙纳士大学,1.0,0.9470000000000001,1.0,0.113,0.93,0.9570000000000001,0.875,0.867,0.917,1.0,5,Cl5
qs_2026_top500_all10_38,qs_2026_top500_all10,38,哥伦比亚大学,0.981,0.9840000000000001,0.485,1.0,0.445,0.9990000000000001,0.9990000000000001,1.0,0.779,0.7290000000000001,5,Cl5
qs_2026_top500_all10_39,qs_2026_top500_all10,39,首尔国立大学,0.275,0.7759999999999999,0.132,0.856,0.812,0.997,0.991,1.0,0.9079999999999999,0.335,5,Cl5
qs_2026_top500_all10_40,qs_2026_top500_all10,40,不列颠哥伦比亚大学,0.7979999999999999,0.966,0.985,0.34700000000000003,0.7090000000000001,0.996,0.965,0.8490000000000001,0.985,0.8170000000000001,5,Cl5
qs_2026_top500_all10_41,qs_2026_top500_all10,41,巴黎理工学院,0.992,0.93,0.9990000000000001,0.948,0.973,0.581,0.998,0.991,0.779,0.992,5,Cl5
qs_2026_top500_all10_42,qs_2026_top500_all10,42,昆士兰大学（UQ）,1.0,0.97,1.0,0.265,0.9420000000000001,0.943,0.795,0.6659999999999999,0.925,1.0,5,Cl5
qs_2026_top500_all10_43,qs_2026_top500_all10,43,西北大学,0.672,0.865,0.5770000000000001,0.991,0.7120000000000001,0.922,0.894,0.995,0.7440000000000001,0.5,5,Cl5
qs_2026_top500_all10_44,qs_2026_top500_all10,44,香港科技大学（HKUST),0.993,0.495,1.0,0.675,1.0,0.894,0.6970000000000001,0.7659999999999999,0.797,0.99,5,Cl5
qs_2026_top500_all10_45,qs_2026_top500_all10,45,密歇根大学,0.561,0.96,0.7390000000000001,0.857,0.545,0.993,0.985,0.991,0.772,0.603,5,Cl5
qs_2026_top500_all10_46,qs_2026_top500_all10,46,加州大学洛杉矶分校,0.318,0.935,0.508,0.436,0.843,1.0,1.0,0.98,0.78,0.377,5,Cl5
qs_2026_top500_all10_47,qs_2026_top500_all10,47,代尔夫特理工大学,0.948,0.938,1.0,0.491,0.846,0.862,0.904,0.66,0.963,0.951,5,Cl5
qs_2026_top500_all10_48,qs_2026_top500_all10,48,上海交通大学,0.191,0.777,0.409,0.645,1.0,0.927,0.938,0.882,0.825,0.14400000000000002,5,Cl5
qs_2026_top500_all10_49,qs_2026_top500_all10,49,浙江大学,0.235,0.94,0.941,0.53,1.0,0.87,0.972,0.7440000000000001,0.63,0.177,5,Cl5
qs_2026_top500_all10_50,qs_2026_top500_all10,50,延世大学,0.743,0.78,0.305,0.843,0.679,0.9159999999999999,0.978,0.9440000000000001,0.877,0.767,5,Cl5
qs_2026_top500_all10_51,qs_2026_top500_all10,51,布里斯托大学,0.9570000000000001,0.953,0.907,0.36700000000000005,0.8320000000000001,0.873,0.894,0.631,0.97,0.96,5,Cl5
qs_2026_top500_all10_52,qs_2026_top500_all10,52,卡内基梅隆大学,0.987,0.792,0.524,0.511,0.986,0.8009999999999999,0.9440000000000001,0.799,0.662,0.7340000000000001,5,Cl5
qs_2026_top500_all10_53,qs_2026_top500_all10,53,阿姆斯特丹大学,0.958,0.951,0.988,0.275,0.872,0.925,0.726,0.903,0.64,0.713,5,Cl5
qs_2026_top500_all10_54,qs_2026_top500_all10,54,香港理工大学,0.988,0.828,1.0,0.7709999999999999,0.987,0.812,0.475,0.741,0.8079999999999999,0.9790000000000001,5,Cl5
qs_2026_top500_all10_55,qs_2026_top500_all10,55,纽约大学（NYU）,0.997,0.935,0.331,0.89,0.317,0.986,0.9990000000000001,0.995,0.9129999999999999,0.997,5,Cl5
qs_2026_top500_all10_56,qs_2026_top500_all10,56,伦敦经济政治学院,1.0,0.764,1.0,0.47200000000000003,0.64,0.8059999999999999,0.9940000000000001,0.9990000000000001,0.927,1.0,5,Cl5
qs_2026_top500_all10_57,qs_2026_top500_all10,57,京都大学,0.292,0.855,0.22899999999999998,0.943,0.509,0.997,0.993,0.8590000000000001,0.84,0.35100000000000003,5,Cl5
qs_2026_top500_all10_58,qs_2026_top500_all10,58,路德维希 - 马克西米利安 - 慕尼黑大学,0.532,0.955,0.8029999999999999,0.41,0.623,0.971,0.955,0.768,0.87,0.5760000000000001,5,Cl5
qs_2026_top500_all10_59,qs_2026_top500_all10,59,马来亚大学（UM）,0.868,0.929,0.6920000000000001,0.742,0.474,0.9229999999999999,0.9670000000000001,0.777,0.847,0.873,5,Cl5
qs_2026_top500_all10_60,qs_2026_top500_all10,60,鲁汶大学,0.6509999999999999,0.995,0.958,0.096,0.9470000000000001,0.93,0.635,0.835,0.9470000000000001,0.485,5,Cl5
qs_2026_top500_all10_61,qs_2026_top500_all10,61,高丽大学,0.64,0.677,0.245,0.77,0.682,0.892,0.9540000000000001,0.9359999999999999,0.8590000000000001,0.675,5,Cl5
qs_2026_top500_all10_62,qs_2026_top500_all10,62,杜克大学,0.62,0.9079999999999999,0.28300000000000003,1.0,0.47100000000000003,0.929,0.91,0.956,0.7759999999999999,0.462,5,Cl5
qs_2026_top500_all10_63,qs_2026_top500_all10,63,台湾大学,0.5920000000000001,0.6709999999999999,0.253,0.38799999999999996,0.7090000000000001,0.977,0.9420000000000001,1.0,0.884,0.631,5,Cl5
qs_2026_top500_all10_64,qs_2026_top500_all10,64,香港城市大学,1.0,0.645,1.0,0.948,1.0,0.755,0.467,0.485,0.752,1.0,5,Cl5
qs_2026_top500_all10_65,qs_2026_top500_all10,65,奥克兰大学,0.955,0.888,1.0,0.17600000000000002,0.7909999999999999,0.917,0.552,0.9690000000000001,0.9570000000000001,0.958,5,Cl5
qs_2026_top500_all10_66,qs_2026_top500_all10,66,加州大学圣地亚哥分校,0.47,0.94,0.43799999999999994,0.544,0.8029999999999999,0.94,0.802,0.408,0.723,0.52,5,Cl5
qs_2026_top500_all10_67,qs_2026_top500_all10,67,法赫德法国石油和矿物大学（KFUPM）,0.762,0.81,1.0,0.924,0.932,0.535,0.7559999999999999,0.978,0.627,0.7659999999999999,5,Cl5
qs_2026_top500_all10_68,qs_2026_top500_all10,68,德克萨斯大学奥斯汀分校,0.191,0.905,0.091,0.107,0.8540000000000001,0.976,0.968,0.9390000000000001,0.706,0.14400000000000002,5,Cl5
qs_2026_top500_all10_69,qs_2026_top500_all10,69,布朗大学,0.67,0.8009999999999999,0.91,0.845,0.8220000000000001,0.7240000000000001,0.643,0.8190000000000001,0.726,0.7020000000000001,5,Cl5
qs_2026_top500_all10_70,qs_2026_top500_all10,70,巴黎萨克雷大学,0.727,0.985,0.45899999999999996,0.9990000000000001,0.424,0.753,0.9940000000000001,0.8290000000000001,0.927,0.754,5,Cl5
qs_2026_top500_all10_71,qs_2026_top500_all10,71,伊利诺伊大学香槟分校,0.701,0.9129999999999999,0.142,0.086,0.816,0.917,0.915,0.925,0.759,0.522,5,Cl5
qs_2026_top500_all10_72,qs_2026_top500_all10,72,隆德大学,0.82,0.971,0.988,0.6809999999999999,0.5660000000000001,0.8009999999999999,0.6409999999999999,0.961,0.988,0.8370000000000001,5,Cl5
qs_2026_top500_all10_73,qs_2026_top500_all10,73,索邦大学,0.6679999999999999,0.9940000000000001,0.355,0.564,0.688,0.932,0.621,0.8420000000000001,0.892,0.7,5,Cl5
qs_2026_top500_all10_74,qs_2026_top500_all10,74,华威大学,0.992,0.938,0.995,0.483,0.436,0.8270000000000001,0.93,0.753,0.846,0.993,5,Cl5
qs_2026_top500_all10_75,qs_2026_top500_all10,75,都柏林三一学院,0.9490000000000001,0.894,1.0,0.287,0.66,0.825,0.6809999999999999,0.953,0.738,0.9520000000000001,5,Cl5
qs_2026_top500_all10_76,qs_2026_top500_all10,76,伯明翰大学,0.934,0.963,0.9670000000000001,0.499,0.561,0.8109999999999999,0.757,0.547,0.9279999999999999,0.9390000000000001,5,Cl5
qs_2026_top500_all10_77,qs_2026_top500_all10,77,西澳大学（UWA）,1.0,0.932,1.0,0.151,0.992,0.69,0.565,0.826,0.8370000000000001,1.0,5,Cl5
qs_2026_top500_all10_78,qs_2026_top500_all10,78,皇家理工学院,0.818,0.917,0.956,0.6829999999999999,0.882,0.602,0.621,0.727,0.898,0.609,5,Cl5
qs_2026_top500_all10_79,qs_2026_top500_all10,79,格拉斯哥大学,0.991,0.97,0.98,0.503,0.44799999999999995,0.883,0.735,0.445,0.9540000000000001,0.991,5,Cl5
qs_2026_top500_all10_80,qs_2026_top500_all10,80,鲁普莱希特-卡尔斯-海德堡大学,0.7140000000000001,0.9470000000000001,0.662,0.998,0.414,0.871,0.722,0.34600000000000003,0.855,0.741,5,Cl5
qs_2026_top500_all10_81,qs_2026_top500_all10,81,华盛顿大学,0.45799999999999996,0.95,0.147,0.49200000000000005,0.6920000000000001,0.9009999999999999,0.748,0.799,0.7490000000000001,0.342,5,Cl5
qs_2026_top500_all10_82,qs_2026_top500_all10,82,宾夕法尼亚州立大学,0.382,0.9740000000000001,0.374,0.29100000000000004,0.672,0.861,0.858,0.792,0.9540000000000001,0.43799999999999994,5,Cl5
qs_2026_top500_all10_83,qs_2026_top500_all10,83,Adelaide University,0.975,0.9670000000000001,1.0,0.305,0.698,0.7829999999999999,0.627,0.7040000000000001,0.861,0.725,5,Cl5
qs_2026_top500_all10_84,qs_2026_top500_all10,84,布宜诺斯艾利斯大学,0.785,0.758,0.723,0.82,0.023,0.981,0.958,0.9990000000000001,0.6609999999999999,0.805,5,Cl5
qs_2026_top500_all10_85,qs_2026_top500_all10,85,东京工业大学,0.434,0.6779999999999999,0.298,0.8759999999999999,0.542,0.85,0.9570000000000001,0.335,0.742,0.466,5,Cl5
qs_2026_top500_all10_86,qs_2026_top500_all10,86,利兹大学,0.963,0.992,0.897,0.397,0.488,0.818,0.821,0.629,0.764,0.965,5,Cl5
qs_2026_top500_all10_87,qs_2026_top500_all10,87,南安普敦大学,0.986,0.9740000000000001,0.968,0.401,0.878,0.626,0.5589999999999999,0.586,0.951,0.986,5,Cl5
qs_2026_top500_all10_88,qs_2026_top500_all10,88,柏林自由大学,0.56,0.9440000000000001,0.738,0.083,0.843,0.883,0.664,0.469,0.654,0.602,5,Cl5
qs_2026_top500_all10_89,qs_2026_top500_all10,89,波士顿大学,0.9279999999999999,0.8490000000000001,0.4,0.406,0.619,0.753,0.867,0.8690000000000001,0.737,0.9329999999999999,5,Cl5
qs_2026_top500_all10_90,qs_2026_top500_all10,90,普渡大学,0.5529999999999999,0.91,0.9640000000000001,0.16399999999999998,0.624,0.743,0.927,0.81,0.884,0.596,5,Cl5
qs_2026_top500_all10_91,qs_2026_top500_all10,91,大阪大学,0.21100000000000002,0.72,0.252,0.456,0.6579999999999999,0.905,0.9,0.514,0.795,0.272,5,Cl5
qs_2026_top500_all10_92,qs_2026_top500_all10,92,谢菲尔德大学,0.98,0.968,0.816,0.503,0.684,0.73,0.617,0.479,0.943,0.981,5,Cl5
qs_2026_top500_all10_93,qs_2026_top500_all10,93,乌普萨拉大学,0.8290000000000001,0.9590000000000001,0.997,0.6629999999999999,0.5589999999999999,0.747,0.48100000000000004,0.8290000000000001,0.9440000000000001,0.845,5,Cl5
qs_2026_top500_all10_94,qs_2026_top500_all10,94,阿尔伯塔大学,0.7859999999999999,0.945,0.9940000000000001,0.446,0.715,0.7090000000000001,0.53,0.7709999999999999,0.907,0.8059999999999999,5,Cl5
qs_2026_top500_all10_95,qs_2026_top500_all10,95,杜伦大学,0.945,0.909,0.992,0.373,0.429,0.741,0.919,0.536,0.9520000000000001,0.9490000000000001,5,Cl5
qs_2026_top500_all10_96,qs_2026_top500_all10,96,悉尼科技大学（UTS）,0.917,0.897,0.976,0.11800000000000001,0.993,0.5870000000000001,0.667,0.523,0.92,0.9229999999999999,5,Cl5
qs_2026_top500_all10_97,qs_2026_top500_all10,97,诺丁汉大学,0.785,0.9740000000000001,0.927,0.445,0.486,0.754,0.784,0.537,0.929,0.8059999999999999,5,Cl5
qs_2026_top500_all10_98,qs_2026_top500_all10,98,卡尔斯鲁厄理工学院,0.569,0.8690000000000001,0.838,0.489,0.7709999999999999,0.5710000000000001,0.8740000000000001,0.615,0.795,0.611,5,Cl5
qs_2026_top500_all10_99,qs_2026_top500_all10,99,米兰理工大学,0.693,0.87,0.7440000000000001,0.09300000000000001,0.539,0.8340000000000001,0.9009999999999999,0.72,0.7290000000000001,0.723,5,Cl5
qs_2026_top500_all10_100,qs_2026_top500_all10,100,苏黎世大学,0.578,0.935,1.0,0.9520000000000001,0.523,0.71,0.435,0.9079999999999999,0.698,0.431,5,Cl5
qs_2026_top500_all10_101,qs_2026_top500_all10,101,哥本哈根大学,0.265,0.98,0.873,0.996,0.366,0.855,0.41700000000000004,0.9440000000000001,0.763,0.19899999999999998,4,Cl4
qs_2026_top500_all10_102,qs_2026_top500_all10,102,浦项科技大学,0.042,0.29600000000000004,0.316,0.9990000000000001,0.983,0.613,0.833,0.16,0.643,0.083,4,Cl4
qs_2026_top500_all10_103,qs_2026_top500_all10,103,南京大学,0.159,0.695,0.8290000000000001,0.37200000000000005,0.99,0.721,0.612,0.397,0.595,0.12,4,Cl4
qs_2026_top500_all10_104,qs_2026_top500_all10,104,乌得勒支大学,0.305,0.978,0.634,0.395,0.779,0.7929999999999999,0.49200000000000005,0.732,0.7509999999999999,0.228,4,Cl4
qs_2026_top500_all10_105,qs_2026_top500_all10,105,罗蒙诺索夫莫斯科国立大学,0.96,0.87,0.255,0.9990000000000001,0.073,0.8370000000000001,0.879,0.983,0.488,0.961,4,Cl4
qs_2026_top500_all10_106,qs_2026_top500_all10,106,亚琛工业大学,0.93,0.86,0.596,0.107,0.797,0.5770000000000001,0.9570000000000001,0.5589999999999999,0.8290000000000001,0.935,4,Cl4
qs_2026_top500_all10_107,qs_2026_top500_all10,107,丹麦技术大学,0.9590000000000001,0.871,1.0,0.9840000000000001,0.909,0.44799999999999995,0.36200000000000004,0.605,0.68,0.961,4,Cl4
qs_2026_top500_all10_108,qs_2026_top500_all10,108,圣保罗大学,0.035,0.953,0.092,0.305,0.40299999999999997,0.973,0.81,0.988,0.89,0.085,4,Cl4
qs_2026_top500_all10_109,qs_2026_top500_all10,109,东北大学,0.19399999999999998,0.701,0.205,0.982,0.355,0.845,0.865,0.365,0.82,0.255,4,Cl4
qs_2026_top500_all10_110,qs_2026_top500_all10,110,伦敦大学皇后玛丽学院（QMUL）,0.9990000000000001,0.919,0.9990000000000001,0.31,0.8340000000000001,0.636,0.47100000000000003,0.401,0.8240000000000001,0.9990000000000001,4,Cl4
qs_2026_top500_all10_111,qs_2026_top500_all10,111,威斯康星大学麦迪逊分校,0.37,0.889,0.5770000000000001,0.843,0.281,0.857,0.631,0.91,0.725,0.426,4,Cl4
qs_2026_top500_all10_112,qs_2026_top500_all10,112,卡塔尔大学,0.986,0.8959999999999999,1.0,0.738,0.733,0.433,0.565,0.9890000000000001,0.722,0.986,4,Cl4
qs_2026_top500_all10_113,qs_2026_top500_all10,113,圣安德鲁斯大学,0.997,0.877,0.988,0.638,0.513,0.615,0.7490000000000001,0.289,0.862,0.997,4,Cl4
qs_2026_top500_all10_114,qs_2026_top500_all10,114,阿尔托大学,0.6,0.809,0.972,0.35100000000000003,0.7959999999999999,0.575,0.561,0.971,0.883,0.639,4,Cl4
qs_2026_top500_all10_115,qs_2026_top500_all10,115,加州大学戴维斯分校,0.619,0.9079999999999999,0.865,0.28300000000000003,0.665,0.727,0.701,0.38,0.7979999999999999,0.6559999999999999,4,Cl4
qs_2026_top500_all10_116,qs_2026_top500_all10,116,赫尔辛基大学,0.131,0.961,0.785,0.669,0.627,0.745,0.377,0.9420000000000001,0.956,0.191,4,Cl4
qs_2026_top500_all10_117,qs_2026_top500_all10,117,智利天主教大学,0.078,0.812,0.42,0.35100000000000003,0.142,0.98,0.986,0.9990000000000001,0.8,0.11900000000000001,4,Cl4
qs_2026_top500_all10_118,qs_2026_top500_all10,118,都柏林大学,0.8959999999999999,0.89,0.995,0.19699999999999998,0.62,0.665,0.5760000000000001,0.922,0.917,0.905,4,Cl4
qs_2026_top500_all10_119,qs_2026_top500_all10,119,奥斯陆大学,0.46,0.968,0.958,0.784,0.677,0.6779999999999999,0.27699999999999997,0.866,0.723,0.34299999999999997,4,Cl4
qs_2026_top500_all10_120,qs_2026_top500_all10,120,滑铁卢大学,0.7659999999999999,0.835,0.815,0.08800000000000001,0.883,0.53,0.742,0.72,0.905,0.789,4,Cl4
qs_2026_top500_all10_121,qs_2026_top500_all10,121,莱顿大学,0.684,0.943,0.897,0.303,0.649,0.804,0.46299999999999997,0.612,0.586,0.509,4,Cl4
qs_2026_top500_all10_122,qs_2026_top500_all10,122,赖斯大学,0.966,0.6629999999999999,0.9129999999999999,0.7490000000000001,0.816,0.506,0.51,0.457,0.815,0.968,4,Cl4
qs_2026_top500_all10_123,qs_2026_top500_all10,123,乔治亚理工学院(Georgia Tech),0.604,0.79,0.215,0.324,0.542,0.76,0.9279999999999999,0.675,0.6609999999999999,0.642,4,Cl4
qs_2026_top500_all10_124,qs_2026_top500_all10,124,印度理工学院德里分校,0.019,0.669,0.032,0.21899999999999997,0.9309999999999999,0.679,0.95,0.505,0.799,0.063,4,Cl4
qs_2026_top500_all10_125,qs_2026_top500_all10,125,皇家墨尔本理工大学,0.9520000000000001,0.831,1.0,0.07200000000000001,0.9129999999999999,0.551,0.603,0.499,0.879,0.955,4,Cl4
qs_2026_top500_all10_126,qs_2026_top500_all10,126,成均馆大学,0.5760000000000001,0.495,0.242,0.838,0.623,0.684,0.7559999999999999,0.442,0.747,0.616,4,Cl4
qs_2026_top500_all10_127,qs_2026_top500_all10,127,马来西亚国立大学（UKM）,0.9470000000000001,0.861,0.501,0.787,0.301,0.762,0.764,0.355,0.747,0.94,4,Cl4
qs_2026_top500_all10_128,qs_2026_top500_all10,128,萨皮恩扎 - 罗马大学,0.14800000000000002,0.9590000000000001,0.04,0.078,0.629,0.907,0.664,0.915,0.8190000000000001,0.209,4,Cl4
qs_2026_top500_all10_129,qs_2026_top500_all10,129,印度理工学院孟买分校,0.016,0.466,0.065,0.161,0.8290000000000001,0.733,0.9670000000000001,0.726,0.752,0.015,4,Cl4
qs_2026_top500_all10_130,qs_2026_top500_all10,130,柏林洪堡大学,0.47600000000000003,0.95,0.757,0.105,0.434,0.943,0.753,0.275,0.584,0.355,4,Cl4
qs_2026_top500_all10_131,qs_2026_top500_all10,131,奥胡斯大学,0.255,0.963,0.9670000000000001,0.424,0.741,0.6829999999999999,0.41700000000000004,0.794,0.732,0.191,4,Cl4
qs_2026_top500_all10_132,qs_2026_top500_all10,132,巴斯大学,0.868,0.853,0.956,0.205,0.759,0.489,0.816,0.507,0.838,0.88,4,Cl4
qs_2026_top500_all10_133,qs_2026_top500_all10,133,中国科学技术大学,0.078,0.7440000000000001,0.149,0.981,0.9940000000000001,0.5760000000000001,0.506,0.428,0.5529999999999999,0.135,4,Cl4
qs_2026_top500_all10_134,qs_2026_top500_all10,134,马来西亚博特拉大学（UPM）,0.9840000000000001,0.868,0.452,0.6679999999999999,0.38299999999999995,0.757,0.7340000000000001,0.23199999999999998,0.6890000000000001,0.985,4,Cl4
qs_2026_top500_all10_135,qs_2026_top500_all10,135,马来西亚理科大学（USM）,0.993,0.925,0.34700000000000003,0.47600000000000003,0.384,0.7759999999999999,0.7979999999999999,0.29100000000000004,0.745,0.993,4,Cl4
qs_2026_top500_all10_136,qs_2026_top500_all10,136,墨西哥国立自治大学,0.054000000000000006,0.9359999999999999,0.1,0.47100000000000003,0.040999999999999995,0.992,0.9590000000000001,0.9790000000000001,0.8220000000000001,0.107,4,Cl4
qs_2026_top500_all10_137,qs_2026_top500_all10,137,纽卡斯尔大学,0.81,0.958,0.925,0.495,0.491,0.629,0.687,0.405,0.909,0.828,4,Cl4
qs_2026_top500_all10_138,qs_2026_top500_all10,138,博洛尼亚大学,0.265,0.956,0.299,0.06,0.519,0.9059999999999999,0.675,0.674,0.8320000000000001,0.325,4,Cl4
qs_2026_top500_all10_139,qs_2026_top500_all10,139,麦考瑞大学,0.973,0.91,1.0,0.136,0.858,0.47700000000000004,0.5670000000000001,0.622,0.9059999999999999,0.975,4,Cl4
qs_2026_top500_all10_140,qs_2026_top500_all10,140,埃因霍芬理工大学,0.9570000000000001,0.743,1.0,0.436,0.8190000000000001,0.405,0.773,0.331,0.741,0.9590000000000001,4,Cl4
qs_2026_top500_all10_141,qs_2026_top500_all10,141,北卡罗来纳大学教堂山,0.25,0.895,0.311,0.856,0.479,0.722,0.555,0.74,0.8390000000000001,0.311,4,Cl4
qs_2026_top500_all10_142,qs_2026_top500_all10,142,鹿特丹伊拉斯谟大学,0.816,0.818,0.818,0.207,0.757,0.494,0.748,0.94,0.622,0.608,4,Cl4
qs_2026_top500_all10_143,qs_2026_top500_all10,143,沙特国王大学（KSU）,0.292,0.968,1.0,0.557,0.6559999999999999,0.5479999999999999,0.5770000000000001,0.9940000000000001,0.631,0.35200000000000004,4,Cl4
qs_2026_top500_all10_144,qs_2026_top500_all10,144,德州农工大学,0.207,0.93,0.28,0.062,0.755,0.7290000000000001,0.815,0.638,0.61,0.156,4,Cl4
qs_2026_top500_all10_145,qs_2026_top500_all10,145,柏林工业大学,0.845,0.89,0.642,0.706,0.34299999999999997,0.6459999999999999,0.794,0.47600000000000003,0.6829999999999999,0.8590000000000001,4,Cl4
qs_2026_top500_all10_146,qs_2026_top500_all10,146,南加州大学,0.812,0.878,0.158,0.196,0.662,0.612,0.696,0.98,0.9209999999999999,0.8290000000000001,4,Cl4
qs_2026_top500_all10_147,qs_2026_top500_all10,147,格罗宁根大学,0.894,0.934,0.9540000000000001,0.562,0.53,0.672,0.41600000000000004,0.535,0.6759999999999999,0.6659999999999999,4,Cl4
qs_2026_top500_all10_148,qs_2026_top500_all10,148,利物浦大学,0.9109999999999999,0.97,0.924,0.373,0.617,0.607,0.488,0.478,0.924,0.9179999999999999,4,Cl4
qs_2026_top500_all10_149,qs_2026_top500_all10,149,斯德哥尔摩大学,0.794,0.9670000000000001,0.83,0.28300000000000003,0.736,0.6509999999999999,0.295,0.905,0.721,0.591,4,Cl4
qs_2026_top500_all10_150,qs_2026_top500_all10,150,开普敦大学,0.27899999999999997,0.977,0.6609999999999999,0.146,0.754,0.5820000000000001,0.623,0.977,0.9209999999999999,0.33899999999999997,4,Cl4
qs_2026_top500_all10_151,qs_2026_top500_all10,151,韦仕敦大学（西安大略大学）,0.687,0.836,1.0,0.052000000000000005,0.935,0.423,0.535,0.98,0.94,0.7170000000000001,4,Cl4
qs_2026_top500_all10_152,qs_2026_top500_all10,152,维也纳大学,0.966,0.963,1.0,0.31,0.222,0.823,0.46399999999999997,0.9279999999999999,0.718,0.968,4,Cl4
qs_2026_top500_all10_153,qs_2026_top500_all10,153,马来西亚工艺大学（UTM）,0.914,0.9059999999999999,0.155,0.588,0.578,0.64,0.721,0.19899999999999998,0.6920000000000001,0.9209999999999999,4,Cl4
qs_2026_top500_all10_154,qs_2026_top500_all10,154,瓦赫宁根大学,0.907,0.972,0.72,0.995,0.5479999999999999,0.55,0.344,0.32899999999999996,0.912,0.915,4,Cl4
qs_2026_top500_all10_155,qs_2026_top500_all10,155,埃克塞特大学,0.778,0.958,0.948,0.42,0.5579999999999999,0.579,0.585,0.409,0.9390000000000001,0.799,4,Cl4
qs_2026_top500_all10_156,qs_2026_top500_all10,156,日内瓦大学,0.986,0.9209999999999999,1.0,0.474,0.703,0.5529999999999999,0.348,0.631,0.665,0.986,4,Cl4
qs_2026_top500_all10_157,qs_2026_top500_all10,157,兰卡斯特大学,0.9329999999999999,0.87,0.9640000000000001,0.361,0.775,0.512,0.45799999999999996,0.382,0.892,0.938,4,Cl4
qs_2026_top500_all10_158,qs_2026_top500_all10,158,巴塞尔大学,0.914,0.904,1.0,0.7020000000000001,0.9420000000000001,0.34,0.207,0.7490000000000001,0.884,0.68,4,Cl4
qs_2026_top500_all10_159,qs_2026_top500_all10,159,汉阳大学,0.701,0.655,0.237,0.8170000000000001,0.429,0.5820000000000001,0.8190000000000001,0.545,0.828,0.73,4,Cl4
qs_2026_top500_all10_160,qs_2026_top500_all10,160,巴塞罗那大学,0.408,0.9640000000000001,0.39899999999999997,0.19,0.478,0.8490000000000001,0.489,0.77,0.847,0.462,4,Cl4
qs_2026_top500_all10_161,qs_2026_top500_all10,161,密歇根州立大学,0.21100000000000002,0.976,0.672,0.139,0.612,0.6729999999999999,0.629,0.7559999999999999,0.9420000000000001,0.273,4,Cl4
qs_2026_top500_all10_162,qs_2026_top500_all10,162,根特大学,0.33799999999999997,0.992,0.8340000000000001,0.845,0.324,0.682,0.391,0.8490000000000001,0.94,0.395,4,Cl4
qs_2026_top500_all10_163,qs_2026_top500_all10,163,阿卜杜勒·阿齐兹国王大学（KAU）,0.092,0.95,0.831,0.414,0.478,0.675,0.7659999999999999,0.449,0.775,0.149,4,Cl4
qs_2026_top500_all10_164,qs_2026_top500_all10,164,名古屋大学,0.276,0.66,0.226,0.8420000000000001,0.382,0.742,0.715,0.392,0.741,0.336,4,Cl4
qs_2026_top500_all10_165,qs_2026_top500_all10,165,查尔姆斯理工大学,0.743,0.77,1.0,0.595,0.809,0.34600000000000003,0.5660000000000001,0.5329999999999999,0.8270000000000001,0.768,4,Cl4
qs_2026_top500_all10_166,qs_2026_top500_all10,166,哈萨克国立大学,0.8320000000000001,0.757,0.809,0.996,0.021,0.607,0.863,0.662,0.628,0.7929999999999999,4,Cl4
qs_2026_top500_all10_167,qs_2026_top500_all10,167,华盛顿大学在圣路易斯,0.818,0.748,0.9309999999999999,0.998,0.626,0.465,0.257,0.551,0.858,0.835,4,Cl4
qs_2026_top500_all10_168,qs_2026_top500_all10,168,蒙特利尔大学,0.664,0.887,0.915,0.795,0.263,0.6609999999999999,0.44,0.654,0.899,0.696,4,Cl4
qs_2026_top500_all10_169,qs_2026_top500_all10,169,约克大学,0.754,0.96,0.924,0.5579999999999999,0.5379999999999999,0.568,0.423,0.41,0.932,0.778,4,Cl4
qs_2026_top500_all10_170,qs_2026_top500_all10,170,北海道大学,0.205,0.775,0.282,0.768,0.42700000000000005,0.715,0.688,0.264,0.785,0.266,4,Cl4
qs_2026_top500_all10_171,qs_2026_top500_all10,171,九州大学,0.39,0.764,0.245,0.871,0.342,0.713,0.721,0.209,0.748,0.445,4,Cl4
qs_2026_top500_all10_172,qs_2026_top500_all10,172,巴塞罗那自治大学,0.272,0.937,0.265,0.152,0.762,0.764,0.42100000000000004,0.304,0.903,0.33299999999999996,4,Cl4
qs_2026_top500_all10_173,qs_2026_top500_all10,173,麦克马斯特大学,0.6629999999999999,0.843,0.946,0.618,0.5660000000000001,0.525,0.436,0.6,0.866,0.696,4,Cl4
qs_2026_top500_all10_174,qs_2026_top500_all10,174,亚利桑那州立大学,0.532,0.9520000000000001,0.725,0.095,0.615,0.639,0.633,0.42200000000000004,0.858,0.5770000000000001,4,Cl4
qs_2026_top500_all10_175,qs_2026_top500_all10,175,智利大学,0.081,0.779,0.122,0.109,0.182,0.919,0.92,0.976,0.695,0.131,4,Cl4
qs_2026_top500_all10_176,qs_2026_top500_all10,176,国立清华大学,0.373,0.42100000000000004,0.267,0.342,0.735,0.67,0.7709999999999999,0.254,0.578,0.40399999999999997,4,Cl4
qs_2026_top500_all10_177,qs_2026_top500_all10,177,哈利法大学,0.83,0.8109999999999999,1.0,0.8320000000000001,0.8390000000000001,0.34299999999999997,0.428,0.126,0.6809999999999999,0.825,4,Cl4
qs_2026_top500_all10_178,qs_2026_top500_all10,178,同济大学,0.474,0.746,0.9259999999999999,0.312,0.996,0.452,0.41200000000000003,0.33399999999999996,0.772,0.524,4,Cl4
qs_2026_top500_all10_179,qs_2026_top500_all10,179,加州大学圣芭芭拉分校,0.275,0.754,0.813,0.09300000000000001,0.99,0.653,0.324,0.256,0.652,0.20600000000000002,4,Cl4
qs_2026_top500_all10_180,qs_2026_top500_all10,180,印度理工学院马德拉斯分校,0.032,0.456,0.031,0.213,0.902,0.568,0.858,0.45799999999999996,0.73,0.07400000000000001,4,Cl4
qs_2026_top500_all10_181,qs_2026_top500_all10,181,卡迪夫大学,0.701,0.934,0.872,0.48200000000000004,0.42200000000000004,0.601,0.544,0.335,0.889,0.73,4,Cl4
qs_2026_top500_all10_182,qs_2026_top500_all10,182,埃默里大学,0.496,0.85,0.7,0.9279999999999999,0.857,0.345,0.377,0.424,0.635,0.5429999999999999,4,Cl4
qs_2026_top500_all10_183,qs_2026_top500_all10,183,科廷大学,0.5429999999999999,0.9420000000000001,1.0,0.177,0.8959999999999999,0.46299999999999997,0.39299999999999996,0.379,0.82,0.5870000000000001,4,Cl4
qs_2026_top500_all10_184,qs_2026_top500_all10,184,伯尔尼大学,0.529,0.955,1.0,0.49,0.993,0.38,0.26,0.37200000000000005,0.6890000000000001,0.574,4,Cl4
qs_2026_top500_all10_185,qs_2026_top500_all10,185,伍伦贡大学,0.8220000000000001,0.8859999999999999,0.995,0.21100000000000002,0.956,0.41600000000000004,0.331,0.258,0.861,0.838,4,Cl4
qs_2026_top500_all10_186,qs_2026_top500_all10,186,武汉大学,0.107,0.778,0.47100000000000003,0.213,0.98,0.536,0.467,0.589,0.608,0.08199999999999999,4,Cl4
qs_2026_top500_all10_187,qs_2026_top500_all10,187,马德里康普顿斯大学（UCM）,0.32899999999999996,0.927,0.182,0.41600000000000004,0.128,0.785,0.7390000000000001,0.973,0.804,0.387,4,Cl4
qs_2026_top500_all10_188,qs_2026_top500_all10,188,蒙特雷科技大学,0.183,0.746,0.245,0.6940000000000001,0.048,0.6990000000000001,0.9390000000000001,0.9740000000000001,0.738,0.244,4,Cl4
qs_2026_top500_all10_189,qs_2026_top500_all10,189,印度尼西亚大学,0.109,0.596,0.866,0.688,0.039,0.6990000000000001,0.893,0.872,0.609,0.163,4,Cl4
qs_2026_top500_all10_190,qs_2026_top500_all10,190,俄亥俄州立大学,0.20600000000000002,0.937,0.374,0.531,0.33799999999999997,0.711,0.63,0.66,0.6920000000000001,0.267,4,Cl4
qs_2026_top500_all10_191,qs_2026_top500_all10,191,法语天主教鲁汶大学,0.631,0.9159999999999999,0.945,0.064,0.595,0.617,0.36,0.82,0.813,0.6659999999999999,4,Cl4
qs_2026_top500_all10_192,qs_2026_top500_all10,192,女王大学,0.355,0.79,0.7559999999999999,0.079,0.563,0.509,0.757,0.9229999999999999,0.866,0.41200000000000003,4,Cl4
qs_2026_top500_all10_193,qs_2026_top500_all10,193,汉堡大学,0.313,0.938,0.588,0.256,0.546,0.64,0.517,0.499,0.941,0.371,4,Cl4
qs_2026_top500_all10_194,qs_2026_top500_all10,194,阿姆斯特丹自由大学,0.5760000000000001,0.9009999999999999,0.8290000000000001,0.233,0.807,0.5329999999999999,0.28800000000000003,0.564,0.688,0.429,4,Cl4
qs_2026_top500_all10_195,qs_2026_top500_all10,195,雷丁大学,0.858,0.9329999999999999,0.95,0.20199999999999999,0.63,0.457,0.46799999999999997,0.5760000000000001,0.924,0.87,4,Cl4
qs_2026_top500_all10_196,qs_2026_top500_all10,196,早稻田大学,0.43700000000000006,0.631,0.35200000000000004,0.295,0.073,0.736,0.972,0.907,0.743,0.489,4,Cl4
qs_2026_top500_all10_197,qs_2026_top500_all10,197,奥塔哥大学,0.396,0.765,1.0,0.14800000000000002,0.632,0.6,0.36,0.687,0.882,0.45,4,Cl4
qs_2026_top500_all10_198,qs_2026_top500_all10,198,维也纳技术大学,0.9590000000000001,0.7190000000000001,0.9179999999999999,0.185,0.711,0.47600000000000003,0.563,0.29100000000000004,0.59,0.713,4,Cl4
qs_2026_top500_all10_199,qs_2026_top500_all10,199,贝尔法斯特女王大学,0.988,0.9540000000000001,1.0,0.303,0.575,0.496,0.434,0.195,0.895,0.9890000000000001,4,Cl4
qs_2026_top500_all10_200,qs_2026_top500_all10,200,国立阳明交通大学,0.319,0.541,0.29100000000000004,0.5539999999999999,0.718,0.42100000000000004,0.685,0.758,0.741,0.377,4,Cl4
qs_2026_top500_all10_201,qs_2026_top500_all10,201,弗莱堡大学,0.442,0.895,0.787,0.311,0.664,0.568,0.353,0.47200000000000003,0.856,0.494,3,Cl3
qs_2026_top500_all10_202,qs_2026_top500_all10,202,哥德堡大学,0.858,0.937,0.941,0.73,0.45399999999999996,0.46399999999999997,0.24600000000000002,0.71,0.929,0.871,3,Cl3
qs_2026_top500_all10_203,qs_2026_top500_all10,203,国立成功大学,0.244,0.58,0.28600000000000003,0.33799999999999997,0.39799999999999996,0.664,0.794,0.563,0.797,0.305,3,Cl3
qs_2026_top500_all10_204,qs_2026_top500_all10,204,特温特大学,0.9520000000000001,0.8540000000000001,1.0,0.56,0.77,0.293,0.405,0.326,0.7959999999999999,0.708,3,Cl3
qs_2026_top500_all10_205,qs_2026_top500_all10,205,里昂高等师范学院,0.239,0.731,0.615,0.988,0.892,0.41700000000000004,0.257,0.179,0.502,0.267,3,Cl3
qs_2026_top500_all10_206,qs_2026_top500_all10,206,马德里自治大学,0.29600000000000004,0.925,0.223,0.397,0.265,0.731,0.715,0.525,0.725,0.355,3,Cl3
qs_2026_top500_all10_207,qs_2026_top500_all10,207,波恩大学,0.564,0.9620000000000001,0.514,0.765,0.249,0.677,0.355,0.5,0.8640000000000001,0.606,3,Cl3
qs_2026_top500_all10_208,qs_2026_top500_all10,208,迪肯大学,0.833,0.868,0.972,0.059000000000000004,0.862,0.423,0.326,0.436,0.867,0.848,3,Cl3
qs_2026_top500_all10_209,qs_2026_top500_all10,209,马里兰大学，学院公园,0.249,0.929,0.28,0.442,0.605,0.5720000000000001,0.518,0.597,0.7070000000000001,0.187,3,Cl3
qs_2026_top500_all10_210,qs_2026_top500_all10,210,明尼苏达大学,0.154,0.912,0.065,0.37200000000000005,0.49200000000000005,0.6859999999999999,0.494,0.672,0.9109999999999999,0.215,3,Cl3
qs_2026_top500_all10_211,qs_2026_top500_all10,211,卡尔加里大学,0.769,0.862,0.8740000000000001,0.244,0.546,0.47600000000000003,0.505,0.615,0.86,0.7909999999999999,3,Cl3
qs_2026_top500_all10_212,qs_2026_top500_all10,212,佛罗里达大学,0.18100000000000002,0.982,0.314,0.7509999999999999,0.34700000000000003,0.589,0.5579999999999999,0.679,0.7490000000000001,0.242,3,Cl3
qs_2026_top500_all10_213,qs_2026_top500_all10,213,洛桑大学,0.67,0.835,1.0,0.49,0.69,0.37,0.402,0.611,0.703,0.499,3,Cl3
qs_2026_top500_all10_214,qs_2026_top500_all10,214,洛斯安第斯哥伦比亚大学,0.033,0.547,0.287,0.17600000000000002,0.10800000000000001,0.815,0.905,0.9840000000000001,0.759,0.079,3,Cl3
qs_2026_top500_all10_215,qs_2026_top500_all10,215,蒂宾根大学,0.405,0.9359999999999999,0.882,0.857,0.322,0.61,0.361,0.365,0.645,0.303,3,Cl3
qs_2026_top500_all10_216,qs_2026_top500_all10,216,庆应义塾大学,0.196,0.556,0.152,0.652,0.094,0.655,0.938,0.958,0.6890000000000001,0.258,3,Cl3
qs_2026_top500_all10_218,qs_2026_top500_all10,218,德累斯顿工业大学,0.42,0.953,0.40399999999999997,0.7490000000000001,0.586,0.47200000000000003,0.49200000000000005,0.125,0.879,0.473,3,Cl3
qs_2026_top500_all10_219,qs_2026_top500_all10,219,渥太华大学,0.855,0.9229999999999999,0.961,0.054000000000000006,0.848,0.358,0.387,0.5,0.868,0.868,3,Cl3
qs_2026_top500_all10_220,qs_2026_top500_all10,220,印度科学研究所班加罗尔,0.021,0.45399999999999996,0.055999999999999994,0.391,0.9990000000000001,0.5660000000000001,0.46399999999999997,0.151,0.6629999999999999,0.064,3,Cl3
qs_2026_top500_all10_221,qs_2026_top500_all10,221,朱拉隆功大学,0.062,0.8059999999999999,0.32,0.44799999999999995,0.125,0.82,0.527,0.9640000000000001,0.8,0.11,3,Cl3
qs_2026_top500_all10_222,qs_2026_top500_all10,222,印度理工学院坎普尔分校,0.013999999999999999,0.42100000000000004,0.031,0.161,0.841,0.494,0.8270000000000001,0.47600000000000003,0.747,0.057999999999999996,3,Cl3
qs_2026_top500_all10_223,qs_2026_top500_all10,223,特拉维夫大学,0.153,0.7829999999999999,0.489,0.061,0.997,0.436,0.31,0.9420000000000001,0.77,0.213,3,Cl3
qs_2026_top500_all10_224,qs_2026_top500_all10,224,加札马达大学,0.08900000000000001,0.46299999999999997,0.63,0.654,0.03,0.7020000000000001,0.847,0.759,0.66,0.146,3,Cl3
qs_2026_top500_all10_225,qs_2026_top500_all10,225,拉夫堡大学,0.711,0.8140000000000001,0.946,0.26899999999999996,0.506,0.428,0.645,0.332,0.879,0.7390000000000001,3,Cl3
qs_2026_top500_all10_226,qs_2026_top500_all10,226,昆士兰科技大学（QUT）,0.44799999999999995,0.8340000000000001,0.966,0.11599999999999999,0.7090000000000001,0.516,0.38799999999999996,0.256,0.885,0.499,3,Cl3
qs_2026_top500_all10_227,qs_2026_top500_all10,227,布鲁塞尔自由大学,0.8959999999999999,0.909,0.992,0.046,0.603,0.433,0.46799999999999997,0.748,0.652,0.904,3,Cl3
qs_2026_top500_all10_228,qs_2026_top500_all10,228,纽卡斯尔大学,0.36200000000000004,0.818,1.0,0.297,0.9520000000000001,0.36,0.305,0.20800000000000002,0.848,0.418,3,Cl3
qs_2026_top500_all10_229,qs_2026_top500_all10,229,阿联酋大学,0.391,0.889,1.0,0.551,0.35100000000000003,0.433,0.581,0.879,0.6859999999999999,0.444,3,Cl3
qs_2026_top500_all10_230,qs_2026_top500_all10,230,里斯本大学,0.586,0.9840000000000001,0.14300000000000002,0.155,0.514,0.5710000000000001,0.46299999999999997,0.973,0.7929999999999999,0.626,3,Cl3
qs_2026_top500_all10_231,qs_2026_top500_all10,231,梅西大学,0.9890000000000001,0.8220000000000001,0.9940000000000001,0.573,0.505,0.42100000000000004,0.24100000000000002,0.607,0.8370000000000001,0.9890000000000001,3,Cl3
qs_2026_top500_all10_232,qs_2026_top500_all10,232,埃尔朗根-纽伦堡大学,0.606,0.867,0.395,0.052000000000000005,0.9670000000000001,0.379,0.462,0.271,0.754,0.644,3,Cl3
qs_2026_top500_all10_233,qs_2026_top500_all10,233,金边大学,0.04,0.845,0.151,0.221,0.37200000000000005,0.8170000000000001,0.509,0.325,0.795,0.087,3,Cl3
qs_2026_top500_all10_234,qs_2026_top500_all10,234,乐卓博大学,0.9740000000000001,0.821,0.956,0.132,0.878,0.33399999999999996,0.29,0.28,0.8220000000000001,0.975,3,Cl3
qs_2026_top500_all10_235,qs_2026_top500_all10,235,帕多瓦大学（UNIPD）,0.188,0.955,0.155,0.135,0.544,0.735,0.402,0.29600000000000004,0.85,0.249,3,Cl3
qs_2026_top500_all10_236,qs_2026_top500_all10,236,罗切斯特大学,0.9620000000000001,0.637,0.805,0.982,0.5660000000000001,0.271,0.324,0.512,0.723,0.965,3,Cl3
qs_2026_top500_all10_237,qs_2026_top500_all10,237,贝鲁特美国大学（AUB）,0.452,0.687,0.7140000000000001,0.523,0.37799999999999995,0.415,0.581,0.987,0.777,0.502,3,Cl3
qs_2026_top500_all10_238,qs_2026_top500_all10,238,波尔图大学,0.382,0.943,0.092,0.136,0.736,0.525,0.415,0.612,0.773,0.331,3,Cl3
qs_2026_top500_all10_239,qs_2026_top500_all10,239,马斯特里赫特大学,1.0,0.856,0.9990000000000001,0.18600000000000003,0.7170000000000001,0.32799999999999996,0.337,0.496,0.802,1.0,3,Cl3
qs_2026_top500_all10_240,qs_2026_top500_all10,240,惠灵顿维多利亚大学,0.5670000000000001,0.701,1.0,0.157,0.44299999999999995,0.5720000000000001,0.322,0.7759999999999999,0.833,0.609,3,Cl3
qs_2026_top500_all10_241,qs_2026_top500_all10,241,希伯来大学,0.335,0.742,0.8190000000000001,0.746,0.419,0.429,0.364,0.971,0.655,0.38799999999999996,3,Cl3
qs_2026_top500_all10_242,qs_2026_top500_all10,242,都灵理工大学,0.579,0.7909999999999999,0.073,0.045,0.6809999999999999,0.503,0.6459999999999999,0.37799999999999995,0.736,0.619,3,Cl3
qs_2026_top500_all10_243,qs_2026_top500_all10,243,乔治奥古斯特哥廷根大学,0.379,0.9520000000000001,0.5920000000000001,0.87,0.258,0.573,0.35600000000000004,0.512,0.61,0.434,3,Cl3
qs_2026_top500_all10_244,qs_2026_top500_all10,244,香港浸会大学,1.0,0.382,0.9940000000000001,0.6729999999999999,0.823,0.28300000000000003,0.217,0.23,0.675,0.9990000000000001,3,Cl3
qs_2026_top500_all10_245,qs_2026_top500_all10,245,Hamad bin Khalifa University,1.0,0.757,1.0,1.0,1.0,0.14300000000000002,0.068,0.068,0.385,0.9990000000000001,3,Cl3
qs_2026_top500_all10_246,qs_2026_top500_all10,246,考克大学,0.75,0.688,0.862,0.225,0.527,0.434,0.48100000000000004,0.495,0.838,0.774,3,Cl3
qs_2026_top500_all10_247,qs_2026_top500_all10,247,北京师范大学,0.32899999999999996,0.7709999999999999,0.09,0.303,0.986,0.47600000000000003,0.29600000000000004,0.182,0.555,0.247,3,Cl3
qs_2026_top500_all10_248,qs_2026_top500_all10,248,达特茅斯学院,0.585,0.462,0.135,0.799,0.569,0.307,0.5429999999999999,0.877,0.8220000000000001,0.625,3,Cl3
qs_2026_top500_all10_249,qs_2026_top500_all10,249,马萨诸塞大学，阿默斯特,0.46299999999999997,0.7879999999999999,0.779,0.158,0.624,0.48100000000000004,0.4,0.442,0.845,0.513,3,Cl3
qs_2026_top500_all10_250,qs_2026_top500_all10,250,范德比尔特大学,0.509,0.779,0.484,1.0,0.506,0.32299999999999995,0.418,0.575,0.618,0.555,3,Cl3
qs_2026_top500_all10_251,qs_2026_top500_all10,251,国油大学（Petronas）,0.295,0.721,0.87,0.446,0.95,0.297,0.41,0.052000000000000005,0.5,0.307,3,Cl3
qs_2026_top500_all10_252,qs_2026_top500_all10,252,思克莱德大学,0.89,0.845,0.992,0.17800000000000002,0.5720000000000001,0.375,0.405,0.46,0.846,0.9,3,Cl3
qs_2026_top500_all10_253,qs_2026_top500_all10,253,达姆施塔特技术大学,0.9279999999999999,0.738,0.6779999999999999,0.098,0.8220000000000001,0.282,0.419,0.535,0.7859999999999999,0.934,3,Cl3
qs_2026_top500_all10_254,qs_2026_top500_all10,254,泰莱大学,1.0,0.535,0.73,0.6970000000000001,0.21,0.402,0.852,0.052000000000000005,0.578,1.0,3,Cl3
qs_2026_top500_all10_255,qs_2026_top500_all10,255,万隆理工学院,0.08,0.39799999999999996,0.9470000000000001,0.547,0.054000000000000006,0.585,0.853,0.6859999999999999,0.5920000000000001,0.13699999999999998,3,Cl3
qs_2026_top500_all10_256,qs_2026_top500_all10,256,哈尔滨工业大学,0.092,0.736,0.129,0.42,0.998,0.33299999999999996,0.479,0.35200000000000004,0.48100000000000004,0.149,3,Cl3
qs_2026_top500_all10_257,qs_2026_top500_all10,257,巴黎第一大学,0.612,0.708,0.39,0.068,0.048,0.78,0.622,0.843,0.618,0.65,3,Cl3
qs_2026_top500_all10_258,qs_2026_top500_all10,258,天津大学,0.335,0.725,0.299,0.516,0.9990000000000001,0.263,0.376,0.387,0.562,0.251,3,Cl3
qs_2026_top500_all10_259,qs_2026_top500_all10,259,北京理工大学,0.155,0.753,0.12300000000000001,0.42700000000000005,0.9640000000000001,0.34299999999999997,0.467,0.225,0.588,0.11800000000000001,3,Cl3
qs_2026_top500_all10_260,qs_2026_top500_all10,260,哥伦比亚国立大学,0.022000000000000002,0.626,0.081,0.067,0.069,0.8109999999999999,0.909,0.573,0.693,0.066,3,Cl3
qs_2026_top500_all10_261,qs_2026_top500_all10,261,坎特伯雷大学,0.48100000000000004,0.609,1.0,0.121,0.48200000000000004,0.488,0.34700000000000003,0.8740000000000001,0.882,0.53,3,Cl3
qs_2026_top500_all10_262,qs_2026_top500_all10,262,阿伯丁大学,0.872,0.897,0.958,0.449,0.429,0.401,0.348,0.3,0.878,0.883,3,Cl3
qs_2026_top500_all10_263,qs_2026_top500_all10,263,纳瓦拉大学,0.84,0.583,0.268,0.506,0.253,0.408,0.782,0.805,0.6609999999999999,0.8540000000000001,3,Cl3
qs_2026_top500_all10_264,qs_2026_top500_all10,264,萨里大学,0.887,0.866,0.98,0.33399999999999996,0.7440000000000001,0.297,0.3,0.307,0.604,0.897,3,Cl3
qs_2026_top500_all10_265,qs_2026_top500_all10,265,布拉格查理大学,0.617,0.972,0.335,0.37,0.14300000000000002,0.585,0.555,0.732,0.769,0.654,3,Cl3
qs_2026_top500_all10_266,qs_2026_top500_all10,266,庞培法布拉大学,0.4,0.758,0.847,0.191,0.706,0.43700000000000006,0.395,0.23,0.664,0.455,3,Cl3
qs_2026_top500_all10_267,qs_2026_top500_all10,267,挪威科技大学,0.177,0.9520000000000001,0.8740000000000001,0.307,0.451,0.45899999999999996,0.33399999999999996,0.905,0.8029999999999999,0.23800000000000002,3,Cl3
qs_2026_top500_all10_268,qs_2026_top500_all10,268,格里菲斯大学,0.7070000000000001,0.934,1.0,0.133,0.7509999999999999,0.377,0.166,0.266,0.917,0.735,3,Cl3
qs_2026_top500_all10_269,qs_2026_top500_all10,269,中东技术大学,0.31,0.792,0.18,0.128,0.344,0.44799999999999995,0.887,0.8220000000000001,0.718,0.369,3,Cl3
qs_2026_top500_all10_270,qs_2026_top500_all10,270,UCSI大学,0.99,0.5,0.929,0.877,0.086,0.40700000000000003,0.7040000000000001,0.133,0.616,0.9890000000000001,3,Cl3
qs_2026_top500_all10_271,qs_2026_top500_all10,271,华沙大学,0.157,0.8590000000000001,0.135,0.595,0.1,0.61,0.628,0.7440000000000001,0.74,0.218,3,Cl3
qs_2026_top500_all10_272,qs_2026_top500_all10,272,北卡罗来纳州立大学,0.256,0.7979999999999999,0.675,0.122,0.7290000000000001,0.364,0.479,0.377,0.867,0.317,3,Cl3
qs_2026_top500_all10_273,qs_2026_top500_all10,273,科隆大学,0.47100000000000003,0.9259999999999999,0.39299999999999996,0.23600000000000002,0.43799999999999994,0.45,0.505,0.645,0.889,0.52,3,Cl3
qs_2026_top500_all10_274,qs_2026_top500_all10,274,美国沙迦大学,1.0,0.506,1.0,0.24600000000000002,0.43799999999999994,0.317,0.6509999999999999,0.606,0.544,1.0,3,Cl3
qs_2026_top500_all10_275,qs_2026_top500_all10,275,弗吉尼亚大学,0.192,0.826,0.053,0.682,0.365,0.465,0.479,0.919,0.6890000000000001,0.145,3,Cl3
qs_2026_top500_all10_276,qs_2026_top500_all10,276,米兰大学,0.134,0.851,0.10800000000000001,0.102,0.5660000000000001,0.659,0.27,0.631,0.764,0.19399999999999998,3,Cl3
qs_2026_top500_all10_277,qs_2026_top500_all10,277,中山大学,0.068,0.784,0.040999999999999995,0.534,0.726,0.45399999999999996,0.39,0.38799999999999996,0.5670000000000001,0.053,3,Cl3
qs_2026_top500_all10_278,qs_2026_top500_all10,278,苏塞克斯大学,0.895,0.863,0.99,0.214,0.607,0.33799999999999997,0.21,0.536,0.9,0.904,3,Cl3
qs_2026_top500_all10_279,qs_2026_top500_all10,279,雷德布德大学奈梅亨,0.301,0.925,0.835,0.348,0.732,0.386,0.203,0.349,0.677,0.36,3,Cl3
qs_2026_top500_all10_280,qs_2026_top500_all10,280,安特卫普大学,0.455,0.9520000000000001,0.9640000000000001,0.428,0.5770000000000001,0.35,0.188,0.603,0.8059999999999999,0.505,3,Cl3
qs_2026_top500_all10_281,qs_2026_top500_all10,281,怀卡托大学,0.797,0.49,0.995,0.162,0.821,0.282,0.188,0.584,0.848,0.816,3,Cl3
qs_2026_top500_all10_282,qs_2026_top500_all10,282,匹兹堡大学,0.23,0.904,0.099,0.981,0.41700000000000004,0.45399999999999996,0.264,0.597,0.602,0.29100000000000004,3,Cl3
qs_2026_top500_all10_283,qs_2026_top500_all10,283,戴尔豪斯大学,0.794,0.799,1.0,0.158,0.762,0.271,0.239,0.39799999999999996,0.853,0.813,3,Cl3
qs_2026_top500_all10_284,qs_2026_top500_all10,284,爱尔兰国立高威大学,0.627,0.7290000000000001,0.9670000000000001,0.6859999999999999,0.24,0.373,0.402,0.612,0.825,0.664,3,Cl3
qs_2026_top500_all10_285,qs_2026_top500_all10,285,澳门大学,1.0,0.551,1.0,0.11699999999999999,0.9990000000000001,0.185,0.179,0.568,0.522,0.996,3,Cl3
qs_2026_top500_all10_286,qs_2026_top500_all10,286,乔治城大学,0.511,0.674,0.228,0.742,0.217,0.382,0.606,0.96,0.691,0.5579999999999999,3,Cl3
qs_2026_top500_all10_287,qs_2026_top500_all10,287,艾尔朗加大学,0.10800000000000001,0.529,0.773,0.696,0.025,0.522,0.883,0.24,0.5660000000000001,0.16699999999999998,3,Cl3
qs_2026_top500_all10_288,qs_2026_top500_all10,288,卑尔根大学,0.379,0.91,0.9690000000000001,0.672,0.425,0.405,0.13699999999999998,0.695,0.6509999999999999,0.435,3,Cl3
qs_2026_top500_all10_289,qs_2026_top500_all10,289,赫里瓦特大学,0.97,0.757,1.0,0.273,0.618,0.257,0.348,0.37,0.772,0.972,3,Cl3
qs_2026_top500_all10_290,qs_2026_top500_all10,290,亚利桑那大学,0.152,0.935,0.254,0.428,0.474,0.493,0.40399999999999997,0.541,0.669,0.212,3,Cl3
qs_2026_top500_all10_291,qs_2026_top500_all10,291,威特沃特斯兰德大学,0.094,0.9670000000000001,0.868,0.14,0.402,0.368,0.509,0.995,0.856,0.151,3,Cl3
qs_2026_top500_all10_292,qs_2026_top500_all10,292,斯旺西大学,0.805,0.797,0.769,0.28600000000000003,0.43,0.34700000000000003,0.547,0.13699999999999998,0.8440000000000001,0.8240000000000001,3,Cl3
qs_2026_top500_all10_293,qs_2026_top500_all10,293,加州大学欧文分校,0.642,0.8190000000000001,0.395,0.268,0.531,0.466,0.371,0.28,0.649,0.523,3,Cl3
qs_2026_top500_all10_294,qs_2026_top500_all10,294,布鲁塞尔大学,0.721,0.922,0.968,0.7559999999999999,0.27699999999999997,0.33299999999999996,0.221,0.632,0.8,0.748,3,Cl3
qs_2026_top500_all10_295,qs_2026_top500_all10,295,凯斯西储大学,0.767,0.583,0.47600000000000003,0.8859999999999999,0.6629999999999999,0.22399999999999998,0.205,0.409,0.708,0.79,3,Cl3
qs_2026_top500_all10_296,qs_2026_top500_all10,296,圣母大学,0.327,0.754,0.289,0.708,0.36700000000000005,0.38,0.436,0.754,0.725,0.289,3,Cl3
qs_2026_top500_all10_297,qs_2026_top500_all10,297,斯温本科技大学,0.9470000000000001,0.74,0.878,0.147,0.95,0.188,0.193,0.228,0.7340000000000001,0.705,3,Cl3
qs_2026_top500_all10_298,qs_2026_top500_all10,298,伊斯坦布尔理工大学,0.365,0.762,0.10400000000000001,0.115,0.353,0.396,0.853,0.797,0.685,0.42200000000000004,3,Cl3
qs_2026_top500_all10_299,qs_2026_top500_all10,299,科罗拉多大学博尔德分校,0.085,0.856,0.386,0.521,0.36,0.49,0.368,0.489,0.903,0.142,3,Cl3
qs_2026_top500_all10_300,qs_2026_top500_all10,300,巴黎大学,0.61,0.995,0.248,0.11,0.925,0.377,0.139,0.228,0.557,0.455,3,Cl3
qs_2026_top500_all10_301,qs_2026_top500_all10,301,马德里大学卡洛斯三世大学,0.752,0.6779999999999999,0.738,0.505,0.081,0.452,0.653,0.263,0.773,0.56,2,Cl2
qs_2026_top500_all10_302,qs_2026_top500_all10,302,斯泰伦博斯大学,0.145,0.9359999999999999,0.254,0.05,0.675,0.36700000000000005,0.44799999999999995,0.889,0.61,0.11,2,Cl2
qs_2026_top500_all10_303,qs_2026_top500_all10,303,丹麦南部大学,0.46399999999999997,0.774,0.917,0.319,0.684,0.292,0.249,0.27,0.85,0.513,2,Cl2
qs_2026_top500_all10_304,qs_2026_top500_all10,304,雅盖隆大学,0.3,0.8859999999999999,0.08,0.753,0.10400000000000001,0.499,0.544,0.615,0.716,0.359,2,Cl2
qs_2026_top500_all10_305,qs_2026_top500_all10,305,西安交通大学,0.068,0.8290000000000001,0.055,0.159,0.978,0.285,0.442,0.349,0.5579999999999999,0.053,2,Cl2
qs_2026_top500_all10_306,qs_2026_top500_all10,306,奥尔堡大学,0.294,0.917,0.89,0.27699999999999997,0.772,0.264,0.25,0.254,0.7909999999999999,0.354,2,Cl2
qs_2026_top500_all10_307,qs_2026_top500_all10,307,印第安纳大学伯明顿分校,0.184,0.865,0.517,0.344,0.312,0.447,0.503,0.77,0.66,0.245,2,Cl2
qs_2026_top500_all10_308,qs_2026_top500_all10,308,西蒙弗雷泽大学,0.861,0.784,0.991,0.076,0.596,0.349,0.207,0.34,0.852,0.873,2,Cl2
qs_2026_top500_all10_309,qs_2026_top500_all10,309,约翰内斯堡大学,0.601,0.991,0.985,0.465,0.452,0.255,0.259,0.696,0.748,0.639,2,Cl2
qs_2026_top500_all10_310,qs_2026_top500_all10,310,林雪平大学,0.46299999999999997,0.815,0.858,0.502,0.552,0.254,0.322,0.508,0.682,0.483,2,Cl2
qs_2026_top500_all10_311,qs_2026_top500_all10,311,斯图加特大学,0.609,0.6970000000000001,0.44799999999999995,0.11,0.642,0.33399999999999996,0.461,0.358,0.742,0.647,2,Cl2
qs_2026_top500_all10_312,qs_2026_top500_all10,312,蔚山国立科学技术院,0.155,0.267,0.374,0.925,0.995,0.218,0.163,0.039,0.575,0.18899999999999997,2,Cl2
qs_2026_top500_all10_313,qs_2026_top500_all10,313,"City St George’s, University of London",0.9790000000000001,0.772,0.924,0.092,0.578,0.26899999999999996,0.32299999999999995,0.6579999999999999,0.623,0.98,2,Cl2
qs_2026_top500_all10_314,qs_2026_top500_all10,314,迈阿密大学,0.251,0.852,0.878,0.579,0.484,0.245,0.40299999999999997,0.596,0.6459999999999999,0.312,2,Cl2
qs_2026_top500_all10_315,qs_2026_top500_all10,315,塔斯马尼亚大学,0.917,0.804,0.871,0.34299999999999997,0.728,0.225,0.122,0.25,0.84,0.9229999999999999,2,Cl2
qs_2026_top500_all10_316,qs_2026_top500_all10,316,法兰克福大学,0.3,0.877,0.5489999999999999,0.27,0.317,0.521,0.386,0.287,0.8290000000000001,0.36,2,Cl2
qs_2026_top500_all10_317,qs_2026_top500_all10,317,国立欧亚大学 (ENU),0.258,0.314,0.846,0.9470000000000001,0.02,0.401,0.858,0.075,0.466,0.272,2,Cl2
qs_2026_top500_all10_318,qs_2026_top500_all10,318,里约热内卢联邦大学,0.023,0.81,0.10300000000000001,0.182,0.138,0.73,0.36200000000000004,0.899,0.7090000000000001,0.065,2,Cl2
qs_2026_top500_all10_319,qs_2026_top500_all10,319,华中科技大学,0.052000000000000005,0.8029999999999999,0.071,0.11599999999999999,1.0,0.309,0.33399999999999996,0.335,0.557,0.040999999999999995,2,Cl2
qs_2026_top500_all10_320,qs_2026_top500_all10,320,鲍曼莫斯科国立技术大学,0.858,0.142,0.81,0.9990000000000001,0.02,0.41100000000000003,0.638,0.10099999999999999,0.47600000000000003,0.871,2,Cl2
qs_2026_top500_all10_321,qs_2026_top500_all10,321,格勒诺布尔阿尔卑斯大学（UGA）,0.479,0.941,0.309,0.10400000000000001,0.518,0.5529999999999999,0.192,0.318,0.6,0.527,2,Cl2
qs_2026_top500_all10_322,qs_2026_top500_all10,322,德黑兰大学,0.033,0.868,0.025,0.042,0.9109999999999999,0.31,0.418,0.581,0.455,0.027000000000000003,2,Cl2
qs_2026_top500_all10_323,qs_2026_top500_all10,323,科什大学,0.222,0.504,0.301,0.21,0.526,0.36,0.775,0.10800000000000001,0.624,0.27699999999999997,2,Cl2
qs_2026_top500_all10_324,qs_2026_top500_all10,324,四川大学,0.092,0.7290000000000001,0.09699999999999999,0.14,0.9990000000000001,0.308,0.345,0.21,0.45299999999999996,0.071,2,Cl2
qs_2026_top500_all10_325,qs_2026_top500_all10,325,约旦大学,0.645,0.6920000000000001,0.33799999999999997,0.289,0.073,0.479,0.598,0.9009999999999999,0.6409999999999999,0.68,2,Cl2
qs_2026_top500_all10_326,qs_2026_top500_all10,326,莱斯特大学,0.9059999999999999,0.9109999999999999,0.9059999999999999,0.401,0.442,0.29600000000000004,0.177,0.31,0.812,0.914,2,Cl2
qs_2026_top500_all10_327,qs_2026_top500_all10,327,新里斯本大学,0.777,0.841,0.272,0.18100000000000002,0.376,0.401,0.426,0.594,0.669,0.7979999999999999,2,Cl2
qs_2026_top500_all10_328,qs_2026_top500_all10,328,德里大学,0.027999999999999997,0.83,0.018000000000000002,0.069,0.47100000000000003,0.469,0.419,0.9890000000000001,0.7120000000000001,0.075,2,Cl2
qs_2026_top500_all10_329,qs_2026_top500_all10,329,罗格斯大学 - 新泽西州立大学新不伦瑞克分校,0.38799999999999996,0.753,0.24100000000000002,0.534,0.165,0.47700000000000004,0.45799999999999996,0.446,0.875,0.44299999999999995,2,Cl2
qs_2026_top500_all10_330,qs_2026_top500_all10,330,沙迦大学,1.0,0.848,1.0,0.09300000000000001,0.522,0.285,0.349,0.193,0.588,1.0,2,Cl2
qs_2026_top500_all10_331,qs_2026_top500_all10,331,哈萨克斯坦国家技术大学,0.537,0.257,0.892,0.9420000000000001,0.017,0.406,0.588,0.33,0.48700000000000004,0.485,2,Cl2
qs_2026_top500_all10_332,qs_2026_top500_all10,332,庆熙大学,0.685,0.6679999999999999,0.198,0.862,0.259,0.34600000000000003,0.43,0.21600000000000003,0.7490000000000001,0.715,2,Cl2
qs_2026_top500_all10_333,qs_2026_top500_all10,333,约克大学,0.789,0.735,0.873,0.05,0.37799999999999995,0.33399999999999996,0.317,0.8220000000000001,0.845,0.809,2,Cl2
qs_2026_top500_all10_334,qs_2026_top500_all10,334,马德里理工大学,0.452,0.8190000000000001,0.043,0.248,0.196,0.43,0.6779999999999999,0.6940000000000001,0.7070000000000001,0.33799999999999997,2,Cl2
qs_2026_top500_all10_335,qs_2026_top500_all10,335,苏丹卡布斯大学,0.06,0.809,1.0,0.623,0.395,0.289,0.259,0.7,0.696,0.099,2,Cl2
qs_2026_top500_all10_336,qs_2026_top500_all10,336,塔夫茨大学,0.483,0.67,0.429,0.6559999999999999,0.525,0.23800000000000002,0.212,0.693,0.863,0.532,2,Cl2
qs_2026_top500_all10_337,qs_2026_top500_all10,337,伊利诺伊大学芝加哥分校,0.284,0.823,0.11,0.331,0.392,0.488,0.40299999999999997,0.364,0.669,0.213,2,Cl2
qs_2026_top500_all10_338,qs_2026_top500_all10,338,印度理工学院古瓦哈提分校,0.016,0.531,0.081,0.102,0.9690000000000001,0.254,0.62,0.087,0.43,0.059000000000000004,2,Cl2
qs_2026_top500_all10_339,qs_2026_top500_all10,339,山东大学,0.057,0.728,0.11199999999999999,0.218,0.971,0.228,0.39,0.268,0.575,0.045,2,Cl2
qs_2026_top500_all10_340,qs_2026_top500_all10,340,印度理工学院鲁尔基分校,0.036000000000000004,0.545,0.02,0.095,0.966,0.268,0.522,0.195,0.575,0.078,2,Cl2
qs_2026_top500_all10_341,qs_2026_top500_all10,341,厦门大学,0.09300000000000001,0.647,0.10800000000000001,0.25,0.8390000000000001,0.34299999999999997,0.242,0.544,0.541,0.071,2,Cl2
qs_2026_top500_all10_342,qs_2026_top500_all10,342,奥卢大学,0.19699999999999998,0.879,0.809,0.295,0.745,0.23,0.218,0.306,0.752,0.258,2,Cl2
qs_2026_top500_all10_343,qs_2026_top500_all10,343,比萨大学,0.105,0.846,0.05,0.128,0.596,0.516,0.263,0.251,0.728,0.163,2,Cl2
qs_2026_top500_all10_344,qs_2026_top500_all10,344,南方科技大学,0.027999999999999997,0.47200000000000003,0.42700000000000005,0.875,1.0,0.149,0.094,0.013000000000000001,0.655,0.07200000000000001,2,Cl2
qs_2026_top500_all10_345,qs_2026_top500_all10,345,秘鲁天主大学,0.019,0.444,0.042,0.5,0.023,0.631,0.667,0.506,0.597,0.064,2,Cl2
qs_2026_top500_all10_346,qs_2026_top500_all10,346,台湾科技大学,0.353,0.456,0.313,0.506,0.46799999999999997,0.36700000000000005,0.486,0.254,0.568,0.389,2,Cl2
qs_2026_top500_all10_347,qs_2026_top500_all10,347,蒂尔堡大学,0.774,0.611,0.99,0.168,0.6709999999999999,0.205,0.371,0.231,0.506,0.795,2,Cl2
qs_2026_top500_all10_348,qs_2026_top500_all10,348,开罗大学,0.14400000000000002,0.889,0.042,0.138,0.06,0.608,0.527,0.98,0.6659999999999999,0.109,2,Cl2
qs_2026_top500_all10_349,qs_2026_top500_all10,349,科英布拉大学,0.33299999999999996,0.922,0.131,0.149,0.614,0.392,0.249,0.47600000000000003,0.758,0.391,2,Cl2
qs_2026_top500_all10_350,qs_2026_top500_all10,350,威廉姆斯大学明斯特,0.084,0.825,0.35600000000000004,0.7959999999999999,0.155,0.423,0.415,0.45299999999999996,0.746,0.141,2,Cl2
qs_2026_top500_all10_351,qs_2026_top500_all10,351,以色列理工学院,0.106,0.575,0.9109999999999999,0.6729999999999999,0.33299999999999996,0.322,0.35600000000000004,0.659,0.532,0.081,2,Cl2
qs_2026_top500_all10_352,qs_2026_top500_all10,352,因斯布鲁克大学,1.0,0.7390000000000001,1.0,0.769,0.177,0.27699999999999997,0.12300000000000001,0.6990000000000001,0.747,1.0,2,Cl2
qs_2026_top500_all10_353,qs_2026_top500_all10,353,筑波大学,0.311,0.684,0.18100000000000002,0.589,0.3,0.499,0.32899999999999996,0.18100000000000002,0.7340000000000001,0.37,2,Cl2
qs_2026_top500_all10_354,qs_2026_top500_all10,354,奎德阿萨姆大学,0.031,0.675,0.098,0.053,0.975,0.24,0.47600000000000003,0.278,0.469,0.078,2,Cl2
qs_2026_top500_all10_355,qs_2026_top500_all10,355,罗马第二大学,0.588,0.7170000000000001,0.19699999999999998,0.149,0.655,0.40700000000000003,0.252,0.085,0.703,0.628,2,Cl2
qs_2026_top500_all10_356,qs_2026_top500_all10,356,南开大学,0.05,0.561,0.17800000000000002,0.28800000000000003,0.9390000000000001,0.271,0.244,0.473,0.449,0.039,2,Cl2
qs_2026_top500_all10_358,qs_2026_top500_all10,358,弗吉尼亚理工学院（Virginia Tech）,0.27899999999999997,0.861,0.816,0.263,0.387,0.345,0.39399999999999996,0.41100000000000003,0.682,0.33899999999999997,2,Cl2
qs_2026_top500_all10_359,qs_2026_top500_all10,359,玛希隆大学,0.091,0.679,0.085,0.8240000000000001,0.09,0.594,0.38799999999999996,0.174,0.612,0.14,2,Cl2
qs_2026_top500_all10_360,qs_2026_top500_all10,360,乔治华盛顿大学,0.392,0.787,0.13,0.303,0.434,0.317,0.45799999999999996,0.858,0.6,0.447,2,Cl2
qs_2026_top500_all10_361,qs_2026_top500_all10,361,维多利亚大学,0.46,0.613,0.972,0.062,0.787,0.256,0.17300000000000001,0.212,0.799,0.51,2,Cl2
qs_2026_top500_all10_362,qs_2026_top500_all10,362,比勒陀利亚大学,0.174,0.976,0.5720000000000001,0.062,0.312,0.32299999999999995,0.551,0.848,0.8009999999999999,0.235,2,Cl2
qs_2026_top500_all10_363,qs_2026_top500_all10,363,菲律宾大学,0.012,0.664,0.024,0.42700000000000005,0.032,0.506,0.711,0.8079999999999999,0.6890000000000001,0.057,2,Cl2
qs_2026_top500_all10_364,qs_2026_top500_all10,364,塔尔图大学,0.20800000000000002,0.89,0.621,0.946,0.191,0.28600000000000003,0.237,0.892,0.642,0.26899999999999996,2,Cl2
qs_2026_top500_all10_366,qs_2026_top500_all10,366,图尔库大学,0.08900000000000001,0.892,0.462,0.632,0.396,0.363,0.20199999999999999,0.461,0.7440000000000001,0.147,2,Cl2
qs_2026_top500_all10_367,qs_2026_top500_all10,367,巴黎政治学院,0.982,0.29600000000000004,0.618,0.8109999999999999,0.047,0.24600000000000002,0.515,0.98,0.545,0.983,2,Cl2
qs_2026_top500_all10_368,qs_2026_top500_all10,368,俄罗斯人民友谊大学,0.953,0.883,0.109,0.94,0.039,0.284,0.612,0.14300000000000002,0.589,0.956,2,Cl2
qs_2026_top500_all10_369,qs_2026_top500_all10,369,文莱达鲁萨兰国大学,0.435,0.53,1.0,0.9420000000000001,0.225,0.299,0.205,0.5820000000000001,0.524,0.42100000000000004,2,Cl2
qs_2026_top500_all10_370,qs_2026_top500_all10,370,大邱庆北科学技术院 (DGIST),0.073,0.158,0.051,0.823,1.0,0.17,0.281,0.025,0.428,0.10800000000000001,2,Cl2
qs_2026_top500_all10_371,qs_2026_top500_all10,371,国立科技大学（NUST）伊斯兰堡,0.05,0.7659999999999999,0.057,0.667,0.32299999999999995,0.293,0.763,0.034,0.633,0.09300000000000001,2,Cl2
qs_2026_top500_all10_372,qs_2026_top500_all10,372,哈韦里亚纳主教大学,0.037000000000000005,0.387,0.038,0.37799999999999995,0.027000000000000003,0.605,0.618,0.831,0.586,0.085,2,Cl2
qs_2026_top500_all10_373,qs_2026_top500_all10,373,Bogaziçi大学,0.075,0.49,0.282,0.051,0.237,0.36200000000000004,0.858,0.887,0.685,0.126,2,Cl2
qs_2026_top500_all10_374,qs_2026_top500_all10,374,牛津布鲁克斯大学,0.898,0.618,0.8079999999999999,0.14800000000000002,0.124,0.387,0.623,0.26,0.598,0.907,2,Cl2
qs_2026_top500_all10_375,qs_2026_top500_all10,375,圣彼得堡国立大学,0.522,0.8370000000000001,0.067,0.6579999999999999,0.079,0.42200000000000004,0.436,0.8009999999999999,0.446,0.568,2,Cl2
qs_2026_top500_all10_376,qs_2026_top500_all10,376,谢里夫理工大学,0.016,0.684,0.026000000000000002,0.08199999999999999,0.992,0.17800000000000002,0.48200000000000004,0.387,0.387,0.059000000000000004,2,Cl2
qs_2026_top500_all10_377,qs_2026_top500_all10,377,华南理工大学,0.105,0.648,0.159,0.294,0.993,0.188,0.20800000000000002,0.40399999999999997,0.501,0.16399999999999998,2,Cl2
qs_2026_top500_all10_378,qs_2026_top500_all10,378,萨斯喀彻温大学,0.654,0.773,0.8240000000000001,0.21100000000000002,0.7190000000000001,0.16,0.102,0.44299999999999995,0.836,0.687,2,Cl2
qs_2026_top500_all10_379,qs_2026_top500_all10,379,列日大学,0.6559999999999999,0.9520000000000001,0.621,0.10800000000000001,0.632,0.244,0.16899999999999998,0.32899999999999996,0.797,0.6890000000000001,2,Cl2
qs_2026_top500_all10_380,qs_2026_top500_all10,380,那不勒斯腓特烈二世大学,0.012,0.9490000000000001,0.028999999999999998,0.068,0.595,0.478,0.32799999999999996,0.125,0.575,0.012,2,Cl2
qs_2026_top500_all10_381,qs_2026_top500_all10,381,东安格利亚大学（UEA）,0.493,0.868,0.8190000000000001,0.24,0.555,0.247,0.15,0.318,0.9109999999999999,0.54,2,Cl2
qs_2026_top500_all10_382,qs_2026_top500_all10,382,开罗美国大学,0.071,0.46799999999999997,0.98,0.39,0.122,0.408,0.469,0.8859999999999999,0.516,0.11699999999999999,2,Cl2
qs_2026_top500_all10_383,qs_2026_top500_all10,383,卢森堡大学,1.0,0.6809999999999999,1.0,0.872,0.395,0.132,0.08199999999999999,0.588,0.424,1.0,2,Cl2
qs_2026_top500_all10_384,qs_2026_top500_all10,384,东北大学,0.958,0.6629999999999999,0.633,0.233,0.337,0.28,0.313,0.5429999999999999,0.802,0.961,2,Cl2
qs_2026_top500_all10_385,qs_2026_top500_all10,385,布鲁内尔大学,1.0,0.767,0.995,0.122,0.518,0.17600000000000002,0.252,0.28800000000000003,0.804,1.0,2,Cl2
qs_2026_top500_all10_386,qs_2026_top500_all10,386,光州科技学院（GIST）,0.185,0.289,0.157,0.5670000000000001,0.9990000000000001,0.213,0.124,0.022000000000000002,0.5529999999999999,0.20800000000000002,2,Cl2
qs_2026_top500_all10_387,qs_2026_top500_all10,387,佛林德斯大学,0.973,0.773,0.9790000000000001,0.113,0.643,0.196,0.09699999999999999,0.155,0.816,0.9740000000000001,2,Cl2
qs_2026_top500_all10_388,qs_2026_top500_all10,388,北京航空航天大学,0.083,0.501,0.095,0.578,0.9159999999999999,0.183,0.235,0.209,0.36700000000000005,0.064,2,Cl2
qs_2026_top500_all10_389,qs_2026_top500_all10,389,伦敦的伯克贝克学院，大学,0.987,0.601,0.9890000000000001,0.191,0.7959999999999999,0.155,0.059000000000000004,0.177,0.456,0.987,2,Cl2
qs_2026_top500_all10_390,qs_2026_top500_all10,390,雅典大学,0.272,0.797,0.127,0.03,0.451,0.349,0.389,0.889,0.643,0.327,2,Cl2
qs_2026_top500_all10_391,qs_2026_top500_all10,391,阿布扎比大学,0.9990000000000001,0.345,1.0,0.239,0.359,0.24600000000000002,0.498,0.10099999999999999,0.496,0.9990000000000001,2,Cl2
qs_2026_top500_all10_392,qs_2026_top500_all10,392,东南大学,0.061,0.769,0.316,0.245,0.9359999999999999,0.21100000000000002,0.20800000000000002,0.096,0.45,0.115,2,Cl2
qs_2026_top500_all10_393,qs_2026_top500_all10,393,加泰罗尼亚理工大学,0.31,0.84,0.16699999999999998,0.425,0.27,0.408,0.32799999999999996,0.35700000000000004,0.77,0.369,2,Cl2
qs_2026_top500_all10_394,qs_2026_top500_all10,394,世宗大学,0.507,0.778,0.324,0.163,0.922,0.163,0.19399999999999998,0.018000000000000002,0.613,0.37799999999999995,2,Cl2
qs_2026_top500_all10_395,qs_2026_top500_all10,395,阿斯顿大学,0.634,0.818,0.9790000000000001,0.12,0.5670000000000001,0.18100000000000002,0.271,0.28300000000000003,0.6759999999999999,0.67,2,Cl2
qs_2026_top500_all10_396,qs_2026_top500_all10,396,鲁尔大学波鸿,0.556,0.9,0.593,0.039,0.6579999999999999,0.29100000000000004,0.11800000000000001,0.214,0.725,0.599,2,Cl2
qs_2026_top500_all10_397,qs_2026_top500_all10,397,肯特大学,0.49200000000000005,0.88,0.9640000000000001,0.162,0.583,0.20199999999999999,0.138,0.44,0.655,0.54,2,Cl2
qs_2026_top500_all10_398,qs_2026_top500_all10,398,拉彭兰塔理工大学,0.581,0.544,0.701,0.11900000000000001,0.9590000000000001,0.087,0.157,0.10400000000000001,0.722,0.621,2,Cl2
qs_2026_top500_all10_399,qs_2026_top500_all10,399,茂物农业大学,0.06,0.262,0.737,0.8290000000000001,0.03,0.35100000000000003,0.56,0.45299999999999996,0.632,0.10800000000000001,2,Cl2
qs_2026_top500_all10_400,qs_2026_top500_all10,400,西悉尼大学,0.677,0.873,1.0,0.07400000000000001,0.445,0.263,0.225,0.11800000000000001,0.826,0.7090000000000001,2,Cl2
qs_2026_top500_all10_401,qs_2026_top500_all10,401,利默里克大学,0.484,0.716,0.932,0.23600000000000002,0.345,0.27899999999999997,0.366,0.147,0.759,0.5329999999999999,1,Cl1
qs_2026_top500_all10_402,qs_2026_top500_all10,402,乌梅大学,0.375,0.769,0.772,0.807,0.25,0.272,0.20199999999999999,0.11900000000000001,0.7709999999999999,0.28,1,Cl1
qs_2026_top500_all10_403,qs_2026_top500_all10,403,佛罗伦萨大学,0.20800000000000002,0.861,0.11199999999999999,0.07,0.49700000000000005,0.451,0.16899999999999998,0.369,0.7290000000000001,0.26899999999999996,1,Cl1
qs_2026_top500_all10_404,qs_2026_top500_all10,404,萨班斯大学,0.28,0.355,0.512,0.4,0.392,0.265,0.626,0.128,0.501,0.309,1,Cl1
qs_2026_top500_all10_405,qs_2026_top500_all10,405,国立科学院院校里昂（INSA）,0.775,0.5870000000000001,0.344,0.42700000000000005,0.69,0.094,0.38,0.17800000000000002,0.391,0.797,1,Cl1
qs_2026_top500_all10_406,qs_2026_top500_all10,406,林肯大学,0.996,0.254,1.0,0.324,0.626,0.133,0.107,0.451,0.62,0.991,1,Cl1
qs_2026_top500_all10_407,qs_2026_top500_all10,407,都灵大学（UNITO）,0.10099999999999999,0.9,0.052000000000000005,0.051,0.425,0.48100000000000004,0.14300000000000002,0.614,0.787,0.16,1,Cl1
qs_2026_top500_all10_408,qs_2026_top500_all10,408,意大利天主教圣心大学,0.139,0.7240000000000001,0.171,0.287,0.40299999999999997,0.331,0.431,0.42700000000000005,0.62,0.19899999999999998,1,Cl1
qs_2026_top500_all10_409,qs_2026_top500_all10,409,奥克兰理工大学,1.0,0.504,1.0,0.13699999999999998,0.332,0.29600000000000004,0.225,0.23399999999999999,0.74,1.0,1,Cl1
qs_2026_top500_all10_410,qs_2026_top500_all10,410,都柏林城市大学,0.43200000000000005,0.78,0.8079999999999999,0.278,0.22,0.292,0.375,0.402,0.797,0.484,1,Cl1
qs_2026_top500_all10_411,qs_2026_top500_all10,411,南昆士兰大学,0.48700000000000004,0.8220000000000001,0.785,0.079,0.9009999999999999,0.11,0.08199999999999999,0.11,0.655,0.52,1,Cl1
qs_2026_top500_all10_412,qs_2026_top500_all10,412,纽约州立大学布法罗分校,0.525,0.741,0.515,0.107,0.53,0.263,0.191,0.43700000000000006,0.8270000000000001,0.57,1,Cl1
qs_2026_top500_all10_413,qs_2026_top500_all10,413,双威大学,0.669,0.614,0.5710000000000001,0.569,0.252,0.209,0.5329999999999999,0.051,0.612,0.687,1,Cl1
qs_2026_top500_all10_414,qs_2026_top500_all10,414,毕尔坎特大学,0.076,0.405,0.616,0.145,0.27699999999999997,0.33799999999999997,0.733,0.27,0.517,0.121,1,Cl1
qs_2026_top500_all10_415,qs_2026_top500_all10,415,捷克技术大学在布拉格,0.56,0.6940000000000001,0.287,0.894,0.062,0.268,0.513,0.231,0.536,0.602,1,Cl1
qs_2026_top500_all10_416,qs_2026_top500_all10,416,曼海姆大学,0.41200000000000003,0.257,0.557,0.046,0.424,0.203,0.763,0.45,0.513,0.466,1,Cl1
qs_2026_top500_all10_417,qs_2026_top500_all10,417,维多利亚州立大学,0.19699999999999998,0.7829999999999999,0.601,0.08900000000000001,0.87,0.214,0.099,0.17,0.502,0.149,1,Cl1
qs_2026_top500_all10_418,qs_2026_top500_all10,418,阿威罗大学,0.248,0.855,0.052000000000000005,0.131,0.9470000000000001,0.18600000000000003,0.155,0.033,0.647,0.309,1,Cl1
qs_2026_top500_all10_419,qs_2026_top500_all10,419,国立台北理工大学,0.317,0.256,0.256,0.28600000000000003,0.588,0.182,0.5760000000000001,0.292,0.589,0.349,1,Cl1
qs_2026_top500_all10_420,qs_2026_top500_all10,420,斯特拉斯堡大学,0.45399999999999996,0.907,0.41700000000000004,0.073,0.315,0.501,0.163,0.298,0.473,0.33899999999999997,1,Cl1
qs_2026_top500_all10_421,qs_2026_top500_all10,421,瓦伦西亚政治大学,0.415,0.858,0.077,0.353,0.312,0.38,0.276,0.22399999999999998,0.795,0.469,1,Cl1
qs_2026_top500_all10_422,qs_2026_top500_all10,422,华盛顿州立大学,0.092,0.779,0.507,0.231,0.42700000000000005,0.287,0.39899999999999997,0.155,0.785,0.15,1,Cl1
qs_2026_top500_all10_423,qs_2026_top500_all10,423,默多克大学,0.825,0.7509999999999999,0.8959999999999999,0.07400000000000001,0.7390000000000001,0.13,0.087,0.249,0.534,0.614,1,Cl1
qs_2026_top500_all10_424,qs_2026_top500_all10,424,帕维亚大学,0.24600000000000002,0.804,0.084,0.135,0.723,0.294,0.129,0.204,0.7490000000000001,0.307,1,Cl1
qs_2026_top500_all10_425,qs_2026_top500_all10,425,坦佩雷大学,0.139,0.84,0.616,0.248,0.47700000000000004,0.292,0.247,0.42100000000000004,0.49200000000000005,0.196,1,Cl1
qs_2026_top500_all10_426,qs_2026_top500_all10,426,格拉茨大学,0.713,0.523,0.866,0.992,0.188,0.21899999999999997,0.221,0.152,0.426,0.531,1,Cl1
qs_2026_top500_all10_427,qs_2026_top500_all10,427,邓迪大学,0.8440000000000001,0.787,0.92,0.44799999999999995,0.20600000000000002,0.255,0.213,0.139,0.7859999999999999,0.858,1,Cl1
qs_2026_top500_all10_428,qs_2026_top500_all10,428,马赛大学,0.29,0.99,0.228,0.11,0.297,0.51,0.159,0.29,0.632,0.217,1,Cl1
qs_2026_top500_all10_429,qs_2026_top500_all10,429,马萨里克大学,0.768,0.7979999999999999,0.345,0.131,0.188,0.32299999999999995,0.373,0.588,0.77,0.79,1,Cl1
qs_2026_top500_all10_430,qs_2026_top500_all10,430,蒙彼利埃大学,0.428,0.9940000000000001,0.29,0.11699999999999999,0.723,0.267,0.049,0.188,0.5529999999999999,0.48,1,Cl1
qs_2026_top500_all10_431,qs_2026_top500_all10,431,瓦伦西亚大学,0.39399999999999996,0.914,0.027000000000000003,0.17300000000000001,0.31,0.49700000000000005,0.172,0.165,0.741,0.44799999999999995,1,Cl1
qs_2026_top500_all10_432,qs_2026_top500_all10,432,汉诺威大学,0.33299999999999996,0.805,0.547,0.19899999999999998,0.337,0.29600000000000004,0.37200000000000005,0.203,0.787,0.391,1,Cl1
qs_2026_top500_all10_433,qs_2026_top500_all10,433,华东师范大学,0.157,0.6920000000000001,0.467,0.20199999999999999,0.821,0.19899999999999998,0.16399999999999998,0.145,0.47700000000000004,0.11900000000000001,1,Cl1
qs_2026_top500_all10_434,qs_2026_top500_all10,434,台湾师范大学,0.396,0.24100000000000002,0.19699999999999998,0.6829999999999999,0.096,0.478,0.282,0.29,0.682,0.426,1,Cl1
qs_2026_top500_all10_435,qs_2026_top500_all10,435,拉曼·鲁尔大学,0.68,0.313,0.804,0.10300000000000001,0.155,0.175,0.725,0.812,0.5670000000000001,0.711,1,Cl1
qs_2026_top500_all10_436,qs_2026_top500_all10,436,王子穆罕默德本法赫德大学,0.29600000000000004,0.32299999999999995,1.0,0.331,0.547,0.225,0.336,0.033,0.374,0.222,1,Cl1
qs_2026_top500_all10_437,qs_2026_top500_all10,437,IE大学,1.0,0.064,0.94,0.47600000000000003,0.038,0.127,0.7040000000000001,0.7040000000000001,0.53,1.0,1,Cl1
qs_2026_top500_all10_438,qs_2026_top500_all10,438,国立中山大学,0.165,0.46399999999999997,0.355,0.35600000000000004,0.38,0.368,0.321,0.147,0.67,0.222,1,Cl1
qs_2026_top500_all10_439,qs_2026_top500_all10,439,阿治曼科技大学,1.0,0.652,1.0,0.157,0.102,0.278,0.513,0.128,0.462,0.997,1,Cl1
qs_2026_top500_all10_440,qs_2026_top500_all10,440,澳门科技大学,1.0,0.239,1.0,0.048,0.795,0.07400000000000001,0.109,0.368,0.52,0.879,1,Cl1
qs_2026_top500_all10_441,qs_2026_top500_all10,441,俄罗斯国家研究型高等经济大学（HSE）,0.24,0.847,0.102,0.92,0.027000000000000003,0.281,0.529,0.19399999999999998,0.5760000000000001,0.301,1,Cl1
qs_2026_top500_all10_442,qs_2026_top500_all10,442,加州大学河滨分校,0.304,0.754,0.809,0.1,0.642,0.214,0.21100000000000002,0.07,0.556,0.363,1,Cl1
qs_2026_top500_all10_443,qs_2026_top500_all10,443,康斯坦茨大学,0.268,0.637,0.915,0.503,0.33399999999999996,0.255,0.187,0.23,0.6990000000000001,0.32799999999999996,1,Cl1
qs_2026_top500_all10_444,qs_2026_top500_all10,444,詹姆斯库克大学（JCU）,0.376,0.838,0.469,0.275,0.603,0.21,0.11,0.11199999999999999,0.8190000000000001,0.43200000000000005,1,Cl1
qs_2026_top500_all10_445,qs_2026_top500_all10,445,维尔纽斯大学,0.285,0.802,0.284,0.731,0.062,0.26899999999999996,0.28,0.9129999999999999,0.703,0.345,1,Cl1
qs_2026_top500_all10_447,qs_2026_top500_all10,447,拜罗伊特大学,0.397,0.823,0.636,0.6459999999999999,0.392,0.141,0.223,0.162,0.6990000000000001,0.451,1,Cl1
qs_2026_top500_all10_448,qs_2026_top500_all10,448,爱荷华州立大学,0.17800000000000002,0.789,0.067,0.10800000000000001,0.61,0.264,0.21600000000000003,0.506,0.65,0.24,1,Cl1
qs_2026_top500_all10_449,qs_2026_top500_all10,449,喀山联邦大学,0.977,0.867,0.14,0.981,0.038,0.272,0.195,0.196,0.5529999999999999,0.978,1,Cl1
qs_2026_top500_all10_450,qs_2026_top500_all10,450,圣保罗州立大学,0.053,0.736,0.07400000000000001,0.201,0.222,0.5329999999999999,0.368,0.016,0.585,0.10099999999999999,1,Cl1
qs_2026_top500_all10_451,qs_2026_top500_all10,451,美因茨大学,0.264,0.875,0.513,0.705,0.18100000000000002,0.325,0.198,0.18100000000000002,0.522,0.324,1,Cl1
qs_2026_top500_all10_452,qs_2026_top500_all10,452,塞浦路斯大学,0.42200000000000004,0.698,0.943,0.10300000000000001,0.623,0.146,0.10800000000000001,0.546,0.529,0.461,1,Cl1
qs_2026_top500_all10_453,qs_2026_top500_all10,453,深圳大学,0.027000000000000003,0.69,0.159,0.401,0.909,0.11900000000000001,0.087,0.26,0.48200000000000004,0.075,1,Cl1
qs_2026_top500_all10_454,qs_2026_top500_all10,454,石溪大学,0.534,0.737,0.474,0.436,0.324,0.242,0.17800000000000002,0.319,0.825,0.579,1,Cl1
qs_2026_top500_all10_455,qs_2026_top500_all10,455,阿米尔卡比尔技术大学,0.057,0.672,0.41700000000000004,0.07400000000000001,1.0,0.085,0.267,0.054000000000000006,0.355,0.045,1,Cl1
qs_2026_top500_all10_456,qs_2026_top500_all10,456,埃克塞斯大学,0.992,0.77,0.9990000000000001,0.171,0.35100000000000003,0.237,0.099,0.247,0.545,0.992,1,Cl1
qs_2026_top500_all10_457,qs_2026_top500_all10,457,加州大学圣克鲁兹分校,0.1,0.622,0.7140000000000001,0.1,0.624,0.247,0.136,0.14300000000000002,0.843,0.157,1,Cl1
qs_2026_top500_all10_458,qs_2026_top500_all10,458,科罗拉多州立大学,0.09,0.825,0.22699999999999998,0.731,0.228,0.252,0.301,0.32299999999999995,0.75,0.147,1,Cl1
qs_2026_top500_all10_459,qs_2026_top500_all10,459,拉普拉塔国立大学,0.41600000000000004,0.541,0.07200000000000001,0.408,0.028999999999999998,0.557,0.308,0.377,0.39399999999999996,0.311,1,Cl1
qs_2026_top500_all10_460,qs_2026_top500_all10,460,伦敦皇家霍洛威大学,0.889,0.73,0.963,0.151,0.41,0.228,0.11800000000000001,0.12300000000000001,0.617,0.899,1,Cl1
qs_2026_top500_all10_461,qs_2026_top500_all10,461,维多利亚大学圣拉斐尔大学,0.113,0.355,0.062,0.893,0.995,0.048,0.031,0.040999999999999995,0.261,0.163,1,Cl1
qs_2026_top500_all10_462,qs_2026_top500_all10,462,新西伯利亚州立大学,0.706,0.557,0.091,0.9359999999999999,0.13,0.28800000000000003,0.311,0.133,0.43799999999999994,0.695,1,Cl1
qs_2026_top500_all10_463,qs_2026_top500_all10,463,约旦科技大学,0.879,0.546,0.667,0.231,0.12300000000000001,0.32,0.478,0.057999999999999996,0.521,0.838,1,Cl1
qs_2026_top500_all10_465,qs_2026_top500_all10,465,堪萨斯大学,0.126,0.875,0.79,0.919,0.136,0.17600000000000002,0.228,0.428,0.622,0.18600000000000003,1,Cl1
qs_2026_top500_all10_466,qs_2026_top500_all10,466,康考迪亚大学,0.9440000000000001,0.7559999999999999,0.64,0.052000000000000005,0.32,0.217,0.18,0.584,0.818,0.948,1,Cl1
qs_2026_top500_all10_467,qs_2026_top500_all10,467,上海大学,0.102,0.625,0.29600000000000004,0.511,0.485,0.298,0.214,0.125,0.429,0.078,1,Cl1
qs_2026_top500_all10_468,qs_2026_top500_all10,468,本·古里安大学,0.23800000000000002,0.634,0.7120000000000001,0.15,0.5870000000000001,0.195,0.26899999999999996,0.245,0.488,0.179,1,Cl1
qs_2026_top500_all10_469,qs_2026_top500_all10,469,拉瓦尔大学,0.5489999999999999,0.7879999999999999,0.574,0.33299999999999996,0.298,0.253,0.113,0.499,0.816,0.5920000000000001,1,Cl1
qs_2026_top500_all10_470,qs_2026_top500_all10,470,塞维利亚大学,0.258,0.9079999999999999,0.051,0.23399999999999999,0.151,0.527,0.20600000000000002,0.221,0.6609999999999999,0.319,1,Cl1
qs_2026_top500_all10_471,qs_2026_top500_all10,471,塔什干灌溉和农业机械化工程师学院(TIIAME),0.16699999999999998,0.18600000000000003,0.44299999999999995,0.871,0.042,0.35600000000000004,0.46,0.248,0.469,0.185,1,Cl1
qs_2026_top500_all10_472,qs_2026_top500_all10,472,釜山国立大学,0.271,0.575,0.19899999999999998,0.5760000000000001,0.36700000000000005,0.28600000000000003,0.20199999999999999,0.18899999999999997,0.736,0.332,1,Cl1
qs_2026_top500_all10_473,qs_2026_top500_all10,473,吉林大学,0.022000000000000002,0.653,0.156,0.358,0.539,0.162,0.473,0.33,0.485,0.019,1,Cl1
qs_2026_top500_all10_474,qs_2026_top500_all10,474,林茨大学,0.575,0.5660000000000001,0.899,0.8,0.252,0.175,0.149,0.153,0.61,0.616,1,Cl1
qs_2026_top500_all10_475,qs_2026_top500_all10,475,提契诺大学,1.0,0.42700000000000005,1.0,0.703,0.434,0.09300000000000001,0.094,0.022000000000000002,0.48200000000000004,1.0,1,Cl1
qs_2026_top500_all10_476,qs_2026_top500_all10,476,波茨坦大学,0.349,0.9259999999999999,0.609,0.284,0.537,0.223,0.05,0.042,0.753,0.406,1,Cl1
qs_2026_top500_all10_477,qs_2026_top500_all10,477,物理莫斯科与技术研究所州立大学,0.5479999999999999,0.47100000000000003,0.386,0.953,0.18100000000000002,0.203,0.341,0.38,0.21899999999999997,0.556,1,Cl1
qs_2026_top500_all10_478,qs_2026_top500_all10,478,中央大学,0.624,0.313,0.19699999999999998,0.792,0.16699999999999998,0.249,0.376,0.17300000000000001,0.6890000000000001,0.6609999999999999,1,Cl1
qs_2026_top500_all10_479,qs_2026_top500_all10,479,北京科技大学,0.051,0.591,0.042,0.139,0.992,0.16399999999999998,0.146,0.085,0.41600000000000004,0.04,1,Cl1
qs_2026_top500_all10_480,qs_2026_top500_all10,480,广岛大学,0.22699999999999998,0.703,0.192,0.7979999999999999,0.172,0.34600000000000003,0.171,0.124,0.732,0.171,1,Cl1
qs_2026_top500_all10_481,qs_2026_top500_all10,481,大连理工大学,0.053,0.598,0.154,0.23399999999999999,0.9570000000000001,0.114,0.11,0.218,0.46799999999999997,0.042,1,Cl1
qs_2026_top500_all10_482,qs_2026_top500_all10,482,神户大学,0.107,0.5329999999999999,0.11199999999999999,0.45,0.19399999999999998,0.369,0.39,0.27,0.733,0.159,1,Cl1
qs_2026_top500_all10_483,qs_2026_top500_all10,483,维新大学,0.021,0.877,0.434,0.063,0.76,0.13699999999999998,0.27699999999999997,0.064,0.5870000000000001,0.063,1,Cl1
qs_2026_top500_all10_484,qs_2026_top500_all10,484,特伦托大学,0.113,0.856,0.32299999999999995,0.32899999999999996,0.4,0.348,0.18600000000000003,0.071,0.518,0.172,1,Cl1
qs_2026_top500_all10_485,qs_2026_top500_all10,485,亚里士多德大学,0.081,0.909,0.021,0.064,0.284,0.382,0.359,0.483,0.664,0.138,1,Cl1
qs_2026_top500_all10_486,qs_2026_top500_all10,486,埃迪斯科文大学,0.8240000000000001,0.638,0.9640000000000001,0.06,0.604,0.13699999999999998,0.131,0.07400000000000001,0.51,0.84,1,Cl1
qs_2026_top500_all10_487,qs_2026_top500_all10,487,弗雷伯格大学技术大学,1.0,0.35100000000000003,0.597,0.10099999999999999,0.909,0.07400000000000001,0.064,0.013999999999999999,0.32899999999999996,1.0,1,Cl1
qs_2026_top500_all10_488,qs_2026_top500_all10,488,华沙工业大学,0.17600000000000002,0.638,0.034,0.557,0.095,0.284,0.7240000000000001,0.159,0.384,0.237,1,Cl1
qs_2026_top500_all10_489,qs_2026_top500_all10,489,智利圣地亚哥大学,0.038,0.539,0.106,0.114,0.078,0.504,0.599,0.175,0.537,0.08,1,Cl1
qs_2026_top500_all10_490,qs_2026_top500_all10,490,达曼大学,0.348,0.7390000000000001,0.992,0.9490000000000001,0.055999999999999994,0.16899999999999998,0.314,0.028999999999999998,0.5529999999999999,0.354,1,Cl1
qs_2026_top500_all10_491,qs_2026_top500_all10,491,马来西亚北方大学,0.8690000000000001,0.424,0.256,0.48,0.127,0.312,0.392,0.16399999999999998,0.495,0.84,1,Cl1
qs_2026_top500_all10_492,qs_2026_top500_all10,492,中南大学,0.07,0.738,0.09,0.073,1.0,0.121,0.102,0.23199999999999998,0.42700000000000005,0.054000000000000006,1,Cl1
qs_2026_top500_all10_493,qs_2026_top500_all10,493,波尔多大学,0.35200000000000004,0.935,0.317,0.135,0.281,0.43200000000000005,0.1,0.253,0.565,0.409,1,Cl1
qs_2026_top500_all10_494,qs_2026_top500_all10,494,堪培拉大学,0.831,0.667,0.828,0.034,0.508,0.182,0.11900000000000001,0.109,0.732,0.846,1,Cl1
qs_2026_top500_all10_495,qs_2026_top500_all10,495,吉森大学,0.289,0.807,0.193,0.027000000000000003,0.856,0.154,0.096,0.17,0.534,0.217,1,Cl1
qs_2026_top500_all10_496,qs_2026_top500_all10,496,科学技术大学伊朗,0.086,0.644,0.07,0.043,0.9990000000000001,0.11800000000000001,0.243,0.094,0.273,0.113,1,Cl1
qs_2026_top500_all10_497,qs_2026_top500_all10,497,于韦斯屈莱大学,0.063,0.843,0.511,0.878,0.20800000000000002,0.23399999999999999,0.13699999999999998,0.139,0.706,0.11800000000000001,1,Cl1
qs_2026_top500_all10_498,qs_2026_top500_all10,498,哥斯达黎加大学,0.034,0.461,0.03,0.444,0.025,0.46399999999999997,0.316,0.861,0.537,0.027999999999999997,1,Cl1
qs_2026_top500_all10_499,qs_2026_top500_all10,499,托木斯克州立大学,0.9470000000000001,0.664,0.28,0.993,0.07,0.253,0.2,0.071,0.306,0.932,1,Cl1
qs_2026_top500_all10_500,qs_2026_top500_all10,500,西北工业大学,0.10099999999999999,0.5760000000000001,0.255,0.523,0.826,0.095,0.099,0.115,0.39,0.078,1,Cl1
